Applicant_ID,Age,Education_Level,Employment_Duration_Years,Annual_Income,Owns_Home,Savings_Balance,Checking_Balance,Existing_Loans_Count,Credit_Card_Utilization,Loan_Amount,Loan_Duration_Months,Debt_to_Income_Ratio,Payment_History_Delay,Credit_Score,Credit_Status
ID_1001,44,High School,1.9,28663.9,0,1897.88,2145.84,0,0.124,1000.0,24,0.018,0,657,1
ID_1002,37,High School,1.0,28031.95,0,5134.83,1363.28,1,0.379,49926.56,60,0.374,1,513,0
ID_1003,46,Bachelor,9.8,17905.55,0,2026.51,1423.1,1,0.32,47091.16,60,0.552,2,474,0
ID_1004,57,High School,2.6,81533.34,1,21789.55,5205.01,1,0.32,52622.9,24,0.339,2,580,0
ID_1005,36,High School,2.5,81947.06,0,19619.55,6203.57,0,0.306,39333.35,48,0.126,0,652,1
ID_1006,36,Bachelor,0.9,82600.84,1,14615.83,4169.81,0,0.511,7913.58,12,0.101,2,560,0
ID_1007,57,Bachelor,2.4,63158.01,0,3936.93,8038.22,2,0.341,7626.27,12,0.127,2,531,0
ID_1008,48,Master,10.3,18647.0,0,0.0,2115.84,0,0.385,5371.68,36,0.101,1,570,0
ID_1009,33,Bachelor,2.3,32423.69,0,11139.63,4675.48,0,0.308,26446.65,24,0.428,0,591,0
ID_1010,45,High School,15.1,58994.98,0,17685.75,4531.08,0,0.366,12380.92,60,0.044,0,688,0
ID_1011,33,High School,14.6,57974.53,0,7597.72,2451.92,1,0.096,40462.05,36,0.244,1,616,0
ID_1012,33,PhD,0.8,48466.39,0,1123.62,0.0,2,0.057,14707.54,48,0.08,0,608,1
ID_1013,41,Bachelor,1.0,65150.72,0,10446.67,6605.71,0,0.552,19135.54,24,0.154,0,604,0
ID_1014,18,Bachelor,0.0,54492.91,0,4065.31,0.0,1,0.382,29758.19,60,0.115,1,518,0
ID_1015,18,High School,0.0,57548.61,1,16357.29,2063.13,2,0.235,16394.06,24,0.15,1,580,0
ID_1016,32,Bachelor,0.0,39358.5,0,8458.61,1272.28,1,0.586,8654.07,36,0.077,1,518,0
ID_1017,26,High School,1.6,88521.92,0,0.0,8881.33,0,0.345,1000.0,36,0.004,1,566,1
ID_1018,42,Bachelor,4.6,43678.63,0,7798.1,1659.02,4,0.29,41754.17,12,1.004,2,386,0
ID_1019,28,Master,8.0,27852.43,0,3042.83,2396.85,0,0.324,8418.86,60,0.063,0,622,1
ID_1020,22,PhD,0.7,36845.93,0,5812.0,3289.73,0,0.364,18101.82,36,0.172,0,589,0
ID_1021,56,Bachelor,0.6,45513.62,0,10916.88,2066.27,2,0.596,18322.06,48,0.106,1,535,0
ID_1022,36,Bachelor,12.8,89054.28,0,16515.17,7593.22,0,0.17,1000.0,36,0.004,1,668,1
ID_1023,39,Master,7.0,53043.41,1,10018.81,5461.95,2,0.159,30163.67,12,0.597,0,623,1
ID_1024,21,Bachelor,3.0,49361.49,1,0.0,2676.93,0,0.174,50289.92,60,0.214,0,629,0
ID_1025,32,High School,7.3,29017.9,0,4766.55,2830.62,2,0.083,42272.38,36,0.51,1,538,0
ID_1026,40,Bachelor,2.8,80237.1,0,5970.29,0.0,1,0.22,18229.85,24,0.119,0,629,1
ID_1027,25,High School,7.0,39105.72,0,0.0,3826.61,1,0.236,43982.23,12,1.181,3,333,0
ID_1028,43,Bachelor,2.3,51533.43,0,10155.41,3792.45,1,0.09,1000.0,24,0.01,0,675,0
ID_1029,31,Bachelor,1.4,113560.56,0,13516.43,5721.21,0,0.724,39979.11,36,0.123,1,536,0
ID_1030,35,Bachelor,6.5,69869.3,0,19077.6,2532.14,0,0.514,11840.94,24,0.089,2,537,0
ID_1031,31,Bachelor,2.7,24001.53,0,7548.3,4167.29,1,0.563,42425.75,36,0.619,0,505,0
ID_1032,61,High School,19.9,22364.83,0,6026.7,0.0,2,0.059,25640.87,48,0.301,2,579,0
ID_1033,38,Bachelor,2.1,52462.02,0,7191.56,3107.05,1,0.608,3325.07,60,0.013,0,585,0
ID_1034,26,Master,8.0,29543.81,0,8879.96,4118.55,2,0.694,29448.69,48,0.262,2,435,0
ID_1035,48,Bachelor,13.5,74927.28,0,13349.9,5671.68,2,0.29,25017.11,24,0.175,2,564,0
ID_1036,24,High School,1.4,55333.38,0,6620.94,0.0,1,0.503,29289.41,36,0.185,0,553,1
ID_1037,41,Master,8.0,58846.78,1,0.0,6833.48,2,0.105,10563.76,36,0.063,2,582,0
ID_1038,18,Master,0.0,38048.94,1,7468.75,2262.61,0,0.357,3919.26,60,0.022,1,593,1
ID_1039,23,High School,5.0,129403.64,1,28358.47,10068.43,1,0.197,36045.12,36,0.097,0,697,1
ID_1040,41,High School,3.0,224425.0,1,0.0,12302.28,1,0.102,23791.69,36,0.037,3,565,0
ID_1041,47,Bachelor,6.8,47132.01,1,10864.09,2051.67,0,0.188,35307.98,24,0.393,0,677,1
ID_1042,41,Master,3.1,64635.54,1,0.0,6319.25,2,0.241,34981.95,36,0.189,2,535,0
ID_1043,37,PhD,1.3,56880.55,0,3914.16,5538.47,0,0.134,37743.11,36,0.232,1,594,0
ID_1044,35,Master,1.1,47579.47,0,8373.95,5343.09,0,0.245,54133.1,36,0.398,0,606,0
ID_1045,21,Bachelor,2.8,35737.82,0,10055.22,0.0,0,0.698,28586.55,60,0.168,3,405,0
ID_1046,30,Bachelor,7.0,31492.86,0,8611.74,3071.57,1,0.123,7050.68,60,0.047,1,608,0
ID_1047,33,High School,4.6,30705.63,0,4715.7,2178.78,0,0.231,11073.63,60,0.076,0,637,0
ID_1048,51,High School,5.8,66344.76,0,15646.81,4626.97,1,0.25,19777.21,60,0.063,1,627,1
ID_1049,43,Bachelor,1.7,41779.57,0,3003.03,0.0,1,0.145,28802.82,36,0.241,0,611,1
ID_1050,18,Bachelor,0.0,15000.0,0,5119.71,1783.32,1,0.469,49821.4,36,1.162,2,329,0
ID_1051,42,Bachelor,0.2,67672.09,0,15207.41,1605.07,1,0.461,22471.37,36,0.116,1,559,0
ID_1052,34,Bachelor,8.5,53149.79,0,15786.66,6577.14,0,0.418,55229.55,12,1.091,0,524,0
ID_1053,30,High School,12.0,106227.31,0,25659.21,10537.0,0,0.535,56819.77,60,0.112,0,646,1
ID_1054,46,Bachelor,2.6,65287.85,1,13015.52,6834.21,2,0.274,32749.86,12,0.527,0,619,1
ID_1055,51,High School,0.1,25865.45,0,9392.71,2797.63,1,0.106,36339.4,24,0.738,2,488,0
ID_1056,50,Bachelor,0.9,17768.13,1,3970.27,1719.9,1,0.644,16731.79,12,0.989,1,443,0
ID_1057,28,Bachelor,5.3,37807.54,1,0.0,2371.85,0,0.705,55249.67,12,1.534,2,312,0
ID_1058,35,Bachelor,4.7,39634.15,0,9976.42,2202.42,0,0.146,13530.41,12,0.358,1,585,1
ID_1059,42,PhD,7.8,86818.9,0,6097.72,5962.62,3,0.089,46635.45,36,0.188,1,595,0
ID_1060,50,High School,1.5,53936.6,0,5458.65,2046.82,2,0.259,6415.79,60,0.025,0,630,1
ID_1061,33,Bachelor,7.2,95496.44,0,10390.55,6166.49,0,0.317,36522.7,48,0.1,1,611,1
ID_1062,36,High School,5.8,27933.54,0,0.0,1719.65,1,0.432,45058.81,36,0.565,4,335,0
ID_1063,25,Bachelor,1.9,87783.79,0,9331.92,6026.66,1,0.371,41351.57,48,0.124,3,470,0
ID_1064,24,Master,3.9,77690.99,1,7912.35,5370.95,0,0.544,16593.96,36,0.075,0,634,1
ID_1065,48,Bachelor,0.8,19749.49,1,0.0,2003.68,1,0.601,20147.45,60,0.214,5,340,0
ID_1066,55,Master,3.0,104957.3,0,3278.07,0.0,1,0.282,52687.18,36,0.176,1,584,0
ID_1067,38,High School,10.7,56768.07,0,7335.38,3325.59,3,0.268,15895.44,12,0.294,0,596,0
ID_1068,51,Master,2.7,65908.47,1,15602.2,4584.96,2,0.182,16510.92,48,0.066,1,649,1
ID_1069,43,High School,9.1,35156.05,1,10682.99,0.0,2,0.144,52080.81,60,0.311,1,608,1
ID_1070,31,Master,4.5,102500.56,0,25535.24,6336.34,1,0.171,23872.07,24,0.122,0,664,1
ID_1071,43,High School,1.1,29943.69,0,7387.88,4013.65,0,0.539,24006.8,36,0.281,1,532,0
ID_1072,57,High School,4.4,82128.96,0,16645.58,3886.87,0,0.38,58097.48,36,0.248,4,472,0
ID_1073,38,Bachelor,3.5,81658.71,0,7143.46,8107.06,1,0.193,13384.68,36,0.057,0,657,1
ID_1074,57,Master,2.5,33286.8,1,0.0,2893.74,2,0.435,11834.46,60,0.075,2,524,0
ID_1075,18,High School,0.0,146047.44,0,0.0,3457.29,2,0.175,28226.09,36,0.068,0,587,0
ID_1076,48,Bachelor,2.7,60825.49,0,13445.59,4989.72,1,0.185,25583.39,36,0.147,1,613,0
ID_1077,40,Master,0.4,75127.83,1,0.0,7276.66,0,0.31,10989.12,24,0.077,2,562,1
ID_1078,35,Bachelor,0.5,25246.42,0,4669.43,3581.07,0,0.1,39508.55,60,0.329,0,618,0
ID_1079,40,High School,2.7,156195.7,0,9872.35,15666.05,1,0.594,25275.04,36,0.057,0,614,0
ID_1080,18,Bachelor,0.0,29369.78,0,7346.57,3748.48,0,0.057,26168.47,36,0.312,2,522,0
ID_1081,36,Bachelor,13.0,90440.12,1,0.0,2375.51,2,0.302,24926.69,36,0.096,2,555,1
ID_1082,43,Master,2.4,32945.64,0,9581.27,2249.2,0,0.42,6171.02,24,0.098,4,441,0
ID_1083,56,Bachelor,7.1,39755.58,0,10846.74,4021.04,4,0.344,10291.95,36,0.091,4,427,0
ID_1084,32,Bachelor,3.8,80368.45,0,8863.15,2599.53,0,0.066,1000.0,36,0.004,0,687,1
ID_1085,29,PhD,6.1,90560.77,1,0.0,6806.36,0,0.353,45500.78,24,0.264,1,582,0
ID_1086,32,Bachelor,1.5,28691.55,0,4449.34,3332.81,1,0.193,25030.74,24,0.458,3,438,0
ID_1087,49,High School,14.2,93455.07,0,6602.23,7553.2,2,0.216,42905.91,60,0.096,2,584,0
ID_1088,42,High School,3.8,91353.35,1,0.0,5082.54,0,0.444,16895.81,36,0.065,1,600,1
ID_1089,32,Bachelor,8.9,33895.02,0,6601.87,2327.39,2,0.095,45666.17,36,0.472,2,504,0
ID_1090,45,High School,2.3,120490.21,0,31626.15,2774.78,0,0.224,1000.0,36,0.003,0,697,1
ID_1091,40,Master,0.5,26149.13,1,6477.51,3762.08,2,0.354,42496.95,60,0.341,0,594,0
ID_1092,50,Bachelor,5.6,39640.78,0,9959.14,4747.83,0,0.28,23595.79,24,0.313,2,549,0
ID_1093,30,High School,0.0,68837.32,1,2828.8,5165.15,1,0.217,1000.0,36,0.005,2,571,0
ID_1094,35,Bachelor,3.2,35355.77,1,6764.35,1226.98,0,0.17,1000.0,36,0.01,0,691,1
ID_1095,34,Bachelor,1.1,61815.51,0,10835.34,5039.83,0,0.136,34030.7,60,0.116,0,661,1
ID_1096,21,Master,3.0,61116.55,1,5856.12,4229.06,0,0.312,42814.3,36,0.245,2,545,0
ID_1097,42,Master,19.4,49338.64,0,0.0,2523.41,0,0.583,26115.42,24,0.278,3,456,0
ID_1098,42,Bachelor,3.1,82141.63,0,19175.15,9317.65,1,0.258,35856.22,24,0.229,1,598,0
ID_1099,39,Bachelor,8.5,48330.57,0,8213.8,5632.76,1,0.331,33035.17,12,0.718,2,473,0
ID_1100,36,Bachelor,3.5,60825.87,0,14114.01,4930.48,0,0.059,25999.1,48,0.112,0,684,1
ID_1101,22,Bachelor,3.4,96108.78,0,0.0,6187.16,4,0.004,42266.28,36,0.154,1,537,0
ID_1102,33,High School,13.3,80446.13,1,0.0,8377.55,3,0.114,1000.0,12,0.013,0,670,1
ID_1103,34,High School,11.0,80258.56,0,3865.98,6365.21,2,0.373,26772.15,12,0.35,0,585,0
ID_1104,29,Bachelor,7.7,30497.81,1,4943.64,3539.02,1,0.148,37289.75,60,0.257,1,608,1
ID_1105,37,High School,1.8,70431.53,0,14320.83,5159.27,0,0.153,16971.23,60,0.051,0,677,1
ID_1106,43,High School,3.9,34917.75,0,6499.23,2562.86,0,0.129,29604.13,36,0.297,1,597,1
ID_1107,61,Bachelor,1.3,28546.58,0,5828.42,1991.43,0,0.41,3813.1,36,0.047,3,505,0
ID_1108,41,High School,2.9,52268.38,1,7701.0,1934.84,1,0.325,26360.21,36,0.177,2,557,0
ID_1109,42,Bachelor,3.3,34470.27,1,7606.42,1523.83,1,0.402,12022.43,36,0.122,2,548,0
ID_1110,38,Bachelor,8.9,80443.38,0,20461.06,6713.53,1,0.661,15690.87,36,0.068,0,610,1
ID_1111,18,PhD,0.0,81411.17,0,23722.1,3004.16,1,0.274,35291.55,36,0.152,2,520,0
ID_1112,38,Bachelor,2.7,20924.73,0,9351.73,1728.84,0,0.474,1000.0,24,0.025,1,565,0
ID_1113,39,High School,0.1,35805.21,0,0.0,0.0,1,0.401,5365.65,12,0.157,1,509,0
ID_1114,68,Bachelor,9.9,26110.86,1,6783.78,0.0,0,0.398,38047.1,24,0.765,3,479,0
ID_1115,36,Master,1.0,42988.39,1,7488.94,1784.67,1,0.275,22176.96,12,0.542,4,417,0
ID_1116,42,PhD,4.9,68022.09,0,5449.22,3895.3,0,0.827,11776.13,36,0.061,1,530,0
ID_1117,38,Bachelor,0.1,47995.18,0,6792.65,2468.14,0,0.469,33108.79,36,0.241,0,586,0
ID_1118,24,High School,2.6,40340.87,1,0.0,2420.65,2,0.415,5067.87,24,0.066,0,581,0
ID_1119,52,Master,21.3,103786.2,1,23574.33,9103.58,0,0.226,4487.03,36,0.015,0,787,1
ID_1120,48,High School,0.5,17112.62,1,3366.92,3042.39,1,0.3,21256.1,36,0.435,3,468,0
ID_1121,48,Bachelor,2.8,100552.57,1,0.0,7656.8,2,0.538,22507.95,24,0.118,4,423,0
ID_1122,28,Bachelor,1.8,41268.54,0,2605.5,4806.32,0,0.348,11631.02,24,0.148,1,554,0
ID_1123,55,High School,11.8,52101.32,0,6370.58,5161.26,0,0.37,20251.18,36,0.136,0,667,0
ID_1124,22,High School,4.0,41619.26,0,9054.3,2333.56,0,0.29,48997.78,24,0.618,1,515,0
ID_1125,46,High School,1.4,117177.37,0,15130.68,13365.5,0,0.378,24348.75,36,0.073,1,618,0
ID_1126,65,Bachelor,0.4,29275.63,1,11683.07,2616.5,0,0.281,4298.04,24,0.077,2,613,0
ID_1127,27,Master,4.9,54495.22,0,2007.98,4185.42,1,0.475,25438.32,60,0.098,1,533,0
ID_1128,32,High School,2.1,70524.77,0,14215.53,5174.64,0,0.338,1000.0,12,0.015,3,513,0
ID_1129,40,Master,5.6,24209.46,0,5120.06,3001.7,1,0.237,54016.06,36,0.781,6,300,0
ID_1130,32,High School,0.2,34202.39,0,11981.54,3864.84,0,0.483,3640.97,48,0.028,1,562,0
ID_1131,20,Bachelor,0.7,50307.56,0,11844.73,2428.21,2,0.243,28715.31,48,0.15,0,588,0
ID_1132,39,High School,5.8,34775.47,0,0.0,2423.29,1,0.364,27919.01,24,0.421,2,460,0
ID_1133,26,Master,1.2,36033.49,1,0.0,1224.69,0,0.266,10946.83,24,0.159,2,527,0
ID_1134,44,Bachelor,9.7,45481.85,0,6763.55,2587.01,2,0.169,48389.17,36,0.372,1,571,1
ID_1135,27,Bachelor,0.3,74966.05,0,4391.83,6914.83,0,0.282,62037.14,36,0.29,0,602,1
ID_1136,57,Master,1.2,45644.62,0,8065.78,1541.44,0,0.177,11534.33,48,0.066,2,586,1
ID_1137,29,Bachelor,11.0,92893.88,0,6780.72,0.0,0,0.432,37802.09,36,0.142,1,576,0
ID_1138,35,PhD,2.8,32896.49,0,5905.98,2596.23,1,0.141,7222.78,48,0.058,0,639,0
ID_1139,48,Bachelor,6.1,28970.66,0,10199.28,2390.11,0,0.324,48784.77,36,0.589,3,457,0
ID_1140,24,Master,1.0,141941.84,0,29271.22,6812.15,0,0.359,47766.82,36,0.118,0,640,1
ID_1141,41,Bachelor,4.7,38988.46,0,0.0,1813.98,1,0.564,43169.25,36,0.388,2,434,1
ID_1142,54,High School,6.5,28128.65,0,0.0,0.0,4,0.152,1000.0,48,0.009,0,595,0
ID_1143,19,Bachelor,1.0,22673.97,0,3863.91,1678.61,1,0.044,15233.73,24,0.353,1,539,0
ID_1144,41,High School,8.8,92739.68,1,0.0,5424.1,0,0.448,15486.64,24,0.088,0,654,0
ID_1145,42,Bachelor,4.6,45676.89,0,4340.05,1919.02,3,0.427,14273.96,60,0.066,1,533,0
ID_1146,48,Bachelor,2.5,47721.87,0,8165.67,3380.47,0,0.076,48913.76,48,0.269,3,528,0
ID_1147,24,Bachelor,4.1,50031.05,0,10722.61,1797.62,0,0.352,1000.0,48,0.005,1,585,0
ID_1148,23,High School,4.3,89901.64,1,0.0,8181.48,2,0.056,32015.08,12,0.374,2,527,0
ID_1149,45,High School,0.9,49525.11,0,5849.98,5227.23,1,0.458,38395.49,36,0.271,1,537,0
ID_1150,42,Bachelor,2.6,174910.01,1,19732.44,10673.51,0,0.262,12357.01,36,0.025,1,682,1
ID_1151,42,PhD,2.1,57923.61,0,0.0,5832.24,1,0.576,34087.98,48,0.154,2,465,0
ID_1152,43,Bachelor,2.6,92124.15,1,0.0,2690.72,2,0.27,32950.14,36,0.125,0,629,0
ID_1153,30,Bachelor,7.2,81033.66,0,9450.82,5210.11,0,0.061,20108.95,36,0.087,1,643,0
ID_1154,41,Bachelor,3.3,53198.01,1,9243.25,5724.65,0,0.334,44562.19,24,0.44,1,593,1
ID_1155,42,Bachelor,14.1,40397.15,1,0.0,0.0,0,0.021,15223.65,60,0.079,1,666,1
ID_1156,30,High School,1.7,63958.0,0,15795.88,3290.06,1,0.214,44605.76,60,0.146,0,630,1
ID_1157,61,Bachelor,2.7,69915.97,1,10091.89,5935.96,1,0.374,27373.48,36,0.137,0,681,1
ID_1158,44,High School,7.7,40688.75,0,10695.37,2987.41,0,0.07,19390.5,36,0.167,0,685,1
ID_1159,24,PhD,3.9,58874.86,0,5048.41,3756.73,1,0.326,20971.0,36,0.125,0,600,0
ID_1160,46,High School,4.0,100519.04,0,23661.37,6424.26,1,0.181,1000.0,24,0.005,0,692,0
ID_1161,27,Bachelor,0.3,152508.23,1,0.0,0.0,0,0.528,18482.24,36,0.042,3,469,0
ID_1162,48,High School,2.5,83048.88,0,6330.04,1957.43,1,0.448,4801.36,24,0.03,0,623,1
ID_1163,52,High School,1.6,137500.09,1,8156.89,2650.13,1,0.141,29765.63,36,0.076,0,712,1
ID_1164,29,Bachelor,11.0,39549.68,0,0.0,0.0,0,0.137,41209.42,36,0.365,2,510,0
ID_1165,50,High School,1.8,76952.31,0,14472.79,2308.21,2,0.346,33225.67,36,0.151,1,574,0
ID_1166,43,High School,10.8,105795.13,1,29482.94,10149.2,0,0.5,12165.07,24,0.06,0,707,1
ID_1167,48,Bachelor,5.6,34607.76,0,9479.75,3873.96,0,0.718,20223.72,48,0.153,3,452,0
ID_1168,61,High School,2.1,42497.69,1,0.0,0.0,1,0.263,29980.1,12,0.741,3,438,0
ID_1169,36,High School,3.9,129178.75,0,21449.51,11396.41,1,0.17,30930.61,36,0.084,0,677,1
ID_1170,29,Master,9.2,33271.3,0,5890.59,2013.53,4,0.205,54468.44,60,0.344,1,513,0
ID_1171,28,Bachelor,10.0,27706.85,0,6658.44,1406.03,0,0.167,36220.17,48,0.343,0,623,1
ID_1172,29,Master,0.9,116307.26,0,22950.16,7477.93,0,0.149,27664.67,60,0.05,1,635,0
ID_1173,38,Master,2.1,98556.14,0,14767.42,0.0,1,0.391,26875.82,24,0.143,3,475,0
ID_1174,43,Bachelor,2.0,67242.46,0,15028.73,2790.6,2,0.302,18736.35,48,0.073,2,536,0
ID_1175,42,High School,0.2,52952.19,0,0.0,3164.12,0,0.264,25002.85,36,0.165,2,517,0
ID_1176,48,Bachelor,4.6,43509.64,0,2293.04,790.58,1,0.213,37907.35,36,0.305,1,563,0
ID_1177,39,Master,9.6,62378.41,0,0.0,2550.44,0,0.488,12277.68,36,0.069,1,561,0
ID_1178,56,Bachelor,2.4,119360.48,0,24337.42,4866.07,0,0.061,32386.63,24,0.142,0,717,1
ID_1179,35,Bachelor,6.7,61039.9,1,15329.89,4402.87,0,0.233,23040.58,36,0.132,2,608,0
ID_1180,71,High School,4.9,160088.11,1,0.0,4455.23,3,0.302,55920.1,36,0.122,1,615,0
ID_1181,46,Master,2.4,34579.94,1,9236.82,466.44,0,0.505,30314.91,24,0.46,1,554,1
ID_1182,28,Bachelor,0.8,53645.86,0,5610.25,3668.25,0,0.126,30898.87,36,0.202,1,588,0
ID_1183,26,PhD,6.2,44957.4,1,9371.89,5521.21,0,0.219,9589.11,24,0.112,0,682,1
ID_1184,44,High School,9.6,31490.12,0,0.0,2581.99,2,0.188,51357.64,36,0.571,2,468,0
ID_1185,36,High School,5.8,50184.33,0,14549.85,2353.73,1,0.284,34125.5,12,0.714,3,428,0
ID_1186,47,High School,0.1,66747.0,0,10047.46,4915.82,3,0.274,49556.57,36,0.26,1,546,0
ID_1187,44,Bachelor,1.2,70411.73,0,11845.51,5504.44,0,0.428,21687.82,12,0.323,4,428,0
ID_1188,38,High School,0.4,160367.94,1,11009.82,8327.84,0,0.31,24970.47,24,0.082,0,693,1
ID_1189,28,High School,4.2,68338.85,0,12814.71,1584.91,0,0.268,1000.0,24,0.008,0,653,0
ID_1190,20,PhD,2.0,96285.06,0,24898.99,3232.32,1,0.248,58206.51,48,0.159,0,623,0
ID_1191,33,High School,0.6,55996.65,0,7598.59,0.0,0,0.207,31649.14,36,0.198,2,531,0
ID_1192,49,Master,9.1,125370.4,0,30008.7,7006.06,1,0.585,58402.82,36,0.163,1,590,1
ID_1193,41,Bachelor,4.1,179732.45,1,43680.43,1633.95,0,0.466,18713.91,24,0.055,0,696,1
ID_1194,24,Master,5.9,70653.47,0,6093.81,3975.76,1,0.248,33493.25,36,0.166,1,572,0
ID_1195,41,Bachelor,17.8,32980.46,1,11077.24,2793.69,0,0.281,42869.79,24,0.682,2,556,1
ID_1196,43,Master,0.4,41175.45,0,5441.3,2030.35,1,0.058,30936.77,60,0.158,1,599,0
ID_1197,28,Master,10.0,62377.95,0,0.0,5479.71,1,0.278,19010.06,36,0.107,0,609,0
ID_1198,40,High School,0.7,68067.08,0,13548.0,2943.77,0,0.13,16456.59,60,0.051,0,677,0
ID_1199,39,High School,2.5,76819.41,1,17684.32,8731.13,2,0.167,18753.91,24,0.128,0,681,1
ID_1200,25,High School,7.0,68193.11,0,11257.56,7091.86,1,0.069,73067.22,36,0.375,0,633,1
ID_1201,43,Bachelor,11.8,54365.9,0,1190.94,0.0,0,0.091,13813.07,36,0.089,3,538,1
ID_1202,45,Master,3.5,39414.96,0,12656.92,4998.97,1,0.348,1000.0,48,0.007,2,553,0
ID_1203,51,Bachelor,4.5,66208.83,0,16192.82,3237.51,0,0.066,25670.27,36,0.136,0,701,1
ID_1204,51,Bachelor,6.2,136966.78,1,13802.05,10915.54,1,0.419,25443.7,12,0.195,1,635,0
ID_1205,22,High School,4.0,90216.2,0,15228.68,4134.8,0,0.209,19332.68,24,0.113,0,651,0
ID_1206,27,Master,0.6,70781.43,0,1386.96,7154.73,0,0.254,13826.19,24,0.103,0,618,1
ID_1207,45,PhD,8.3,90652.02,1,10498.31,5127.46,2,0.489,20070.34,36,0.077,1,609,0
ID_1208,45,High School,3.3,45002.26,0,0.0,3413.03,0,0.387,1245.64,12,0.029,0,614,0
ID_1209,45,Bachelor,3.0,42018.59,0,10306.14,5892.11,0,0.134,57013.12,12,1.425,1,473,0
ID_1210,75,High School,2.8,37276.09,1,0.0,2151.13,1,0.073,29410.22,36,0.276,0,682,0
ID_1211,45,Bachelor,3.6,50886.69,1,12891.11,0.0,1,0.078,27121.85,48,0.14,1,649,0
ID_1212,52,Bachelor,14.5,43870.49,0,7607.05,4545.03,0,0.404,43919.87,24,0.526,0,618,0
ID_1213,50,High School,4.0,99125.04,1,0.0,4749.68,1,0.273,73778.37,36,0.261,0,643,1
ID_1214,46,Bachelor,15.3,42716.4,1,0.0,3251.34,0,0.206,17767.94,48,0.109,0,697,1
ID_1215,35,High School,1.0,36266.12,1,4156.72,2069.47,1,0.374,30520.56,36,0.295,2,513,0
ID_1216,48,Bachelor,6.4,143098.52,1,12177.22,14465.91,1,0.218,39434.87,36,0.096,1,675,1
ID_1217,29,Bachelor,8.4,43230.97,0,10866.25,5230.92,2,0.141,37439.15,36,0.303,0,616,0
ID_1218,36,High School,5.7,58498.96,0,0.0,5195.0,0,0.211,41286.0,36,0.247,1,570,0
ID_1219,33,Bachelor,4.7,67891.18,0,4770.57,5907.35,2,0.128,41517.13,36,0.214,1,576,0
ID_1220,39,Bachelor,4.2,30688.81,0,2668.91,2125.69,1,0.221,17598.52,36,0.201,1,564,1
ID_1221,66,Bachelor,9.9,100482.8,1,17335.4,5898.81,2,0.309,46513.63,36,0.162,1,663,1
ID_1222,18,High School,0.0,74500.38,1,7875.03,3901.92,2,0.381,22982.97,48,0.081,1,564,0
ID_1223,47,Bachelor,0.7,118088.78,0,20655.14,7464.08,1,0.239,30052.97,60,0.053,0,672,1
ID_1224,19,PhD,1.0,38576.13,0,8835.87,921.09,0,0.331,36066.17,60,0.196,0,588,0
ID_1225,33,High School,2.7,56929.16,1,14051.62,3334.42,1,0.103,12199.12,60,0.045,0,697,0
ID_1226,52,High School,1.5,55253.0,0,17254.81,3856.87,0,0.131,32807.08,60,0.125,1,641,0
ID_1227,39,High School,10.2,61817.65,0,11281.11,1806.13,0,0.035,36168.11,24,0.307,0,677,1
ID_1228,26,Bachelor,2.8,26178.47,0,7844.26,835.27,2,0.243,1000.0,60,0.008,0,601,0
ID_1229,30,High School,8.3,57263.47,1,12565.39,1009.14,0,0.077,50229.77,24,0.461,1,625,0
ID_1230,47,Bachelor,1.5,26549.55,0,7393.44,0.0,0,0.243,10259.51,60,0.081,1,594,1
ID_1231,30,Bachelor,0.0,64806.88,0,6538.63,4280.24,1,0.403,29914.08,36,0.162,0,587,0
ID_1232,41,Bachelor,3.4,18688.72,0,6786.6,907.21,2,0.471,52522.16,60,0.59,3,376,0
ID_1233,39,Bachelor,0.5,21465.59,0,6102.3,2625.33,2,0.11,36769.95,60,0.36,3,453,0
ID_1234,31,Bachelor,7.0,81574.69,1,13118.24,3501.01,1,0.349,43727.0,60,0.113,2,575,0
ID_1235,64,Bachelor,1.6,41215.96,0,6302.75,3742.07,0,0.285,44982.77,60,0.229,3,514,0
ID_1236,46,High School,2.9,33059.72,0,10516.89,3209.06,1,0.204,16141.42,24,0.256,2,537,0
ID_1237,18,High School,0.0,102275.23,0,18606.85,6726.19,1,0.246,6334.86,60,0.013,0,635,0
ID_1238,41,Master,1.7,63819.44,0,6759.25,4162.26,0,0.417,32473.6,24,0.267,3,470,0
ID_1239,31,High School,7.6,83788.0,0,21172.85,0.0,2,0.459,37828.9,36,0.158,1,546,0
ID_1240,49,Bachelor,0.8,49855.24,1,0.0,2026.32,0,0.766,44865.44,36,0.315,3,420,0
ID_1241,29,Master,5.2,206863.48,1,0.0,0.0,0,0.43,39054.79,36,0.066,2,545,0
ID_1242,37,High School,12.5,40044.36,0,8665.51,1779.55,0,0.289,16149.48,48,0.106,0,658,1
ID_1243,45,Bachelor,5.7,129605.15,1,0.0,11822.76,2,0.366,40834.82,36,0.11,2,550,0
ID_1244,49,Bachelor,8.3,52539.31,1,0.0,0.0,0,0.269,1000.0,36,0.007,0,679,1
ID_1245,24,Master,0.6,23688.5,0,3742.39,1632.29,0,0.641,47900.51,36,0.708,2,382,0
ID_1246,34,Master,1.4,68969.83,0,15576.38,3223.59,2,0.298,8991.73,36,0.046,0,619,1
ID_1247,33,Bachelor,11.2,63410.28,1,7992.9,6874.96,0,0.031,8608.44,36,0.048,0,742,1
ID_1248,31,High School,6.3,32027.14,0,0.0,0.0,0,0.388,69788.84,12,2.288,10,300,0
ID_1249,60,Bachelor,5.1,34162.72,1,0.0,0.0,0,0.178,26027.38,24,0.4,4,466,0
ID_1250,43,Bachelor,5.4,53511.46,1,6504.91,3808.45,0,0.183,20402.2,60,0.08,0,706,1
ID_1251,23,Bachelor,2.7,64529.25,0,14365.75,3146.65,0,0.071,4242.71,60,0.014,3,540,0
ID_1252,50,High School,0.2,15751.15,1,0.0,1927.76,1,0.524,32967.31,36,0.733,6,300,0
ID_1253,64,High School,7.7,91725.96,0,20870.76,3726.52,0,0.404,39278.64,24,0.225,0,672,1
ID_1254,51,Bachelor,5.7,42308.83,0,3922.26,2898.7,1,0.132,18678.79,12,0.464,3,483,0
ID_1255,20,Bachelor,2.0,27837.14,0,3881.13,1147.08,4,0.268,1000.0,60,0.008,0,552,1
ID_1256,33,High School,11.5,86728.11,1,4193.43,1747.45,2,0.436,54279.13,60,0.131,0,633,0
ID_1257,54,Bachelor,2.0,53540.36,0,12664.8,1831.07,1,0.237,19798.4,36,0.129,1,606,1
ID_1258,30,Master,1.7,99516.91,1,8785.43,2968.73,3,0.267,19397.46,36,0.068,1,590,0
ID_1259,44,Bachelor,10.3,67438.82,1,15920.39,2510.04,4,0.337,24363.55,60,0.076,1,603,0
ID_1260,48,High School,8.0,54135.35,0,10767.12,6081.96,1,0.218,10507.55,24,0.102,0,669,1
ID_1261,27,High School,3.6,50193.21,0,6758.95,4646.15,0,0.302,47929.25,36,0.334,3,464,0
ID_1262,38,High School,0.7,68965.14,1,13347.8,7132.46,2,0.406,38076.14,60,0.116,0,635,0
ID_1263,18,Master,0.0,44056.77,0,6303.48,2240.64,2,0.22,33780.78,60,0.161,0,576,0
ID_1264,26,Bachelor,5.3,35373.34,0,11619.31,0.0,0,0.194,66606.07,24,0.989,2,441,0
ID_1265,35,Bachelor,2.4,73493.67,0,7961.98,0.0,3,0.297,12446.88,60,0.036,0,593,0
ID_1266,24,Bachelor,6.0,50400.49,0,3274.88,0.0,0,0.382,47981.77,24,0.5,1,506,0
ID_1267,58,Bachelor,15.0,55093.32,0,8522.68,4346.82,0,0.478,1000.0,24,0.01,0,681,0
ID_1268,21,Master,3.0,93404.04,0,20522.71,7387.4,0,0.588,36587.71,12,0.411,1,517,0
ID_1269,33,Bachelor,2.4,51177.83,1,11340.08,4019.83,0,0.472,65650.04,24,0.673,0,578,0
ID_1270,40,High School,7.8,54585.14,0,0.0,4877.43,1,0.391,6104.04,48,0.029,2,518,0
ID_1271,56,High School,2.2,40141.87,1,11940.78,4082.17,1,0.296,54591.98,24,0.714,2,519,0
ID_1272,21,Bachelor,0.9,67196.06,1,7397.17,6509.98,0,0.379,1000.0,60,0.003,1,610,1
ID_1273,52,Master,0.2,64531.84,0,10769.21,6854.49,0,0.399,62406.99,60,0.203,0,633,0
ID_1274,39,High School,2.4,84998.39,0,17390.57,4347.9,1,0.267,16709.62,24,0.103,0,646,1
ID_1275,27,Master,9.0,40555.86,1,0.0,789.66,0,0.237,11669.86,36,0.101,0,649,1
ID_1276,44,Bachelor,1.4,43091.95,0,6129.5,620.32,3,0.488,15360.26,48,0.094,2,469,0
ID_1277,41,High School,1.2,80504.53,0,13712.18,2818.82,1,0.365,25573.71,36,0.111,1,579,0
ID_1278,31,High School,13.0,61457.83,1,15623.44,2654.78,1,0.344,22263.53,24,0.19,1,623,1
ID_1279,39,High School,0.1,34437.14,1,6482.89,2163.2,0,0.407,24057.72,36,0.245,2,536,0
ID_1280,34,Bachelor,7.7,104117.68,1,14115.37,1141.79,3,0.101,30690.42,36,0.103,2,588,0
ID_1281,40,High School,1.9,23173.73,0,6525.16,2929.44,0,0.198,29312.81,36,0.443,2,511,0
ID_1282,46,Bachelor,0.2,80189.06,0,19483.51,2926.09,0,0.144,25111.9,60,0.066,0,686,0
ID_1283,58,Bachelor,12.5,28778.79,0,5780.69,2996.36,2,0.453,17039.12,12,0.622,2,471,0
ID_1284,24,Bachelor,0.8,139092.47,0,14543.88,3353.33,1,0.407,32710.55,36,0.082,1,564,0
ID_1285,64,High School,4.0,25026.74,1,4045.78,3903.96,0,0.39,31764.48,60,0.267,3,525,0
ID_1286,18,Bachelor,0.0,96386.88,1,26629.47,7904.71,1,0.186,30918.84,60,0.067,1,632,0
ID_1287,37,Bachelor,0.3,52009.56,1,13668.12,2507.97,1,0.298,24969.33,24,0.252,1,594,0
ID_1288,46,Bachelor,0.3,45102.76,1,12432.93,4810.33,1,0.39,12528.04,36,0.097,1,610,0
ID_1289,42,Master,0.6,59438.55,1,0.0,2328.56,1,0.298,26331.07,12,0.465,0,587,1
ID_1290,31,High School,0.4,74306.24,0,4375.72,7968.61,4,0.037,20003.57,36,0.094,0,608,0
ID_1291,36,Master,7.1,34468.45,1,10791.71,3773.68,4,0.489,1000.0,36,0.01,0,604,1
ID_1292,33,Bachelor,3.3,36029.96,0,7368.13,3052.0,4,0.195,42987.47,36,0.418,0,546,0
ID_1293,31,Bachelor,2.1,74966.94,0,13646.23,1420.7,1,0.444,29676.98,36,0.139,0,595,0
ID_1294,49,Bachelor,2.7,23070.93,0,5357.03,1950.18,0,0.148,24635.47,12,1.121,3,401,0
ID_1295,43,Bachelor,13.2,40452.57,1,0.0,4285.22,1,0.289,34445.83,60,0.179,2,563,1
ID_1296,30,High School,12.0,247791.63,0,58794.67,17387.55,1,0.191,11412.2,36,0.016,0,720,1
ID_1297,49,Bachelor,6.3,33389.39,0,5086.93,1348.08,0,0.196,49469.6,24,0.778,0,581,0
ID_1298,42,Bachelor,10.8,96172.76,1,0.0,5293.7,1,0.146,46720.82,36,0.17,1,636,1
ID_1299,48,Bachelor,1.9,40417.76,0,7878.7,2300.92,1,0.171,4081.83,36,0.035,0,656,1
ID_1300,46,High School,2.4,69879.15,0,16320.57,2439.38,2,0.111,13617.15,12,0.205,2,555,0
ID_1301,29,Master,4.8,75145.22,0,17147.51,0.0,0,0.562,37151.74,48,0.13,0,595,0
ID_1302,32,Bachelor,4.9,95270.77,1,3953.61,4936.17,1,0.374,29440.64,48,0.081,1,606,1
ID_1303,47,High School,3.3,49014.58,0,7473.05,3698.25,1,0.319,24682.58,36,0.176,1,578,0
ID_1304,46,Bachelor,2.6,146450.43,1,9624.33,15291.73,0,0.214,32914.7,24,0.118,1,674,1
ID_1305,38,Bachelor,20.0,40349.4,0,5748.49,3034.32,0,0.327,1000.0,60,0.005,1,637,1
ID_1306,40,Bachelor,8.6,60907.42,0,12974.87,3415.27,0,0.138,8407.73,48,0.036,0,696,1
ID_1307,54,Bachelor,2.9,61245.06,0,8647.76,0.0,0,0.225,14164.61,24,0.121,0,661,0
ID_1308,31,Master,6.5,30915.59,1,4648.5,2645.37,0,0.036,38731.38,48,0.329,1,629,1
ID_1309,45,High School,1.6,46960.58,0,4832.09,2991.66,2,0.466,1000.0,24,0.011,0,593,0
ID_1310,36,Bachelor,0.5,58732.98,0,0.0,1462.55,0,0.117,28259.68,24,0.253,1,565,1
ID_1311,36,Master,2.2,43649.17,1,11864.33,4426.63,2,0.436,18219.43,36,0.146,2,529,0
ID_1312,52,Master,2.6,183590.31,1,20167.61,14974.17,2,0.436,36721.87,48,0.053,0,683,0
ID_1313,48,Bachelor,0.1,35620.91,0,0.0,2710.56,1,0.125,39546.27,60,0.233,0,606,1
ID_1314,48,Master,8.4,97705.41,0,0.0,9955.93,0,0.153,55566.16,60,0.119,2,581,1
ID_1315,54,High School,2.2,83135.73,1,4231.22,3138.09,1,0.223,3873.02,36,0.016,0,698,1
ID_1316,39,Master,4.3,53802.16,1,12133.34,1590.14,0,0.226,10213.17,48,0.05,0,698,1
ID_1317,47,High School,0.4,35150.55,0,5772.62,4282.96,0,0.425,25877.35,36,0.258,1,554,0
ID_1318,35,High School,1.0,36896.51,0,3600.74,1167.2,1,0.184,50381.56,12,1.434,3,321,0
ID_1319,42,High School,11.0,41815.25,1,9209.6,0.0,0,0.426,32870.31,24,0.413,2,543,0
ID_1320,37,Bachelor,4.7,22184.06,0,0.0,1171.4,1,0.088,26898.45,60,0.255,2,508,0
ID_1321,40,High School,15.0,32802.74,1,11525.97,3510.81,1,0.166,47039.58,36,0.502,1,618,1
ID_1322,46,High School,28.0,25816.31,1,0.0,922.18,2,0.179,17848.15,48,0.181,1,638,0
ID_1323,29,High School,2.3,106184.93,0,0.0,5275.92,0,0.33,46051.63,24,0.228,1,546,0
ID_1324,64,High School,1.8,73808.65,1,13023.94,2592.13,0,0.211,56231.03,36,0.267,0,706,1
ID_1325,26,Bachelor,8.0,80256.82,0,13554.42,6876.01,1,0.38,22244.48,24,0.146,1,576,0
ID_1326,24,Bachelor,6.0,72723.22,1,15524.8,4557.54,2,0.046,1000.0,60,0.003,1,654,0
ID_1327,52,High School,5.0,58893.37,0,6080.8,2450.08,2,0.592,27621.71,24,0.246,1,522,0
ID_1328,48,Bachelor,7.9,112458.57,1,24706.24,8646.68,1,0.433,54597.05,48,0.127,0,690,1
ID_1329,46,Master,7.6,39919.44,0,11917.41,4898.53,1,0.203,33884.09,24,0.446,1,577,0
ID_1330,46,Bachelor,2.2,57144.29,0,0.0,3571.68,1,0.255,1000.0,60,0.004,1,579,0
ID_1331,38,High School,4.3,78710.31,0,16045.49,3851.4,0,0.695,47864.85,36,0.213,0,585,0
ID_1332,28,Bachelor,9.0,27984.2,0,6054.23,3253.98,1,0.08,39317.14,36,0.492,2,513,0
ID_1333,39,High School,5.8,250000.0,1,8777.24,25076.11,1,0.532,42993.04,36,0.06,2,583,0
ID_1334,30,High School,0.1,54955.71,0,5507.59,875.65,0,0.32,45392.96,36,0.289,1,543,0
ID_1335,50,High School,2.1,58162.42,0,0.0,2839.21,2,0.301,15234.33,12,0.275,1,528,0
ID_1336,37,Master,0.8,101563.45,0,28357.33,3424.7,2,0.246,44053.99,60,0.091,2,547,0
ID_1337,29,High School,1.3,85603.18,0,9094.22,7175.68,0,0.085,13380.34,48,0.041,0,676,1
ID_1338,35,High School,11.8,55217.71,0,13685.19,4664.79,4,0.473,3730.56,36,0.024,2,500,0
ID_1339,43,High School,0.2,57818.54,0,4958.91,1739.31,0,0.389,10079.62,60,0.037,0,626,0
ID_1340,32,Master,1.2,25538.07,0,4848.52,2089.33,0,0.218,37470.06,60,0.308,1,554,1
ID_1341,29,Bachelor,1.9,41018.03,0,2740.53,4484.41,3,0.18,17635.33,24,0.226,3,436,1
ID_1342,41,High School,4.8,70165.02,1,16586.43,5621.08,0,0.286,51560.45,60,0.154,1,649,1
ID_1343,41,Bachelor,3.8,67639.43,1,5588.98,7263.72,2,0.463,45060.35,12,0.699,4,378,0
ID_1344,32,Bachelor,1.2,99766.02,0,24448.62,8832.68,0,0.127,37131.19,36,0.13,0,678,1
ID_1345,33,Bachelor,0.9,51008.6,0,14788.09,4104.08,2,0.156,49841.0,24,0.513,1,534,0
ID_1346,41,High School,1.4,27074.75,0,8115.09,1171.66,2,0.472,3849.01,60,0.03,0,580,0
ID_1347,21,Master,3.0,91891.63,0,7334.88,7100.15,1,0.113,42217.72,12,0.482,2,507,0
ID_1348,22,High School,1.6,111084.3,1,7360.82,6166.71,1,0.326,35335.86,24,0.167,0,638,0
ID_1349,30,Bachelor,12.0,84890.91,0,18648.96,4642.69,3,0.125,2078.42,36,0.009,0,663,1
ID_1350,36,High School,3.1,49920.31,0,3334.58,2985.56,1,0.38,12038.48,36,0.084,2,512,0
ID_1351,42,Bachelor,0.3,91326.2,1,4426.28,8906.68,1,0.075,22142.71,36,0.085,1,655,1
ID_1352,56,Bachelor,6.5,250000.0,1,0.0,4762.09,1,0.549,21627.38,48,0.023,0,657,0
ID_1353,49,Bachelor,2.0,57387.18,0,5869.85,2941.19,0,0.066,24260.29,12,0.444,0,642,0
ID_1354,37,High School,5.3,28117.06,0,4541.91,2206.5,3,0.15,13850.49,36,0.172,0,598,0
ID_1355,38,Bachelor,1.6,40411.01,0,7579.07,0.0,0,0.118,51624.5,36,0.447,2,519,0
ID_1356,26,High School,4.2,74067.94,0,8592.76,8659.22,0,0.262,2780.97,24,0.02,0,654,1
ID_1357,38,Bachelor,7.4,24284.6,0,1823.9,2484.91,1,0.7,3310.23,36,0.048,4,377,0
ID_1358,35,Master,13.2,58965.13,1,9760.53,1601.1,0,0.316,8034.81,36,0.048,0,701,1
ID_1359,42,Bachelor,1.5,65523.77,0,9818.38,3882.75,0,0.28,13562.82,36,0.072,1,608,1
ID_1360,29,Bachelor,2.0,116723.23,1,26601.78,12296.62,0,0.345,12158.61,24,0.055,1,648,0
ID_1361,45,Bachelor,3.1,104307.38,1,0.0,7354.15,2,0.297,55234.61,36,0.185,1,584,0
ID_1362,57,Bachelor,13.1,83474.16,0,15931.53,7783.9,1,0.148,13146.19,24,0.083,1,672,0
ID_1363,37,Master,11.6,18373.42,0,2284.82,2430.84,0,0.151,22811.63,48,0.326,0,629,0
ID_1364,43,High School,0.5,85864.57,0,13427.06,2274.53,1,0.287,2278.85,36,0.009,3,513,0
ID_1365,47,Bachelor,0.7,77092.15,0,0.0,4714.1,1,0.141,16554.49,24,0.113,0,631,0
ID_1366,34,Bachelor,3.4,61572.6,0,5596.51,5427.07,1,0.558,35824.67,36,0.204,0,571,0
ID_1367,41,Bachelor,0.6,22808.51,1,7561.73,4029.55,0,0.128,37248.59,60,0.343,2,570,1
ID_1368,39,High School,2.1,36739.69,1,4087.86,3194.05,0,0.062,42714.91,60,0.244,1,635,0
ID_1369,40,Bachelor,0.8,30229.96,0,7502.28,3330.49,1,0.08,7042.51,60,0.049,1,609,0
ID_1370,29,Master,5.1,19781.37,0,9671.43,2942.53,0,0.148,12879.25,60,0.137,2,553,0
ID_1371,39,Master,14.9,54097.46,0,9401.88,5337.01,0,0.198,39717.21,24,0.385,1,612,0
ID_1372,44,Bachelor,26.0,36355.07,1,5176.04,959.91,0,0.199,24564.85,48,0.177,4,551,0
ID_1373,56,Bachelor,2.4,201320.37,1,15565.38,19596.02,0,0.097,23911.79,36,0.042,0,769,1
ID_1374,50,Master,4.6,49792.22,0,14645.58,2859.61,1,0.27,35622.14,12,0.751,1,531,0
ID_1375,64,High School,9.7,103453.4,0,18415.83,11364.87,1,0.282,42939.62,48,0.109,0,701,1
ID_1376,29,High School,0.6,24722.04,0,8024.57,2066.61,0,0.061,12424.68,24,0.264,1,583,0
ID_1377,49,Bachelor,5.8,41562.57,0,9262.68,2698.57,0,0.082,23133.37,60,0.117,1,644,0
ID_1378,41,Master,2.6,56865.77,0,0.0,1770.59,0,0.549,22842.49,60,0.084,0,577,1
ID_1379,65,Master,1.2,34403.82,1,0.0,2916.35,1,0.171,7562.51,48,0.058,0,678,1
ID_1380,29,Bachelor,2.6,43866.21,1,6211.3,1438.81,1,0.501,30394.3,36,0.243,1,547,0
ID_1381,28,High School,0.4,48582.79,1,7962.39,3343.0,0,0.391,15295.97,36,0.11,2,551,0
ID_1382,31,Bachelor,5.9,48196.71,0,8318.19,3704.27,0,0.197,24906.42,48,0.136,0,650,1
ID_1383,18,High School,0.0,136975.76,1,0.0,6425.96,0,0.255,36690.55,60,0.056,0,643,1
ID_1384,32,High School,1.9,65454.67,1,16030.55,1989.71,0,0.077,29834.56,12,0.479,0,662,1
ID_1385,29,Bachelor,0.6,68854.8,0,7078.61,8612.41,2,0.323,9033.72,36,0.046,0,604,1
ID_1386,40,High School,10.0,70956.86,0,13402.29,3242.0,1,0.782,28667.7,36,0.141,2,488,0
ID_1387,43,Master,3.4,73593.59,0,8057.26,6859.04,1,0.334,27497.61,24,0.196,1,579,0
ID_1388,61,Bachelor,4.2,51977.0,1,7937.66,2032.27,0,0.312,14897.88,60,0.06,0,706,0
ID_1389,50,Bachelor,4.2,46148.83,1,5785.71,5524.69,0,0.063,9463.3,36,0.072,0,729,1
ID_1390,32,High School,2.6,58888.91,1,16660.36,1646.11,0,0.16,27771.7,36,0.165,0,687,1
ID_1391,28,High School,1.1,96606.56,0,11624.38,6859.79,1,0.046,1000.0,36,0.004,1,629,1
ID_1392,44,High School,6.8,95141.36,0,0.0,6474.68,1,0.405,5776.85,48,0.016,1,574,0
ID_1393,23,PhD,0.7,48040.55,1,9582.07,4822.84,1,0.229,1900.03,36,0.014,0,660,1
ID_1394,60,Master,0.5,79532.57,0,8575.86,2963.2,0,0.43,3184.21,48,0.011,1,612,1
ID_1395,53,Bachelor,6.2,49153.71,0,5396.6,1473.33,1,0.269,16380.25,60,0.07,1,605,0
ID_1396,33,High School,1.2,55101.67,0,5080.6,5681.47,2,0.202,44116.23,36,0.28,1,546,0
ID_1397,18,Master,0.0,42754.87,0,4341.21,2520.39,1,0.409,36130.02,36,0.296,3,408,0
ID_1398,55,High School,3.2,49472.76,1,7059.97,0.0,0,0.491,45216.85,48,0.24,2,549,0
ID_1399,37,High School,3.0,105943.9,0,15339.94,6351.23,0,0.167,14005.77,36,0.046,1,641,0
ID_1400,53,Bachelor,6.2,56738.63,0,0.0,1089.49,1,0.407,1000.0,60,0.004,0,614,0
ID_1401,19,Master,1.0,57967.7,0,14474.01,2404.04,0,0.172,14247.56,12,0.258,2,529,0
ID_1402,31,High School,5.2,26275.47,0,1082.02,1831.28,1,0.161,45297.65,24,0.905,2,426,0
ID_1403,39,High School,6.3,46415.0,1,11951.71,1691.31,3,0.394,17915.86,60,0.081,1,583,1
ID_1404,39,Master,1.7,48018.54,0,11905.09,3922.08,0,0.122,24607.15,24,0.269,1,604,1
ID_1405,33,High School,1.9,35790.16,0,2045.5,1889.21,0,0.128,21136.14,36,0.207,1,578,1
ID_1406,46,High School,2.9,54766.43,0,15395.0,0.0,1,0.053,37553.07,36,0.24,0,653,0
ID_1407,26,Bachelor,1.8,43713.35,0,4601.18,4980.29,0,0.151,39946.86,36,0.32,1,567,1
ID_1408,37,Master,19.0,56387.23,0,0.0,1782.05,0,0.307,1000.0,60,0.004,1,614,1
ID_1409,40,Bachelor,8.4,57569.69,0,0.0,6080.98,0,0.374,1000.0,48,0.005,1,587,1
ID_1410,45,PhD,0.9,33594.67,0,8977.24,3230.27,0,0.214,36787.58,60,0.23,1,591,0
ID_1411,47,Bachelor,0.0,44384.66,0,0.0,3274.58,2,0.306,21172.08,60,0.1,0,582,1
ID_1412,25,High School,0.2,56313.36,0,3983.18,6265.87,1,0.199,36799.42,60,0.137,1,565,1
ID_1413,20,PhD,1.4,97943.86,0,5045.95,4440.83,0,0.482,19950.43,60,0.043,0,599,0
ID_1414,54,Bachelor,0.6,61596.45,0,14160.0,6026.56,2,0.648,34374.92,36,0.195,0,572,0
ID_1415,42,High School,3.8,38911.01,0,4386.84,0.0,1,0.181,22564.87,36,0.203,0,617,0
ID_1416,30,Bachelor,9.8,66138.24,1,7400.68,2364.25,0,0.312,12048.42,48,0.048,1,642,0
ID_1417,57,High School,6.7,127232.89,0,18412.04,11071.89,0,0.468,17861.36,60,0.029,0,684,1
ID_1418,40,High School,1.2,85678.16,1,0.0,4925.39,1,0.407,21967.71,60,0.054,1,582,0
ID_1419,53,High School,2.5,71236.69,0,8145.61,2132.32,0,0.174,36002.28,36,0.177,0,669,1
ID_1420,39,Bachelor,3.5,77869.93,0,9855.21,3486.9,0,0.452,21910.84,48,0.074,1,586,0
ID_1421,63,Master,8.3,111299.16,0,26206.99,8110.54,0,0.107,5705.97,24,0.027,0,750,0
ID_1422,60,Bachelor,9.1,92763.95,0,5414.69,8720.37,0,0.22,54964.63,24,0.311,0,677,1
ID_1423,36,PhD,12.0,71925.07,0,11985.15,4058.25,1,0.509,30604.41,36,0.149,1,573,0
ID_1424,50,High School,3.6,92440.56,0,26800.95,5106.65,0,0.121,49498.22,24,0.281,0,686,1
ID_1425,46,High School,5.9,31545.13,1,10692.63,1177.48,1,0.157,5334.86,36,0.059,1,651,0
ID_1426,55,High School,0.6,25562.13,0,0.0,2047.73,0,0.361,20435.24,36,0.28,3,449,0
ID_1427,27,High School,4.2,58603.48,0,0.0,6181.28,1,0.369,28435.67,60,0.102,3,445,0
ID_1428,47,High School,1.4,56069.11,1,0.0,5042.54,0,0.383,36842.74,60,0.138,2,549,0
ID_1429,51,Bachelor,2.8,41276.35,0,12410.72,2945.36,1,0.026,1000.0,24,0.013,0,693,1
ID_1430,18,Master,0.0,81873.15,0,0.0,8230.47,0,0.207,1000.0,24,0.006,1,571,0
ID_1431,24,PhD,1.5,21344.9,0,5321.59,2431.38,0,0.242,13095.61,24,0.322,2,495,0
ID_1432,18,High School,0.0,41465.37,0,8069.62,2622.49,0,0.375,34842.83,36,0.294,3,435,0
ID_1433,35,Master,0.1,42511.17,0,12651.92,2604.18,1,0.02,12888.88,48,0.08,0,660,1
ID_1434,47,High School,0.1,23905.15,1,1659.07,1947.17,0,0.17,22714.68,36,0.333,4,462,0
ID_1435,57,High School,0.0,114389.61,0,10278.16,6017.33,1,0.755,25933.33,60,0.048,2,505,0
ID_1436,39,Master,0.6,27457.63,0,0.0,2291.82,0,0.476,10090.11,36,0.129,2,477,0
ID_1437,58,Bachelor,1.4,40369.51,0,5574.53,1907.87,3,0.146,51355.66,36,0.445,2,497,0
ID_1438,22,High School,1.3,85305.13,0,0.0,9205.64,0,0.29,10688.83,48,0.033,1,564,0
ID_1439,18,Bachelor,0.0,74833.63,1,17753.46,6216.63,0,0.149,1000.0,60,0.003,0,695,1
ID_1440,38,High School,1.8,31129.55,1,3670.97,0.0,0,0.556,7317.71,36,0.082,0,611,1
ID_1441,43,Bachelor,0.7,76209.74,1,5918.21,1296.04,0,0.228,9995.92,24,0.069,0,687,1
ID_1442,38,Bachelor,3.9,62623.27,0,11725.45,1090.4,2,0.112,28125.69,24,0.236,2,536,1
ID_1443,18,PhD,0.0,173949.06,0,37228.67,12465.22,0,0.218,29050.55,36,0.058,1,624,1
ID_1444,37,High School,5.7,66301.66,1,13231.43,6171.87,1,0.366,35562.21,36,0.188,1,612,0
ID_1445,23,Bachelor,1.8,50482.35,1,7834.85,6131.24,0,0.396,58829.94,24,0.612,0,581,0
ID_1446,47,Bachelor,4.1,35303.91,0,7411.89,3695.46,2,0.217,25510.69,48,0.19,1,575,0
ID_1447,43,Bachelor,6.3,37342.16,0,1855.46,2617.3,2,0.402,40201.08,24,0.565,3,398,0
ID_1448,27,High School,6.5,35850.6,1,0.0,1976.77,4,0.186,16989.82,48,0.124,1,544,0
ID_1449,32,Bachelor,5.5,107532.61,1,28334.12,11084.8,0,0.646,30212.02,60,0.059,1,614,0
ID_1450,26,Master,8.0,54665.33,1,5466.87,1449.99,1,0.338,18724.76,60,0.072,0,648,0
ID_1451,38,Master,10.2,71870.67,0,0.0,6049.77,0,0.251,22312.46,24,0.163,1,591,0
ID_1452,50,Master,4.3,115511.32,1,14295.1,6470.85,0,0.086,27994.29,36,0.085,0,748,1
ID_1453,27,Master,2.8,16660.03,0,3181.0,1965.95,1,0.491,42710.17,36,0.897,4,300,0
ID_1454,45,Bachelor,5.1,102686.6,0,15176.12,5876.48,0,0.772,24030.98,60,0.049,3,474,0
ID_1455,32,Master,8.5,55697.94,0,11250.48,6790.43,1,0.079,23981.29,36,0.151,0,667,1
ID_1456,29,High School,0.0,67340.98,1,19211.43,7305.61,3,0.134,30642.97,36,0.159,1,603,0
ID_1457,37,Bachelor,19.0,35803.41,0,6942.33,4376.34,2,0.242,40814.65,36,0.399,3,482,0
ID_1458,26,High School,1.0,37139.55,0,5402.53,1733.72,0,0.213,1000.0,12,0.028,0,631,1
ID_1459,32,Bachelor,3.2,69176.95,0,3575.61,2854.96,1,0.265,29390.4,36,0.149,0,612,0
ID_1460,24,High School,6.0,178491.97,1,40155.18,17848.6,0,0.324,1040.37,48,0.002,3,585,0
ID_1461,62,PhD,1.3,89469.82,0,6499.14,3289.25,1,0.634,48565.79,48,0.142,1,554,1
ID_1462,39,High School,3.2,102003.4,0,0.0,6464.87,1,0.079,31097.43,60,0.064,2,558,1
ID_1463,30,High School,0.7,49217.25,1,7702.74,3119.34,1,0.552,47078.55,36,0.335,3,442,0
ID_1464,41,Bachelor,2.5,40130.74,0,4974.75,3077.96,2,0.149,1000.0,48,0.007,0,637,1
ID_1465,37,High School,1.0,36665.72,0,5264.94,2539.36,0,0.502,21960.15,36,0.21,1,535,0
ID_1466,36,High School,2.3,42440.7,0,15422.15,4554.86,2,0.217,40666.43,36,0.335,3,462,0
ID_1467,46,High School,2.3,19411.26,1,2135.05,3370.1,1,0.324,50274.46,36,0.906,2,452,0
ID_1468,48,Bachelor,24.9,37704.71,1,4090.19,2165.7,0,0.192,31308.0,24,0.436,2,614,0
ID_1469,32,Bachelor,14.0,40938.39,0,5001.19,1916.38,0,0.093,17302.69,36,0.148,0,675,1
ID_1470,32,Bachelor,0.6,49628.52,0,7705.95,3762.34,1,0.289,20141.36,60,0.085,2,525,0
ID_1471,35,Bachelor,6.5,57865.41,0,5068.88,3804.05,0,0.27,6241.42,12,0.113,2,555,0
ID_1472,18,Bachelor,0.0,64940.41,0,0.0,6994.82,0,0.362,51330.04,36,0.277,2,466,0
ID_1473,20,High School,0.2,53773.57,0,5104.41,1282.7,1,0.361,36723.4,24,0.359,1,502,0
ID_1474,55,High School,0.6,40508.96,0,5668.72,0.0,0,0.407,21772.79,48,0.141,5,392,0
ID_1475,58,Bachelor,16.8,20298.87,1,2700.96,3077.64,2,0.572,34790.85,24,0.9,1,499,0
ID_1476,36,High School,14.1,40633.4,0,7956.38,4514.49,2,0.249,23011.84,24,0.297,0,618,1
ID_1477,45,High School,1.1,33315.39,0,6181.19,0.0,1,0.116,19575.81,12,0.617,2,486,0
ID_1478,42,Bachelor,0.9,68393.52,1,5751.49,2455.85,0,0.409,11402.52,36,0.058,0,662,1
ID_1479,75,Bachelor,1.4,85360.92,1,10121.46,3477.79,1,0.396,11717.47,36,0.048,0,702,1
ID_1480,52,High School,3.6,86619.96,1,7205.62,3802.27,1,0.482,31852.29,24,0.193,2,556,1
ID_1481,37,High School,4.2,79100.65,1,7894.44,2698.97,2,0.285,43855.68,12,0.582,1,550,0
ID_1482,27,Master,1.3,50677.49,0,11491.79,5004.75,0,0.207,18944.75,60,0.079,0,645,1
ID_1483,19,Master,1.0,41731.95,0,8060.24,1860.68,1,0.368,10728.93,60,0.054,1,542,0
ID_1484,41,Bachelor,1.9,37288.81,1,9761.7,2170.72,1,0.129,42144.21,36,0.396,0,647,1
ID_1485,29,Bachelor,11.0,25495.33,1,3419.16,2510.06,0,0.108,26422.69,60,0.218,0,680,1
ID_1486,21,Bachelor,3.0,88958.64,1,7848.07,1617.95,0,0.271,1000.0,60,0.002,1,629,0
ID_1487,31,PhD,2.9,49644.58,0,0.0,4775.95,1,0.573,12305.2,36,0.087,2,460,0
ID_1488,26,PhD,7.8,29051.63,1,7612.05,2824.34,0,0.415,33434.21,36,0.403,1,565,0
ID_1489,59,High School,8.5,35837.65,0,6252.59,544.88,4,0.444,10784.8,36,0.105,0,583,0
ID_1490,49,Master,1.7,35119.55,0,7699.01,5066.72,2,0.089,25921.39,48,0.194,1,592,0
ID_1491,38,High School,2.1,55354.45,0,0.0,3473.97,1,0.354,2603.62,60,0.01,0,598,1
ID_1492,56,High School,13.7,92386.3,1,0.0,7886.52,1,0.231,17593.96,36,0.067,1,661,1
ID_1493,39,Bachelor,0.9,45524.47,0,0.0,5102.15,0,0.223,5435.72,48,0.031,1,583,0
ID_1494,28,Bachelor,0.2,17566.22,0,1324.19,0.0,2,0.154,2829.85,24,0.085,1,530,0
ID_1495,57,Master,3.0,49286.71,0,12606.32,2547.13,1,0.406,11344.45,48,0.06,0,640,0
ID_1496,45,High School,8.1,50106.35,0,7840.06,2771.88,1,0.538,40707.41,12,0.853,4,338,0
ID_1497,26,Bachelor,7.4,48413.79,0,14537.86,3355.77,2,0.464,32504.9,36,0.235,2,482,0
ID_1498,36,Master,12.6,39587.53,0,0.0,0.0,0,0.08,61932.81,48,0.411,1,571,0
ID_1499,28,Master,3.8,60398.5,0,7489.76,5865.77,1,0.31,14240.28,60,0.05,1,579,0
ID_1500,22,High School,0.5,55997.96,0,5554.36,0.0,1,0.486,43345.39,36,0.271,1,493,0
ID_1501,50,Bachelor,4.4,53507.91,0,14765.81,1131.51,0,0.011,58447.76,24,0.573,1,602,0
ID_1502,61,Bachelor,7.5,66590.73,0,18557.24,7151.45,0,0.047,45123.27,36,0.237,1,673,1
ID_1503,22,High School,0.5,43699.14,1,7247.76,2761.22,1,0.028,45442.71,36,0.364,0,639,1
ID_1504,45,PhD,0.9,42476.54,0,10112.01,1452.85,1,0.105,27174.4,48,0.168,1,601,1
ID_1505,31,Master,0.1,108018.92,0,18877.65,4314.48,0,0.203,29166.87,24,0.142,0,655,0
ID_1506,33,High School,4.5,71659.26,1,4999.09,3463.38,2,0.094,8420.19,24,0.062,0,677,1
ID_1507,31,High School,10.9,81917.92,0,4840.34,9306.81,0,0.179,1000.0,24,0.006,0,687,1
ID_1508,28,High School,5.6,100012.68,1,26028.78,11118.47,1,0.193,28678.96,24,0.151,0,694,1
ID_1509,39,Master,20.1,70472.09,0,9644.22,0.0,0,0.302,7728.64,60,0.023,0,689,1
ID_1510,29,High School,0.3,86180.08,0,6379.35,8327.94,0,0.298,17348.49,24,0.106,1,586,0
ID_1511,42,Bachelor,11.7,24595.71,1,3221.21,999.71,0,0.185,10130.61,36,0.144,0,690,0
ID_1512,38,Bachelor,8.4,59998.63,0,8751.1,7083.49,1,0.193,30833.3,36,0.18,0,652,0
ID_1513,36,Bachelor,1.9,49446.21,1,11500.29,2831.08,1,0.583,21407.09,24,0.227,2,510,0
ID_1514,28,High School,10.0,125347.11,1,13064.36,10732.55,0,0.175,47632.97,24,0.2,1,666,1
ID_1515,32,High School,1.7,86148.06,1,13794.39,4555.43,0,0.385,11982.61,60,0.029,0,675,1
ID_1516,48,Master,11.0,39528.51,0,5262.27,2156.57,1,0.605,28250.34,60,0.15,3,460,0
ID_1517,45,Master,10.6,65277.13,0,6743.78,6124.38,0,0.427,21560.14,60,0.069,1,611,1
ID_1518,27,Bachelor,7.1,58914.39,1,6173.43,2351.46,0,0.216,19704.0,36,0.117,0,680,0
ID_1519,40,High School,4.1,67993.39,0,16195.81,8170.15,2,0.246,23613.9,36,0.122,1,592,1
ID_1520,48,High School,0.6,32551.5,1,0.0,872.1,1,0.299,52368.94,24,0.845,2,447,0
ID_1521,18,Bachelor,0.0,64861.42,0,14169.13,2087.86,0,0.073,40175.57,36,0.217,0,636,1
ID_1522,45,High School,2.2,48335.63,1,6373.76,5560.87,1,0.21,16786.49,48,0.091,1,635,0
ID_1523,31,Master,7.9,62394.03,1,10005.08,3802.88,2,0.272,14006.4,36,0.079,0,661,1
ID_1524,45,Bachelor,7.1,37714.78,1,7336.05,3409.05,1,0.251,10917.77,24,0.152,1,630,0
ID_1525,29,High School,11.0,40435.7,0,7864.28,555.83,1,0.329,27081.64,12,0.703,1,502,0
ID_1526,18,Master,0.0,97433.07,0,20996.0,0.0,1,0.281,1000.0,24,0.005,1,573,0
ID_1527,19,PhD,1.0,32023.53,0,4530.61,2025.36,1,0.177,21120.56,24,0.346,1,526,0
ID_1528,39,High School,13.9,33227.16,1,2541.77,3090.03,1,0.396,31877.21,48,0.252,0,638,1
ID_1529,42,Bachelor,7.8,52796.99,0,0.0,5000.71,1,0.328,11941.83,36,0.079,1,569,0
ID_1530,28,High School,0.7,36829.51,0,5894.89,2985.69,1,0.178,25731.71,60,0.147,0,612,0
ID_1531,46,Bachelor,0.4,34803.93,1,0.0,4062.99,0,0.511,29777.2,36,0.299,2,500,0
ID_1532,19,High School,0.1,57098.78,1,5584.21,4857.84,0,0.411,1000.0,36,0.006,1,594,0
ID_1533,38,Bachelor,5.0,25526.36,1,8636.18,2116.07,3,0.246,28715.71,36,0.394,1,553,0
ID_1534,24,PhD,5.0,32729.07,0,8101.59,1772.64,3,0.123,16740.45,24,0.269,0,581,0
ID_1535,31,Bachelor,13.0,151304.22,0,10329.68,9599.98,1,0.61,58254.64,36,0.135,3,479,0
ID_1536,39,High School,2.5,68168.48,0,0.0,3494.26,0,0.443,28566.0,36,0.147,1,543,0
ID_1537,28,Bachelor,2.0,37298.87,1,0.0,2068.67,0,0.253,8459.72,24,0.119,3,495,0
ID_1538,34,High School,4.9,66776.57,1,9116.99,6956.92,0,0.151,1000.0,60,0.003,1,673,1
ID_1539,51,Master,8.7,71945.58,0,0.0,7106.79,1,0.436,24107.83,24,0.176,1,560,0
ID_1540,32,Bachelor,13.8,89072.61,1,0.0,7478.34,0,0.161,48509.36,48,0.143,1,648,0
ID_1541,49,High School,8.1,50839.15,0,1777.45,3727.05,1,0.269,14108.83,36,0.097,2,551,0
ID_1542,25,High School,2.8,88278.23,0,25530.23,4398.94,1,0.291,30662.91,48,0.091,0,634,0
ID_1543,45,Bachelor,5.0,19550.9,1,6807.04,1371.1,1,0.315,38324.92,12,2.058,9,300,0
ID_1544,56,High School,9.7,31947.4,0,1959.43,4574.73,3,0.371,37381.28,36,0.41,1,522,0
ID_1545,18,Bachelor,0.0,58802.27,0,12329.11,5134.23,2,0.143,24927.15,48,0.111,1,565,0
ID_1546,29,High School,1.2,63883.52,0,6883.89,975.66,1,0.112,13151.5,60,0.043,1,595,1
ID_1547,45,High School,0.9,34341.47,0,0.0,3540.51,0,0.294,20325.91,48,0.155,1,559,1
ID_1548,36,Bachelor,0.0,61679.69,1,8060.04,5110.26,3,0.271,5743.26,48,0.024,0,638,0
ID_1549,43,Master,6.3,39659.27,0,11974.66,1037.06,0,0.401,8030.46,36,0.071,0,639,0
ID_1550,31,Master,0.6,47170.33,0,10887.55,2141.91,0,0.447,42815.06,48,0.238,0,587,0
ID_1551,40,High School,1.4,90435.02,0,17569.26,7371.05,2,0.279,31032.28,24,0.18,1,578,0
ID_1552,37,Bachelor,1.8,85345.99,0,8103.15,5976.93,0,0.383,30177.3,24,0.186,1,578,0
ID_1553,53,High School,4.1,32907.96,0,3354.08,0.0,1,0.243,12088.22,36,0.129,1,581,0
ID_1554,42,Bachelor,2.5,31932.33,1,4010.46,1785.15,1,0.098,46551.27,36,0.51,0,628,0
ID_1555,43,Bachelor,5.6,44108.74,1,6945.26,989.71,1,0.23,20816.14,36,0.165,1,621,1
ID_1556,34,Master,0.3,53456.68,1,6535.87,2230.33,3,0.393,27362.05,48,0.134,0,596,1
ID_1557,33,Master,0.7,38989.62,1,7594.02,2034.91,2,0.033,45967.49,36,0.413,1,584,1
ID_1558,33,Bachelor,3.5,91155.42,1,19130.25,5739.69,0,0.044,11991.58,12,0.138,0,725,1
ID_1559,43,Bachelor,2.1,64453.22,1,7217.02,6049.02,0,0.478,13564.15,60,0.044,0,663,1
ID_1560,33,Master,1.8,66372.8,0,8830.28,5723.99,3,0.153,43604.55,36,0.23,1,555,0
ID_1561,42,Master,0.3,28759.71,0,8704.82,3646.39,1,0.396,39650.49,60,0.29,1,535,0
ID_1562,63,High School,11.3,97114.44,1,24893.37,2474.2,0,0.367,31185.88,36,0.112,0,735,1
ID_1563,49,High School,5.9,15000.0,0,6238.03,1518.08,1,0.412,1000.0,12,0.07,2,522,0
ID_1564,35,Bachelor,0.6,82209.63,1,3917.12,1896.59,0,0.144,48024.15,48,0.153,0,678,1
ID_1565,53,High School,0.3,86435.68,0,19472.43,5216.91,0,0.173,14020.2,36,0.057,1,650,1
ID_1566,34,High School,16.0,43643.05,0,10267.82,2488.47,1,0.692,14561.5,12,0.35,3,428,0
ID_1567,18,High School,0.0,102380.86,1,6352.2,9094.07,0,0.231,21397.97,36,0.073,0,669,1
ID_1568,26,Bachelor,2.7,52493.85,0,0.0,1295.07,0,0.507,3438.42,60,0.014,2,481,0
ID_1569,18,High School,0.0,55894.2,1,12075.83,965.53,1,0.307,46932.38,24,0.441,1,542,0
ID_1570,34,High School,7.1,64200.38,1,0.0,3656.69,2,0.276,28099.9,24,0.23,0,613,1
ID_1571,39,High School,7.6,250000.0,1,0.0,11003.43,1,0.228,37588.86,36,0.053,0,689,1
ID_1572,59,Master,3.2,106108.45,0,0.0,9501.15,1,0.237,11057.32,60,0.022,1,611,0
ID_1573,42,Master,2.8,76923.42,0,14827.76,0.0,1,0.585,42759.11,36,0.195,3,443,0
ID_1574,36,Bachelor,0.1,34323.92,0,5075.58,1540.58,1,0.22,50626.36,36,0.516,3,429,0
ID_1575,48,Bachelor,13.1,58208.98,0,0.0,5275.33,1,0.22,2058.58,36,0.012,1,615,1
ID_1576,18,PhD,0.0,36077.98,0,10580.65,4014.41,0,0.214,4750.11,12,0.138,0,616,0
ID_1577,41,High School,1.1,81720.11,0,18068.0,4568.06,0,0.205,10506.27,60,0.027,0,679,1
ID_1578,48,High School,12.6,58118.16,0,16891.87,1059.62,1,0.292,41645.48,60,0.15,1,617,1
ID_1579,21,High School,3.0,30876.15,1,3327.04,2814.46,0,0.304,28257.97,60,0.192,1,581,0
ID_1580,52,High School,22.6,56419.06,0,2133.29,755.27,1,0.301,23807.44,36,0.148,1,621,0
ID_1581,43,Bachelor,10.4,35429.19,1,11321.11,2615.1,0,0.447,31610.78,36,0.312,2,560,0
ID_1582,34,Master,16.0,58431.37,1,14258.18,1447.52,0,0.137,59778.57,60,0.215,2,628,0
ID_1583,46,Bachelor,1.4,35258.48,0,12744.52,3413.8,1,0.092,1000.0,60,0.006,0,674,1
ID_1584,66,Bachelor,9.2,54926.09,0,3618.98,5166.9,2,0.38,19421.18,36,0.124,1,593,1
ID_1585,41,Master,8.7,78844.67,0,9975.68,0.0,1,0.178,1000.0,36,0.004,1,626,0
ID_1586,41,High School,1.3,52758.17,0,4986.99,4978.7,0,0.16,34119.15,36,0.226,1,597,1
ID_1587,33,High School,0.5,44558.4,0,12807.35,5330.38,2,0.055,44566.18,24,0.525,2,500,0
ID_1588,28,Bachelor,10.0,59972.3,0,16709.72,6378.0,1,0.215,19480.07,48,0.085,1,614,0
ID_1589,48,Bachelor,1.8,76771.7,0,13953.45,2609.06,0,0.258,36750.05,24,0.251,0,648,1
ID_1590,28,High School,10.0,31144.98,0,1831.15,2409.5,1,0.529,1000.0,24,0.017,2,493,0
ID_1591,39,Bachelor,0.0,61717.83,0,7218.5,4758.56,0,0.166,33615.79,36,0.191,1,601,0
ID_1592,33,Bachelor,0.1,104691.21,0,16175.37,6626.0,0,0.395,69184.12,60,0.139,0,629,0
ID_1593,44,Bachelor,3.1,72173.52,0,11873.81,4557.15,2,0.127,18124.55,36,0.088,0,655,1
ID_1594,43,Bachelor,1.4,55763.63,0,14454.08,5150.51,1,0.076,32514.58,36,0.204,0,658,1
ID_1595,51,High School,5.9,74597.98,0,8648.61,1573.26,1,0.273,14381.35,36,0.067,0,658,0
ID_1596,32,High School,4.2,67931.03,0,7557.48,6093.32,0,0.081,28167.79,36,0.145,1,624,1
ID_1597,35,Bachelor,0.4,78968.2,1,0.0,3113.23,0,0.422,44939.63,36,0.199,3,476,0
ID_1598,27,High School,0.9,19693.31,0,5974.04,1188.89,3,0.501,35786.37,48,0.477,3,347,0
ID_1599,33,Master,2.5,24916.16,0,3218.82,2384.63,0,0.349,23157.85,12,0.976,3,365,0
ID_1600,43,Bachelor,1.0,89537.66,0,22778.62,5950.14,1,0.387,22859.65,24,0.134,3,497,0
ID_1601,48,High School,7.9,25523.64,0,5832.08,1797.85,1,0.279,3370.7,48,0.035,1,600,0
ID_1602,27,Bachelor,2.7,66222.09,1,11074.83,5052.99,0,0.247,43326.65,36,0.229,2,573,0
ID_1603,49,Bachelor,0.5,45432.14,1,3879.08,3002.64,3,0.152,38484.51,36,0.296,0,625,1
ID_1604,55,High School,3.3,32922.3,1,10896.19,968.8,0,0.424,2402.12,36,0.026,0,679,1
ID_1605,43,Master,0.5,64526.09,1,2930.09,6261.89,1,0.351,28165.94,36,0.153,2,551,0
ID_1606,61,Master,0.7,59905.09,0,0.0,2211.72,2,0.634,8316.43,60,0.029,3,426,0
ID_1607,29,Bachelor,1.4,155619.83,1,0.0,13330.41,1,0.449,16800.16,36,0.038,4,444,0
ID_1608,24,High School,6.0,39640.02,0,9667.13,2097.52,2,0.066,39608.99,36,0.35,2,512,0
ID_1609,18,Bachelor,0.0,111307.85,0,18713.96,5933.16,1,0.425,42813.37,36,0.135,3,459,0
ID_1610,56,Bachelor,8.8,64615.62,1,4153.68,6479.48,0,0.43,37800.5,36,0.205,1,633,1
ID_1611,46,High School,2.0,38928.78,1,12297.15,4781.95,2,0.057,20128.74,24,0.271,0,671,1
ID_1612,38,High School,1.6,80791.19,0,0.0,0.0,2,0.203,33290.03,60,0.087,0,590,0
ID_1613,42,Master,4.0,71888.33,1,5319.82,2371.54,0,0.244,11093.4,36,0.054,2,604,0
ID_1614,25,High School,6.4,55156.05,1,6107.12,840.74,1,0.187,38549.98,36,0.245,0,644,1
ID_1615,68,Bachelor,25.1,61892.09,0,0.0,4226.31,1,0.591,24671.21,12,0.419,0,609,0
ID_1616,40,Bachelor,0.7,40195.35,0,9660.74,1855.13,0,0.402,16453.2,36,0.143,2,522,0
ID_1617,40,Bachelor,0.3,35850.27,0,0.0,3303.28,0,0.462,11881.55,36,0.116,1,531,0
ID_1618,47,High School,5.9,79199.17,1,17760.5,4002.34,0,0.108,37211.92,12,0.493,0,691,1
ID_1619,44,Master,8.9,48437.53,1,14355.67,0.0,2,0.148,22536.04,48,0.122,1,639,1
ID_1620,41,Bachelor,9.4,52049.92,0,8066.9,3411.94,1,0.625,16187.34,12,0.327,0,569,0
ID_1621,29,Bachelor,5.7,62312.09,0,4089.84,7006.07,2,0.436,16118.45,24,0.136,0,580,0
ID_1622,44,Bachelor,15.4,61860.94,0,9651.96,2682.03,1,0.157,2619.97,36,0.015,1,653,0
ID_1623,61,Bachelor,3.6,26511.58,1,3884.99,4082.32,0,0.156,27997.46,36,0.37,1,633,0
ID_1624,55,PhD,12.3,103066.12,1,16456.65,6222.94,0,0.207,30171.87,24,0.154,0,747,1
ID_1625,58,Bachelor,17.2,57560.46,1,4203.29,5380.55,1,0.285,1000.0,36,0.006,0,730,1
ID_1626,32,Bachelor,9.4,48955.81,0,6464.65,3826.11,3,0.521,5631.09,36,0.04,0,575,0
ID_1627,27,PhD,1.9,67199.63,1,8380.04,5272.43,2,0.13,1000.0,36,0.005,1,627,1
ID_1628,37,Bachelor,1.1,60978.16,0,8679.41,637.62,1,0.376,46683.08,48,0.201,0,592,1
ID_1629,39,High School,4.0,79501.51,1,8803.05,6718.11,1,0.162,36130.05,36,0.159,0,688,1
ID_1630,52,High School,3.0,70897.6,0,7597.9,4329.74,1,0.297,44871.89,60,0.133,0,643,1
ID_1631,18,Master,0.0,77569.0,1,0.0,0.0,0,0.228,54164.86,60,0.147,1,571,0
ID_1632,57,Bachelor,0.5,106457.06,0,13792.89,0.0,0,0.321,32906.38,24,0.162,1,607,1
ID_1633,37,Bachelor,1.5,84272.62,1,25075.44,6982.0,1,0.105,23918.53,24,0.149,1,658,0
ID_1634,33,Bachelor,7.0,49998.93,0,0.0,1351.15,0,0.168,28513.88,36,0.2,1,574,0
ID_1635,26,High School,0.5,30901.17,0,8690.01,0.0,1,0.21,13394.85,36,0.152,1,552,0
ID_1636,19,Bachelor,1.0,124729.04,1,31423.83,2447.22,0,0.252,10535.6,12,0.089,2,593,1
ID_1637,48,High School,2.4,48104.85,0,12908.8,1627.23,0,0.239,17431.22,36,0.127,0,658,0
ID_1638,39,Bachelor,4.9,42763.76,0,4986.73,4765.54,1,0.105,20533.65,36,0.168,1,601,0
ID_1639,23,Bachelor,0.9,22734.45,0,3095.01,1163.06,1,0.166,1000.0,36,0.015,0,607,1
ID_1640,23,Bachelor,5.0,64166.5,0,19684.57,1405.91,0,0.304,2744.36,60,0.009,0,647,0
ID_1641,34,Bachelor,3.0,58363.34,0,12002.82,4025.43,4,0.077,2134.46,36,0.013,1,581,0
ID_1642,59,Master,12.4,25398.43,1,2846.7,0.0,0,0.298,1380.1,48,0.014,0,705,1
ID_1643,35,Bachelor,3.2,67957.45,1,0.0,4141.12,1,0.254,36471.68,36,0.188,2,539,0
ID_1644,20,High School,1.6,42230.76,0,6520.86,2651.86,2,0.412,18980.97,60,0.094,2,473,0
ID_1645,36,High School,0.8,207971.74,1,19522.91,11280.51,0,0.222,21530.26,24,0.054,0,721,1
ID_1646,35,Bachelor,0.0,40754.41,1,0.0,3844.04,2,0.734,31890.19,60,0.164,0,530,0
ID_1647,18,Master,0.0,43582.17,0,0.0,3709.93,1,0.201,39811.0,36,0.32,1,507,0
ID_1648,38,Master,0.6,34982.8,1,3968.05,1176.28,0,0.446,33201.67,36,0.332,2,512,0
ID_1649,36,Master,2.5,102635.41,0,0.0,10073.48,1,0.648,54478.96,36,0.186,0,545,0
ID_1650,47,High School,4.4,44963.76,0,4491.05,2200.62,2,0.568,25712.36,24,0.3,0,550,1
ID_1651,61,Bachelor,1.6,37704.81,0,0.0,3814.96,1,0.324,28551.1,36,0.265,1,549,0
ID_1652,52,Bachelor,1.0,77147.74,1,0.0,5329.45,1,0.32,14105.51,36,0.064,1,607,0
ID_1653,35,High School,7.5,27168.77,0,8389.17,2649.33,0,0.363,1000.0,60,0.008,0,641,0
ID_1654,25,High School,7.0,74054.4,0,19783.72,5316.23,0,0.319,26421.82,24,0.187,0,639,0
ID_1655,69,Master,0.5,132018.83,1,6030.25,11406.23,1,0.083,40549.92,36,0.108,1,694,1
ID_1656,39,High School,0.8,71919.59,1,6737.57,3434.35,1,0.491,11638.85,36,0.057,0,635,0
ID_1657,39,High School,16.1,74529.41,0,0.0,4495.12,3,0.314,15805.68,36,0.074,2,518,0
ID_1658,38,High School,0.2,83703.0,0,13800.95,1214.28,1,0.362,42286.58,60,0.106,3,481,0
ID_1659,41,Master,19.0,127370.32,0,0.0,13240.09,0,0.243,24118.23,36,0.066,5,462,0
ID_1660,37,Bachelor,0.0,99205.33,0,10273.37,8919.79,0,0.184,8379.81,24,0.044,0,672,1
ID_1661,32,Bachelor,10.3,67496.76,0,9442.49,4387.28,0,0.231,7757.1,36,0.04,3,540,0
ID_1662,32,Master,1.8,85130.93,1,10101.91,7238.47,0,0.211,36813.45,12,0.454,2,559,0
ID_1663,38,High School,14.0,34788.17,0,8384.83,3060.95,1,0.136,22638.89,36,0.228,1,612,0
ID_1664,32,Bachelor,1.9,79869.3,0,6460.61,6832.32,0,0.383,22383.92,36,0.098,1,580,0
ID_1665,30,High School,5.3,32768.47,0,6854.7,3451.34,2,0.063,1000.0,36,0.011,0,645,1
ID_1666,40,High School,0.4,45093.29,0,13873.44,3455.66,1,0.127,33586.14,60,0.156,1,600,1
ID_1667,35,Master,1.4,15000.0,1,7548.64,2110.34,2,0.551,43584.59,60,0.61,0,522,0
ID_1668,57,Bachelor,7.4,66218.48,1,0.0,0.0,0,0.075,18476.56,24,0.146,1,657,0
ID_1669,18,Bachelor,0.0,39264.03,0,10674.31,4775.33,1,0.127,32367.86,36,0.289,1,553,0
ID_1670,52,Bachelor,13.2,94426.08,0,16904.67,8118.93,1,0.088,17676.17,60,0.039,0,728,1
ID_1671,53,Bachelor,2.8,65847.47,0,0.0,3246.36,4,0.562,35689.53,36,0.19,1,477,0
ID_1672,18,High School,0.0,95039.51,0,12972.35,3670.06,1,0.154,33889.26,24,0.187,0,619,0
ID_1673,34,High School,3.0,31514.46,0,5081.96,1912.23,1,0.2,18082.44,36,0.201,1,564,0
ID_1674,34,High School,16.0,91052.63,0,9155.17,9196.26,1,0.49,1000.0,24,0.006,1,605,1
ID_1675,22,High School,4.0,155271.14,0,14580.7,0.0,0,0.261,10609.79,36,0.024,0,651,1
ID_1676,29,Master,2.0,79386.15,0,14469.4,3219.76,1,0.377,31203.06,60,0.083,0,615,1
ID_1677,25,High School,7.0,80432.57,0,20224.48,5612.75,4,0.174,40911.59,24,0.267,0,593,1
ID_1678,60,High School,9.4,58970.87,1,6638.41,4749.6,0,0.121,14114.75,36,0.084,2,657,1
ID_1679,50,Bachelor,1.2,41675.37,0,8560.63,1238.94,1,0.39,49201.54,36,0.413,0,577,0
ID_1680,54,Master,4.9,79268.51,0,0.0,4140.57,1,0.108,51888.13,60,0.137,2,561,0
ID_1681,47,High School,0.4,25513.39,0,0.0,745.45,2,0.296,37570.07,48,0.387,1,492,0
ID_1682,25,High School,7.0,43963.83,0,13045.73,4219.48,0,0.747,4552.22,12,0.109,2,481,0
ID_1683,32,Bachelor,1.0,22347.54,1,5103.49,1984.82,0,0.314,37804.48,24,0.888,5,324,0
ID_1684,44,Bachelor,0.4,38107.71,0,8162.22,5247.46,0,0.251,15308.76,24,0.211,0,633,0
ID_1685,24,Bachelor,2.6,74684.1,1,10626.6,7060.64,0,0.209,14321.7,12,0.201,1,626,0
ID_1686,47,Master,4.3,69751.67,1,16431.85,0.0,1,0.392,33153.53,36,0.166,1,610,1
ID_1687,36,PhD,9.7,55573.23,0,0.0,0.0,0,0.331,32714.05,36,0.206,2,510,0
ID_1688,34,Bachelor,16.0,58994.56,0,8551.82,0.0,1,0.539,33208.68,24,0.296,2,496,0
ID_1689,47,Bachelor,2.9,21100.83,0,7166.2,3169.92,2,0.407,36824.92,36,0.611,2,441,0
ID_1690,44,Bachelor,0.3,44968.56,1,12883.65,3162.45,0,0.548,23975.14,24,0.28,1,575,0
ID_1691,34,High School,6.9,38535.08,0,9099.06,4780.17,0,0.562,1000.0,60,0.005,0,617,0
ID_1692,52,PhD,4.2,38966.99,0,13717.3,5078.41,4,0.333,62488.7,48,0.421,1,516,0
ID_1693,26,Bachelor,3.0,73115.04,1,4417.48,8316.48,1,0.116,17963.44,24,0.129,1,627,0
ID_1694,46,High School,1.9,35233.28,1,9207.73,4855.98,0,0.183,12169.48,24,0.181,0,688,1
ID_1695,46,Bachelor,3.5,40041.01,1,7830.2,3245.11,0,0.169,3132.65,60,0.016,0,712,1
ID_1696,35,High School,2.1,19081.32,0,0.0,3408.18,4,0.356,27730.36,24,0.763,5,300,0
ID_1697,42,Bachelor,7.1,46767.25,0,12967.97,4519.78,0,0.198,25642.59,24,0.288,2,564,0
ID_1698,23,Bachelor,3.9,31447.7,0,9273.66,1008.53,1,0.144,22834.25,24,0.381,1,544,0
ID_1699,50,Bachelor,10.5,56364.88,0,10187.96,5633.3,0,0.483,51970.86,48,0.242,0,635,1
ID_1700,36,Master,3.9,33672.81,0,0.0,0.0,0,0.256,36854.35,36,0.383,2,479,0
ID_1701,32,High School,1.4,57083.54,0,16394.47,2517.98,2,0.291,6681.64,12,0.123,0,606,0
ID_1702,51,Bachelor,9.5,50395.5,0,9123.85,5781.86,0,0.283,62329.89,36,0.433,1,593,0
ID_1703,30,Bachelor,4.1,124993.98,0,27006.8,2653.17,0,0.457,1000.0,12,0.008,0,646,0
ID_1704,22,Bachelor,1.2,69467.13,0,18749.87,7311.74,1,0.381,22916.53,24,0.173,1,554,0
ID_1705,20,Bachelor,2.0,21594.22,0,6596.52,2087.82,1,0.093,11856.01,24,0.288,1,550,0
ID_1706,46,Bachelor,2.2,28783.44,1,10266.02,0.0,0,0.507,31668.63,24,0.578,2,490,0
ID_1707,23,Bachelor,5.0,55692.68,1,10018.25,4301.16,0,0.179,36450.47,48,0.172,1,631,0
ID_1708,60,High School,3.0,34032.66,0,5959.77,3136.02,0,0.176,17567.76,48,0.136,0,672,1
ID_1709,18,Master,0.0,15000.0,1,3498.71,687.67,0,0.288,43908.18,48,0.768,6,300,0
ID_1710,59,Bachelor,0.5,106380.03,0,10269.88,12213.6,0,0.634,28583.23,36,0.094,1,584,0
ID_1711,41,Bachelor,2.5,77661.27,0,10152.07,6393.31,3,0.502,51298.07,24,0.347,0,549,0
ID_1712,37,High School,19.0,70297.28,1,16420.16,7313.77,0,0.19,41723.37,36,0.208,3,599,0
ID_1713,32,High School,8.3,39988.15,0,1776.0,0.0,1,0.058,16517.49,36,0.145,2,544,0
ID_1714,43,Bachelor,0.9,67093.23,0,5448.89,5239.14,0,0.438,43993.11,36,0.229,2,516,0
ID_1715,38,Master,1.6,38094.3,1,6467.02,4050.75,0,0.287,13385.6,60,0.074,1,626,1
ID_1716,52,Bachelor,2.0,60019.73,0,6059.61,1979.28,0,0.087,36277.08,60,0.127,0,679,1
ID_1717,40,Master,5.3,34190.68,0,5000.84,2516.24,1,0.594,34476.85,24,0.529,2,436,0
ID_1718,40,Bachelor,7.1,115629.25,1,15278.49,6241.35,0,0.223,15693.32,36,0.048,1,682,1
ID_1719,34,Bachelor,6.9,24707.98,1,5161.63,4195.68,1,0.319,1000.0,24,0.021,1,614,1
ID_1720,38,High School,3.6,100322.16,1,3180.23,6788.97,3,0.14,51598.8,36,0.18,1,603,1
ID_1721,42,Master,8.3,55240.85,1,0.0,2564.58,0,0.45,32539.09,36,0.206,3,494,0
ID_1722,18,High School,0.0,42415.39,1,3473.72,3722.6,1,0.298,25369.95,60,0.126,1,569,1
ID_1723,22,Master,0.7,58894.41,0,7941.15,5683.11,0,0.25,25337.26,36,0.151,3,486,0
ID_1724,47,Master,4.2,78172.56,1,19686.06,1414.76,0,0.078,42545.98,48,0.143,1,684,1
ID_1725,41,Master,15.2,107298.87,0,24413.15,2803.12,0,0.362,64334.98,36,0.21,1,629,0
ID_1726,36,Bachelor,7.9,63358.95,1,5226.48,2315.12,1,0.447,41249.47,36,0.228,1,583,0
ID_1727,39,Bachelor,4.3,34705.45,0,6002.76,2406.66,0,0.103,31616.03,12,0.957,2,471,0
ID_1728,43,Bachelor,5.2,55704.44,0,14547.5,2216.77,1,0.083,30147.39,24,0.284,0,653,1
ID_1729,32,High School,13.3,134375.93,0,28773.27,4257.47,0,0.359,31552.53,36,0.082,1,636,1
ID_1730,29,Bachelor,2.8,106280.71,0,21070.66,7245.56,1,0.109,6931.85,60,0.014,0,678,0
ID_1731,41,High School,2.0,85338.56,1,10311.93,3422.92,1,0.365,35530.58,60,0.087,1,617,1
ID_1732,27,Bachelor,9.0,80647.53,0,8160.42,4929.16,0,0.186,1409.43,36,0.006,1,633,1
ID_1733,43,High School,10.0,76858.78,1,10296.89,8068.72,1,0.117,32953.81,24,0.225,2,619,1
ID_1734,18,High School,0.0,96700.84,1,17769.04,3812.59,0,0.562,16510.88,36,0.06,2,537,0
ID_1735,51,Bachelor,3.1,43117.56,0,8700.17,3066.52,0,0.485,40583.29,24,0.494,3,444,1
ID_1736,44,Bachelor,2.7,27514.18,0,5323.82,1535.7,2,0.215,31852.19,36,0.405,2,487,0
ID_1737,42,Bachelor,0.8,56078.16,1,4729.15,4644.98,0,0.024,18685.58,36,0.117,1,665,1
ID_1738,50,High School,15.8,35997.66,0,8902.31,4375.6,2,0.319,6810.43,60,0.04,0,659,1
ID_1739,58,Bachelor,2.6,31967.97,0,1558.43,0.0,0,0.51,51571.47,36,0.565,2,454,0
ID_1740,51,High School,10.4,37792.3,0,4046.58,2564.54,0,0.192,23445.45,12,0.651,2,521,0
ID_1741,18,Bachelor,0.0,187710.65,1,38050.33,17017.83,0,0.086,56316.89,60,0.063,1,681,1
ID_1742,23,Bachelor,4.0,57992.11,1,8704.47,5519.49,1,0.452,2840.52,36,0.017,0,637,1
ID_1743,31,Bachelor,0.1,64922.78,0,7665.91,2069.73,0,0.451,20447.18,48,0.083,1,559,1
ID_1744,39,Bachelor,7.2,29402.02,0,5165.13,1454.27,0,0.29,1000.0,48,0.009,0,649,0
ID_1745,45,High School,4.3,21549.84,0,5040.77,2988.41,1,0.145,38612.39,60,0.376,0,611,0
ID_1746,30,Bachelor,4.9,35971.19,0,5915.17,3535.43,0,0.244,40087.25,36,0.39,3,466,0
ID_1747,41,Bachelor,0.3,111201.35,0,25681.97,5116.58,2,0.101,14108.19,60,0.027,1,627,1
ID_1748,29,Bachelor,1.2,64031.97,0,9791.49,2001.32,1,0.299,13221.35,24,0.108,2,521,0
ID_1749,31,Bachelor,0.4,73079.09,0,13024.86,6656.88,1,0.136,18008.26,60,0.052,0,654,0
ID_1750,22,High School,1.7,78376.78,0,4334.42,2432.07,2,0.239,20682.11,36,0.092,1,550,0
ID_1751,27,Bachelor,4.9,40308.81,0,4844.62,4396.46,0,0.089,14929.02,36,0.13,0,652,1
ID_1752,22,Bachelor,4.0,108443.31,1,22822.53,2833.9,0,0.29,44456.53,60,0.086,0,683,1
ID_1753,27,High School,4.7,39481.84,0,7185.93,1297.84,0,0.306,16560.7,24,0.22,1,562,0
ID_1754,51,High School,4.0,109438.3,0,17088.34,5919.91,0,0.056,1000.0,36,0.003,0,728,1
ID_1755,27,High School,1.6,67585.66,0,5369.18,0.0,0,0.686,20412.52,60,0.063,2,469,0
ID_1756,70,Master,1.4,22147.45,0,879.25,544.63,1,0.19,15776.53,60,0.15,0,633,0
ID_1757,44,Bachelor,0.7,37271.91,0,8907.66,3077.47,1,0.177,1459.48,24,0.021,0,651,0
ID_1758,41,High School,9.5,22192.97,0,0.0,1073.12,0,0.243,28403.8,12,1.344,3,341,0
ID_1759,28,Bachelor,4.8,96919.99,0,7104.7,6295.48,0,0.395,1000.0,36,0.004,1,595,1
ID_1760,47,Bachelor,1.0,53510.45,0,14683.34,3430.46,0,0.417,31855.75,48,0.156,1,584,0
ID_1761,32,Master,1.0,17779.99,1,5679.38,3210.06,0,0.188,24405.02,48,0.36,2,542,0
ID_1762,40,High School,10.3,65373.58,1,4583.89,6383.38,1,0.155,14859.72,36,0.08,2,615,1
ID_1763,69,High School,6.8,41415.81,0,4999.37,1458.4,1,0.419,4373.51,36,0.037,1,605,1
ID_1764,37,Master,5.4,25799.16,0,4784.4,1027.08,0,0.393,1000.0,24,0.02,0,621,0
ID_1765,52,High School,2.6,125364.77,0,0.0,12160.27,1,0.109,40870.64,36,0.114,2,568,0
ID_1766,30,High School,1.5,57161.9,0,12463.74,4390.03,0,0.362,19609.45,36,0.12,0,623,1
ID_1767,38,PhD,19.4,46783.43,1,7617.1,3138.53,1,0.488,1000.0,36,0.007,0,682,1
ID_1768,60,Bachelor,8.0,44368.61,1,5042.29,1351.43,0,0.151,24787.83,12,0.587,3,532,0
ID_1769,31,High School,1.8,25421.75,0,8217.28,3204.44,0,0.345,20082.61,36,0.276,2,502,0
ID_1770,60,High School,9.4,28218.29,1,5841.76,3644.73,1,0.217,50433.52,60,0.375,3,536,0
ID_1771,47,High School,7.1,102997.33,1,5750.08,1731.97,3,0.222,17584.92,48,0.045,1,627,0
ID_1772,32,High School,1.8,42747.18,0,0.0,3315.12,1,0.06,42629.24,36,0.349,2,500,0
ID_1773,46,Master,2.8,54777.45,0,8153.73,0.0,0,0.113,21062.04,12,0.404,0,632,1
ID_1774,50,Bachelor,1.0,19493.47,1,0.0,0.0,0,0.234,3730.7,48,0.05,1,606,0
ID_1775,46,Bachelor,0.6,28027.85,0,3351.31,2633.32,0,0.519,33487.82,36,0.418,4,374,0
ID_1776,20,Master,2.0,73490.12,0,14302.03,0.0,1,0.514,46917.02,36,0.223,1,511,0
ID_1777,30,Bachelor,1.6,65437.83,0,14625.41,2237.78,0,0.451,41324.01,60,0.133,0,608,0
ID_1778,36,High School,8.6,130181.85,0,26114.44,10831.58,1,0.339,30651.32,36,0.082,0,666,1
ID_1779,38,Bachelor,20.0,106030.09,0,0.0,6377.97,1,0.52,42951.16,36,0.142,0,614,1
ID_1780,46,Master,0.4,48273.81,1,6235.1,4110.12,1,0.253,28065.85,24,0.305,0,643,1
ID_1781,41,Master,3.2,68629.43,1,5467.21,2301.87,1,0.533,26474.61,36,0.135,2,532,0
ID_1782,22,High School,4.0,46244.52,0,9575.66,5361.57,1,0.301,1000.0,24,0.011,0,622,1
ID_1783,43,Bachelor,7.8,151358.26,0,11574.92,12531.07,0,0.284,28821.58,12,0.2,1,630,1
ID_1784,46,Bachelor,7.1,96231.05,1,6914.2,7134.49,1,0.139,52143.15,24,0.284,1,647,0
ID_1785,45,Master,2.1,58973.45,1,9652.17,5685.96,2,0.435,1000.0,36,0.006,0,649,0
ID_1786,51,High School,3.0,59885.96,0,8838.06,2442.27,2,0.35,1380.91,36,0.008,0,631,0
ID_1787,49,Bachelor,4.5,111571.97,1,26318.73,9191.88,0,0.284,19112.51,36,0.06,0,729,1
ID_1788,44,Master,18.2,72387.5,0,8132.12,0.0,1,0.197,1000.0,48,0.004,0,692,1
ID_1789,38,Bachelor,2.0,118103.19,1,0.0,3469.47,4,0.359,37317.04,48,0.083,0,588,0
ID_1790,19,Bachelor,1.0,18091.11,0,4704.86,859.27,1,0.389,1000.0,48,0.015,3,435,0
ID_1791,44,High School,1.6,68228.26,1,3036.48,4261.2,0,0.256,37250.74,36,0.191,0,669,0
ID_1792,41,High School,22.6,41868.23,1,10206.35,3830.67,2,0.511,43078.15,36,0.36,2,546,0
ID_1793,42,High School,5.5,130377.45,1,19038.19,11220.16,0,0.205,36824.24,60,0.059,1,690,1
ID_1794,23,Master,3.1,117383.23,0,21849.02,9134.89,0,0.272,25367.83,48,0.057,2,570,0
ID_1795,26,High School,4.8,55073.17,1,0.0,937.15,0,0.281,34616.88,48,0.165,2,537,0
ID_1796,51,Bachelor,1.6,116752.96,0,16723.2,11392.36,0,0.434,4204.58,24,0.019,0,668,1
ID_1797,38,Bachelor,1.6,132132.07,0,16135.13,0.0,0,0.335,29674.81,36,0.079,1,600,0
ID_1798,47,High School,0.6,56229.87,0,0.0,4813.62,1,0.146,13868.9,36,0.086,1,584,0
ID_1799,39,Bachelor,0.6,186459.04,1,44559.95,16976.8,1,0.295,41033.89,36,0.077,0,707,1
ID_1800,39,Bachelor,2.1,53334.01,0,6445.3,2591.79,2,0.262,37784.12,36,0.248,0,593,0
ID_1801,50,Master,7.2,48666.18,0,0.0,5224.73,1,0.187,10413.09,36,0.075,0,643,1
ID_1802,32,Bachelor,4.7,83527.93,0,6998.8,1830.19,2,0.201,31329.86,36,0.131,0,620,1
ID_1803,40,Bachelor,0.5,45392.61,0,12800.76,2588.86,0,0.295,32076.09,60,0.148,2,544,0
ID_1804,33,High School,9.6,56538.09,0,11268.8,4776.65,0,0.206,16466.68,36,0.102,0,671,0
ID_1805,33,Master,4.6,109613.65,0,22812.49,0.0,1,0.33,25404.2,60,0.049,1,593,1
ID_1806,35,High School,16.2,54699.48,0,14987.33,3370.24,1,0.142,34207.72,36,0.219,1,627,1
ID_1807,41,Bachelor,5.5,23213.54,0,0.0,0.0,1,0.133,16779.26,36,0.253,0,594,1
ID_1808,33,High School,1.0,65098.69,1,0.0,4589.95,0,0.295,9054.56,36,0.049,1,602,0
ID_1809,54,Master,3.2,38248.25,1,5705.27,0.0,0,0.537,29101.18,48,0.2,2,540,0
ID_1810,28,Bachelor,5.2,83502.81,1,0.0,7865.72,0,0.237,51701.02,36,0.217,0,646,0
ID_1811,36,Bachelor,0.1,76733.59,1,13805.24,1773.98,0,0.108,22253.62,60,0.061,0,707,1
ID_1812,33,High School,0.1,113062.97,0,0.0,9577.83,2,0.242,18660.82,60,0.035,2,511,0
ID_1813,56,Bachelor,0.7,85286.05,0,14810.26,6374.9,1,0.544,10733.02,36,0.044,1,583,0
ID_1814,41,Bachelor,1.4,93444.42,1,13846.92,0.0,1,0.552,45701.35,12,0.514,4,397,0
ID_1815,51,Bachelor,2.8,38771.92,0,10962.37,5314.82,0,0.286,40753.41,36,0.368,1,582,0
ID_1816,21,High School,3.0,80982.9,0,3221.34,3159.05,1,0.295,22368.05,24,0.145,0,596,0
ID_1817,42,PhD,0.7,144961.82,0,5727.28,5455.36,2,0.62,10827.21,60,0.016,3,449,0
ID_1818,49,Master,5.6,38394.71,0,11474.97,0.0,0,0.164,10660.56,60,0.058,0,676,1
ID_1819,39,High School,4.5,133234.92,1,10697.53,6278.02,0,0.375,9602.28,48,0.019,2,608,1
ID_1820,51,Master,1.7,41164.23,0,9684.27,4136.07,0,0.499,16121.21,60,0.082,0,625,0
ID_1821,32,Bachelor,0.1,35383.98,0,7841.59,2241.58,0,0.171,14906.16,60,0.088,0,639,0
ID_1822,55,Bachelor,0.4,62824.49,0,17913.93,5599.21,1,0.177,11714.44,60,0.039,0,679,1
ID_1823,66,High School,2.5,77493.95,0,20350.18,6375.43,0,0.088,45072.29,48,0.153,0,718,0
ID_1824,34,Bachelor,0.8,85466.1,0,0.0,1954.51,1,0.246,53534.76,36,0.219,0,584,1
ID_1825,33,Bachelor,2.4,33493.91,0,0.0,3907.05,1,0.352,5392.21,12,0.169,2,478,0
ID_1826,56,Bachelor,4.9,67323.86,1,5499.83,7812.68,0,0.417,14715.69,12,0.23,1,627,1
ID_1827,57,Bachelor,4.0,38454.18,1,8194.87,5099.53,3,0.179,7937.69,48,0.054,0,678,1
ID_1828,32,Bachelor,1.3,25733.24,0,0.0,1723.5,0,0.095,30732.73,24,0.627,1,511,0
ID_1829,33,Bachelor,2.1,34051.58,0,9775.61,2084.87,1,0.338,18883.63,36,0.194,1,550,0
ID_1830,35,High School,4.8,37218.08,0,0.0,3037.26,0,0.396,6448.78,36,0.061,2,508,0
ID_1831,22,Master,4.0,70319.02,0,7288.49,5168.68,2,0.24,54747.02,24,0.409,2,480,0
ID_1832,27,Bachelor,7.0,96385.09,0,21625.17,4275.75,2,0.218,33778.62,60,0.074,0,644,0
ID_1833,26,High School,4.0,25936.24,0,0.0,2446.81,0,0.065,7369.95,60,0.06,0,630,0
ID_1834,29,High School,2.2,64600.7,0,16507.8,7071.65,0,0.274,52120.71,36,0.282,1,580,0
ID_1835,38,Bachelor,2.3,30081.06,0,5533.28,1463.68,1,0.601,4356.66,60,0.03,0,572,1
ID_1836,41,Master,10.6,74201.73,0,9952.84,3440.91,0,0.13,36060.13,36,0.17,3,552,0
ID_1837,57,Bachelor,0.2,39681.28,1,2169.67,3974.29,1,0.144,68521.14,60,0.363,1,606,1
ID_1838,27,Bachelor,9.0,32027.03,0,4908.94,1281.18,2,0.211,22638.53,60,0.148,0,604,0
ID_1839,50,High School,5.5,80808.08,0,21740.68,3318.66,1,0.274,19810.81,12,0.257,0,648,1
ID_1840,36,Bachelor,5.7,40398.13,0,8740.99,1328.94,2,0.069,28016.74,48,0.182,0,633,1
ID_1841,38,PhD,0.2,46259.31,0,9423.56,0.0,0,0.3,65058.82,48,0.369,1,547,0
ID_1842,47,Bachelor,4.7,17854.4,1,5264.91,2401.25,2,0.305,51572.02,36,1.011,2,441,1
ID_1843,25,High School,3.3,86966.28,0,15853.6,3021.81,0,0.149,17019.02,36,0.068,0,666,1
ID_1844,43,Bachelor,0.6,81671.0,0,14720.68,1366.1,0,0.164,30481.59,24,0.196,0,658,1
ID_1845,40,High School,1.6,54324.41,0,11545.11,0.0,2,0.257,41612.42,36,0.268,1,545,1
ID_1846,44,Bachelor,11.1,25240.61,0,0.0,1750.14,1,0.157,17278.27,36,0.24,1,572,0
ID_1847,42,Bachelor,4.0,99179.3,0,21489.51,1947.76,1,0.243,4631.33,60,0.01,1,625,0
ID_1848,68,Bachelor,2.7,38826.89,0,0.0,0.0,2,0.382,44518.27,48,0.301,2,477,0
ID_1849,31,High School,0.4,43188.23,0,5728.33,2718.87,1,0.375,34175.7,36,0.277,0,570,0
ID_1850,32,Master,6.3,172132.88,1,37000.45,3979.89,0,0.209,30739.57,24,0.094,0,726,1
ID_1851,31,Bachelor,6.1,38108.09,0,0.0,3826.66,1,0.371,44923.59,48,0.309,3,422,0
ID_1852,32,Bachelor,4.8,78519.71,0,6909.22,3786.15,0,0.252,4384.89,36,0.02,0,658,0
ID_1853,31,Bachelor,3.6,71757.39,1,5048.92,2256.28,0,0.425,20829.19,60,0.061,1,606,1
ID_1854,53,Bachelor,2.8,65846.8,1,12423.51,6186.88,1,0.308,72487.38,24,0.578,2,540,0
ID_1855,56,Bachelor,4.5,62380.02,1,16584.39,3230.6,2,0.25,35217.7,24,0.296,1,620,1
ID_1856,32,Bachelor,1.3,65394.56,0,18086.36,7165.26,1,0.446,36304.24,36,0.194,1,552,0
ID_1857,29,Bachelor,11.0,62067.04,0,15278.78,5991.57,0,0.163,26905.16,60,0.091,1,639,0
ID_1858,44,High School,4.4,52788.09,1,6761.45,2007.37,2,0.204,1000.0,24,0.01,0,677,1
ID_1859,32,Master,1.9,115340.23,1,7792.09,2657.18,3,0.126,10276.08,12,0.094,1,611,0
ID_1860,46,Bachelor,3.0,28104.07,0,3655.1,577.5,0,0.159,41442.17,60,0.31,1,578,1
ID_1861,41,High School,8.2,90285.22,1,20209.62,2612.95,0,0.205,15247.12,24,0.089,1,679,1
ID_1862,20,Bachelor,0.9,81729.57,0,21906.58,8660.44,0,0.498,21941.23,36,0.094,2,517,0
ID_1863,57,Master,1.7,76818.41,0,8316.17,4132.92,0,0.266,30245.1,24,0.207,3,523,0
ID_1864,60,Master,5.7,94701.94,0,22521.68,2588.6,0,0.181,7415.91,24,0.041,0,717,1
ID_1865,31,Bachelor,1.9,51725.2,0,8801.11,3094.85,1,0.284,1915.99,24,0.019,0,627,0
ID_1866,34,High School,7.9,21279.79,0,0.0,0.0,1,0.163,24773.71,48,0.306,0,580,0
ID_1867,42,Bachelor,0.7,52253.06,1,10568.3,2536.03,1,0.208,18325.91,48,0.092,0,676,1
ID_1868,43,High School,7.2,33004.62,0,0.0,1891.74,3,0.203,29100.53,24,0.463,3,411,0
ID_1869,46,Master,0.4,37574.1,0,5136.73,4881.59,1,0.319,1000.0,24,0.014,0,628,0
ID_1870,63,High School,0.1,29108.64,1,7685.71,1312.53,0,0.382,15375.11,60,0.111,2,582,0
ID_1871,36,High School,11.4,42673.25,0,7779.72,3587.05,1,0.312,37400.77,36,0.307,3,479,0
ID_1872,29,Bachelor,4.4,40202.65,0,3515.85,839.86,2,0.362,78024.5,48,0.509,1,481,0
ID_1873,22,Bachelor,2.2,16501.64,1,3462.15,2567.02,0,0.379,27147.6,12,1.727,4,300,0
ID_1874,30,Bachelor,1.3,76888.45,0,0.0,4433.86,0,0.145,37075.16,12,0.506,5,354,0
ID_1875,38,Bachelor,4.8,164416.96,1,20681.77,0.0,1,0.147,33776.53,36,0.072,0,708,1
ID_1876,60,High School,3.6,73358.86,0,16041.46,5450.79,0,0.087,30282.26,36,0.144,0,710,1
ID_1877,32,High School,14.0,48949.19,0,7742.0,3326.04,1,0.358,37276.52,36,0.267,1,570,0
ID_1878,41,Bachelor,20.4,52713.5,0,0.0,2433.63,0,0.22,7740.59,48,0.039,0,676,1
ID_1879,38,High School,5.0,43892.87,0,8952.98,0.0,1,0.178,18571.01,36,0.148,0,632,1
ID_1880,53,Bachelor,2.9,56671.16,1,9177.36,3562.52,1,0.413,29498.14,36,0.182,0,654,0
ID_1881,69,Bachelor,3.4,53183.1,1,0.0,4979.31,0,0.312,7605.29,12,0.15,1,634,1
ID_1882,32,Bachelor,5.7,35577.75,0,5708.74,2352.77,0,0.12,32799.91,36,0.323,1,585,0
ID_1883,33,Master,0.5,125673.71,0,20652.48,11709.9,0,0.61,1000.0,24,0.004,3,488,0
ID_1884,51,Master,2.0,25756.0,0,4816.56,0.0,2,0.295,39619.18,36,0.538,1,503,0
ID_1885,47,Master,0.4,77587.82,0,21947.41,3310.0,1,0.34,22292.62,12,0.302,3,481,0
ID_1886,61,High School,0.4,51503.3,0,3921.08,5176.64,1,0.337,37493.99,36,0.255,0,616,1
ID_1887,46,High School,1.1,140142.62,0,0.0,0.0,0,0.069,42944.42,36,0.107,2,564,0
ID_1888,34,High School,3.3,64243.27,1,8217.12,7521.96,1,0.275,50374.73,36,0.274,3,511,0
ID_1889,46,Master,7.7,45254.04,0,8729.19,2471.76,0,0.111,29836.32,48,0.173,0,679,1
ID_1890,52,PhD,3.3,47865.31,0,5718.11,3920.6,0,0.277,1000.0,60,0.004,2,578,0
ID_1891,48,Master,2.0,55268.22,0,4033.86,4714.69,0,0.17,1000.0,36,0.006,0,675,1
ID_1892,45,High School,0.4,30595.39,0,9792.03,2811.11,1,0.52,2235.81,24,0.038,1,551,0
ID_1893,51,Master,4.0,36922.09,0,9549.26,5395.42,1,0.192,37964.39,36,0.36,0,628,0
ID_1894,53,Bachelor,1.6,22192.91,0,0.0,2805.85,0,0.346,1000.0,24,0.024,0,617,1
ID_1895,55,High School,4.8,34149.78,1,7413.85,4318.93,2,0.021,20784.22,36,0.213,0,693,1
ID_1896,46,Bachelor,18.9,56780.78,1,5734.34,3738.88,1,0.507,17400.46,36,0.107,0,675,1
ID_1897,36,High School,0.6,62949.46,1,10921.49,2745.61,1,0.574,31495.45,36,0.175,0,607,1
ID_1898,40,Bachelor,1.2,20137.42,0,0.0,2543.26,4,0.377,37874.37,36,0.658,0,458,0
ID_1899,53,High School,3.2,50584.18,1,11649.61,1777.91,1,0.027,26708.52,36,0.185,1,665,0
ID_1900,29,Bachelor,11.0,71804.68,0,10655.33,2625.5,1,0.44,39431.61,36,0.192,1,563,0
ID_1901,43,Bachelor,7.4,49938.32,0,12822.79,1162.1,0,0.009,5188.49,24,0.055,0,707,1
ID_1902,34,Master,11.4,39462.48,0,7182.66,2643.87,0,0.06,43374.44,36,0.385,1,607,1
ID_1903,39,Bachelor,2.0,44086.96,0,12821.08,3724.22,2,0.139,27365.87,48,0.163,0,629,0
ID_1904,54,Bachelor,24.2,41341.34,1,8877.42,4448.52,3,0.48,38673.19,48,0.246,1,612,1
ID_1905,41,Master,0.5,39404.48,0,11509.57,3131.57,0,0.655,15690.6,24,0.209,0,571,1
ID_1906,39,Master,0.3,59095.6,1,2902.37,2902.71,1,0.232,1000.0,60,0.004,0,666,1
ID_1907,22,High School,4.0,171758.4,0,28184.21,5509.25,0,0.515,36980.97,36,0.075,3,493,0
ID_1908,47,Bachelor,13.1,37352.31,1,6064.71,3527.21,4,0.118,22418.29,36,0.21,2,568,0
ID_1909,46,High School,0.5,46208.95,0,9374.79,1539.66,2,0.58,46633.0,12,1.06,2,363,0
ID_1910,64,High School,0.6,52793.91,0,12850.55,7174.14,0,0.176,32593.49,60,0.13,1,645,0
ID_1911,35,Bachelor,0.2,38419.59,0,12306.76,3688.78,1,0.307,78134.45,36,0.712,3,407,0
ID_1912,41,Master,0.6,93818.55,0,22176.09,2748.01,1,0.302,47875.93,24,0.268,4,441,0
ID_1913,41,High School,1.2,16556.89,1,2582.17,1827.12,0,0.315,20526.18,36,0.434,1,559,0
ID_1914,57,Master,17.5,41542.42,1,11960.83,1272.56,0,0.34,1000.0,24,0.013,2,646,1
ID_1915,37,Master,5.5,81565.11,0,5042.77,1958.25,0,0.516,9314.73,24,0.06,1,571,0
ID_1916,42,Master,7.5,46767.92,0,12173.88,3703.35,2,0.308,8123.22,36,0.061,1,589,0
ID_1917,46,High School,7.5,35939.08,0,9690.31,2922.94,0,0.453,15621.63,36,0.152,0,629,0
ID_1918,41,Master,3.8,67533.45,1,5329.41,2179.69,2,0.226,22743.99,24,0.177,3,514,1
ID_1919,33,High School,8.0,85235.36,0,21984.81,7194.89,3,0.278,30719.81,48,0.095,0,628,0
ID_1920,41,Bachelor,4.5,60193.38,0,16671.17,0.0,0,0.261,49734.42,36,0.289,2,542,0
ID_1921,51,High School,1.9,36293.35,0,0.0,2599.27,1,0.178,9325.6,12,0.27,2,511,0
ID_1922,26,High School,4.1,68057.05,0,7528.43,0.0,1,0.64,1000.0,36,0.005,0,567,0
ID_1923,40,Bachelor,3.8,44310.43,0,6904.88,1501.48,3,0.083,39957.88,36,0.316,0,599,0
ID_1924,30,Bachelor,8.7,78636.67,1,20686.14,908.59,1,0.281,48980.89,36,0.218,2,575,0
ID_1925,53,High School,20.0,113735.34,1,9912.61,10328.49,1,0.081,16171.6,60,0.03,2,691,1
ID_1926,20,High School,2.0,15000.0,0,0.0,2399.21,2,0.23,43740.29,24,1.531,6,300,0
ID_1927,32,Bachelor,7.2,57270.09,0,2347.19,4673.32,0,0.13,38864.79,36,0.238,2,552,1
ID_1928,43,High School,0.5,22745.74,0,4221.54,2031.09,0,0.271,1000.0,24,0.023,2,544,0
ID_1929,57,Master,7.5,183669.7,0,39972.48,5936.96,2,0.348,13540.33,12,0.077,0,680,1
ID_1930,38,High School,2.3,42870.44,0,4042.69,0.0,0,0.259,16418.41,60,0.08,1,582,1
ID_1931,32,High School,0.2,78683.33,0,21871.37,5210.9,3,0.477,60794.86,60,0.162,3,432,0
ID_1932,61,Bachelor,2.3,53228.09,1,11256.24,0.0,1,0.288,34154.91,36,0.225,3,532,0
ID_1933,21,Bachelor,3.0,36259.54,0,9359.93,3890.81,0,0.069,15938.8,24,0.231,2,547,0
ID_1934,18,Bachelor,0.0,34165.56,0,0.0,4034.86,0,0.106,12451.43,24,0.191,1,549,0
ID_1935,44,High School,12.9,119711.46,0,28803.61,0.0,0,0.214,1000.0,36,0.003,1,669,1
ID_1936,32,PhD,0.4,87375.4,1,5055.64,2668.53,0,0.64,44190.44,36,0.177,2,512,0
ID_1937,26,Bachelor,8.0,143170.58,0,22863.18,4870.44,0,0.384,32121.26,36,0.079,2,566,0
ID_1938,47,High School,6.1,55699.51,0,6465.62,5632.59,2,0.265,36150.03,48,0.17,0,627,1
ID_1939,41,Bachelor,2.0,62564.91,0,7612.98,3737.44,1,0.17,1859.61,24,0.016,0,658,1
ID_1940,32,Master,2.5,47401.27,0,11652.98,5393.21,1,0.107,38244.33,24,0.424,1,567,0
ID_1941,23,High School,5.0,46932.18,1,11680.37,5990.31,0,0.274,20714.65,12,0.463,3,494,1
ID_1942,49,High School,4.6,32178.59,1,5727.2,4354.67,0,0.428,11911.7,12,0.389,3,495,0
ID_1943,46,Bachelor,5.6,56500.52,1,0.0,4442.86,4,0.162,34235.8,36,0.212,2,522,0
ID_1944,37,Bachelor,2.5,36511.29,0,8282.56,959.79,0,0.131,3398.4,24,0.049,0,660,1
ID_1945,61,Bachelor,3.3,67572.37,1,12029.47,2914.07,0,0.207,28222.69,36,0.146,1,674,1
ID_1946,26,High School,8.0,58983.03,0,6542.38,3567.19,1,0.379,20221.89,60,0.072,0,614,1
ID_1947,20,High School,1.2,62557.48,0,9357.93,0.0,1,0.16,44305.46,48,0.186,0,604,1
ID_1948,30,Bachelor,2.7,125187.13,1,12581.52,12789.08,0,0.2,41054.05,48,0.086,1,661,1
ID_1949,38,High School,1.7,53164.23,0,6459.16,0.0,4,0.734,26635.59,36,0.175,2,401,0
ID_1950,41,Bachelor,7.2,79091.72,0,0.0,3529.8,1,0.121,30056.65,48,0.1,1,598,0
ID_1951,36,Bachelor,7.2,151108.7,0,22682.57,11131.33,0,0.144,35774.89,24,0.124,0,702,1
ID_1952,43,High School,1.7,104120.96,0,5707.58,6282.91,2,0.459,24836.19,36,0.083,1,555,1
ID_1953,23,Master,0.4,96431.18,0,0.0,1820.65,0,0.454,10281.41,36,0.037,0,577,0
ID_1954,56,Master,0.1,46474.35,0,13217.34,2899.75,1,0.288,16307.58,36,0.123,1,597,0
ID_1955,38,Bachelor,2.8,60768.18,0,18523.52,7536.64,2,0.204,3029.62,48,0.013,1,606,0
ID_1956,52,High School,2.6,28025.27,1,6321.1,3749.34,4,0.097,41657.35,60,0.312,2,536,0
ID_1957,43,High School,22.3,69526.08,0,9036.46,5538.14,0,0.358,32162.26,48,0.121,2,601,1
ID_1958,44,Bachelor,3.2,62145.28,1,1115.65,5157.1,0,0.314,17384.63,60,0.059,2,581,0
ID_1959,45,High School,1.5,54813.54,0,14003.41,2521.71,1,0.434,11952.5,36,0.076,1,573,0
ID_1960,44,PhD,11.1,90544.56,1,6423.47,7404.32,3,0.032,29253.79,24,0.17,1,653,1
ID_1961,46,High School,3.4,29617.26,0,2190.28,698.31,1,0.312,1000.0,36,0.012,1,573,0
ID_1962,54,Bachelor,4.6,122691.88,0,19847.61,3743.51,1,0.405,5763.81,60,0.01,1,621,0
ID_1963,41,Bachelor,0.5,85040.45,1,5288.01,1354.41,0,0.183,24647.44,48,0.076,0,691,1
ID_1964,47,Bachelor,2.4,52296.41,0,15462.04,3796.89,1,0.655,68939.86,60,0.277,1,523,0
ID_1965,37,High School,14.4,50293.71,1,14045.36,5971.92,2,0.257,33143.09,12,0.692,2,527,0
ID_1966,56,Bachelor,4.5,68892.71,1,17854.6,7101.53,0,0.155,28335.39,24,0.216,2,635,1
ID_1967,30,High School,2.1,115893.35,0,28233.95,9037.08,0,0.323,3925.93,24,0.018,0,666,1
ID_1968,60,Master,4.9,56999.85,0,7258.28,5150.5,1,0.125,8205.4,36,0.05,1,646,1
ID_1969,38,High School,12.1,58221.82,0,11691.65,2886.27,0,0.124,49413.62,12,0.891,2,509,0
ID_1970,21,Master,1.6,54669.39,0,6720.73,4270.99,1,0.266,16685.94,60,0.064,1,565,0
ID_1971,40,Master,3.5,132060.05,0,24940.13,10460.41,0,0.288,26271.78,48,0.052,0,684,0
ID_1972,30,High School,12.0,45051.36,0,4714.34,4192.02,0,0.091,35652.57,12,0.831,0,590,0
ID_1973,49,Bachelor,0.9,53382.92,0,13484.65,0.0,2,0.391,17439.17,24,0.172,0,593,0
ID_1974,31,High School,6.4,112613.61,1,0.0,8699.77,0,0.149,15861.48,36,0.049,2,601,1
ID_1975,33,PhD,4.8,58308.63,1,1834.62,2913.82,3,0.489,1000.0,60,0.004,1,552,1
ID_1976,18,Bachelor,0.0,95657.5,1,5523.73,1432.58,1,0.209,3115.48,12,0.034,0,650,1
ID_1977,33,High School,2.2,34350.09,0,2151.97,0.0,0,0.155,35562.78,36,0.362,3,459,0
ID_1978,18,Bachelor,0.0,48891.25,1,9009.79,2506.59,0,0.323,17106.3,24,0.184,2,539,0
ID_1979,19,High School,1.0,113802.19,1,0.0,8763.76,1,0.202,37032.95,24,0.171,2,535,0
ID_1980,48,PhD,1.2,38631.76,0,11573.32,3192.79,0,0.179,1000.0,48,0.007,1,632,1
ID_1981,48,High School,2.7,50229.13,1,6530.98,2815.82,2,0.658,39603.86,60,0.166,3,456,0
ID_1982,44,Bachelor,1.0,61595.41,0,12602.31,7643.68,0,0.076,24286.21,60,0.083,0,690,1
ID_1983,27,Bachelor,0.0,33038.3,0,0.0,4494.65,0,0.314,1000.0,36,0.011,1,550,0
ID_1984,38,Master,17.5,44050.63,1,0.0,719.89,0,0.191,45325.43,12,1.08,2,483,0
ID_1985,38,High School,2.8,57315.04,0,8829.91,5998.63,1,0.063,1000.0,36,0.006,1,632,1
ID_1986,25,Bachelor,7.0,55455.76,0,10854.49,3843.79,2,0.302,44391.42,36,0.28,1,543,0
ID_1987,57,Bachelor,0.8,102762.52,0,20682.55,9029.6,0,0.243,24418.33,24,0.125,1,644,1
ID_1988,49,Bachelor,4.4,117093.57,1,1958.98,10453.23,1,0.529,8914.01,36,0.027,2,564,0
ID_1989,36,High School,1.1,35311.27,0,4479.24,906.36,0,0.395,58271.28,24,0.866,1,465,0
ID_1990,39,High School,7.8,57275.84,0,7981.68,4366.82,1,0.202,32294.13,60,0.118,1,608,1
ID_1991,41,High School,7.7,75896.37,0,9940.6,7580.87,0,0.241,46865.19,24,0.324,1,604,1
ID_1992,18,Bachelor,0.0,115632.66,0,12262.4,5860.62,1,0.506,32786.66,36,0.099,1,536,0
ID_1993,36,High School,12.2,77593.98,0,14955.5,2586.37,1,0.17,21104.01,24,0.143,1,626,1
ID_1994,30,Bachelor,1.1,62658.63,0,13173.85,1467.46,0,0.113,9326.63,36,0.052,0,664,1
ID_1995,26,High School,4.7,75604.51,0,4349.55,2739.35,1,0.496,21738.41,36,0.101,1,537,0
ID_1996,35,Master,17.0,75878.18,0,15452.63,1941.18,1,0.127,27941.56,36,0.129,0,689,1
ID_1997,60,Master,10.7,34068.99,0,3861.02,2386.55,1,0.369,39699.08,36,0.408,3,473,0
ID_1998,46,Bachelor,15.7,59658.95,1,12837.34,2435.42,1,0.201,17923.46,60,0.063,0,726,1
ID_1999,32,Bachelor,2.1,112373.17,1,0.0,2435.82,1,0.254,34243.8,36,0.107,2,547,0
ID_2000,45,High School,0.6,48840.82,1,14336.18,3593.44,1,0.06,55212.91,60,0.237,1,643,0
ID_2001,55,High School,1.0,57798.8,1,7990.19,5749.74,2,0.123,27847.74,24,0.253,2,583,0
ID_2002,50,High School,3.5,47989.7,1,3293.44,4508.34,3,0.147,1000.0,24,0.011,0,670,1
ID_2003,39,Bachelor,7.9,17035.77,1,6406.93,2013.64,1,0.355,25873.08,60,0.319,1,576,1
ID_2004,31,Bachelor,0.8,54737.0,0,7479.3,4344.57,2,0.255,23295.46,36,0.149,0,598,0
ID_2005,47,Master,5.4,63000.38,0,4617.81,6721.87,2,0.076,22725.75,36,0.126,2,567,0
ID_2006,43,Bachelor,2.0,41929.85,0,2606.59,5791.56,0,0.23,1000.0,36,0.008,1,608,0
ID_2007,49,Bachelor,2.1,30414.71,0,8488.6,4298.37,4,0.248,29976.42,36,0.345,1,520,0
ID_2008,46,Bachelor,5.4,34880.97,1,4151.11,4281.69,0,0.106,15425.98,12,0.464,0,665,1
ID_2009,51,Bachelor,3.1,79387.31,0,21213.58,3156.04,0,0.545,23100.44,48,0.076,3,504,0
ID_2010,32,High School,8.4,145257.37,0,20597.84,3162.87,3,0.503,42064.07,36,0.101,1,551,1
ID_2011,54,Bachelor,0.8,108143.75,1,8227.78,6549.83,0,0.322,10392.54,36,0.034,0,707,1
ID_2012,41,Bachelor,7.8,27662.33,1,6565.4,1529.95,1,0.015,23156.9,48,0.22,0,691,1
ID_2013,63,Bachelor,0.3,83059.6,1,10649.92,9165.55,3,0.31,21359.29,36,0.09,2,578,0
ID_2014,30,Master,1.1,38887.14,1,6846.64,2580.06,0,0.253,22016.1,48,0.149,1,610,1
ID_2015,59,High School,5.3,40492.27,1,6925.43,5865.76,0,0.195,17012.66,60,0.088,0,721,1
ID_2016,41,High School,9.7,43002.44,1,9249.58,4032.02,1,0.561,17981.2,60,0.088,2,553,0
ID_2017,31,Bachelor,1.5,77113.49,1,17064.13,3831.5,1,0.032,55151.12,36,0.25,5,460,0
ID_2018,33,Bachelor,2.0,87520.36,1,0.0,2318.28,2,0.354,17388.3,12,0.209,4,412,0
ID_2019,35,High School,3.9,51584.91,0,13827.57,2468.95,2,0.388,29872.95,12,0.608,0,539,0
ID_2020,44,Bachelor,1.2,52024.22,1,13903.98,3757.77,0,0.429,26889.25,48,0.136,2,571,1
ID_2021,45,PhD,8.3,68331.89,1,6362.63,7341.15,0,0.202,26311.29,12,0.404,0,680,1
ID_2022,32,Master,7.4,71969.47,0,5708.76,0.0,1,0.169,33644.27,36,0.164,4,452,0
ID_2023,38,High School,0.8,97549.27,0,9251.14,2538.89,1,0.475,13606.74,36,0.049,1,563,0
ID_2024,64,Master,3.1,28504.41,1,3784.72,1882.49,0,0.187,50225.5,60,0.37,1,628,0
ID_2025,59,Bachelor,7.5,54721.59,0,11132.96,2040.72,0,0.402,8439.02,24,0.081,1,621,1
ID_2026,44,Bachelor,2.1,31760.79,0,2121.0,2916.28,0,0.219,22038.41,12,0.729,2,471,0
ID_2027,39,Bachelor,5.0,52813.86,1,0.0,4730.66,2,0.134,3641.88,12,0.072,2,563,0
ID_2028,40,Master,0.3,48383.41,1,4151.33,1844.3,2,0.508,41146.71,24,0.446,1,512,1
ID_2029,46,Bachelor,4.7,52924.69,0,5162.51,3355.72,0,0.256,8418.72,60,0.033,3,529,0
ID_2030,26,Bachelor,0.8,36320.17,0,2648.67,3483.6,0,0.362,38602.6,12,1.116,2,383,0
ID_2031,35,Bachelor,8.9,25754.25,0,2697.04,2022.94,0,0.098,29768.16,48,0.303,0,635,0
ID_2032,18,Bachelor,0.0,19011.16,0,4295.29,2916.71,4,0.348,28171.4,24,0.778,2,351,0
ID_2033,43,High School,1.7,50736.96,0,11094.23,4645.35,3,0.328,45092.34,24,0.467,1,510,0
ID_2034,46,Master,9.2,43673.62,1,6183.41,2707.71,1,0.07,14118.81,12,0.339,1,640,1
ID_2035,33,Bachelor,0.3,38639.53,0,9300.64,2958.1,0,0.896,51405.9,24,0.698,5,300,0
ID_2036,57,Bachelor,2.5,104953.66,0,24295.54,4038.75,0,0.403,18088.45,24,0.09,0,671,1
ID_2037,24,High School,2.3,35252.12,0,11639.2,2402.63,0,0.575,32770.77,12,0.976,3,338,1
ID_2038,21,Bachelor,1.7,110019.96,1,23853.77,12253.74,3,0.306,21519.22,48,0.051,2,552,0
ID_2039,41,High School,12.1,122017.76,0,21818.02,9095.65,0,0.382,36110.29,24,0.155,0,676,1
ID_2040,51,High School,7.0,20425.71,0,6327.58,2098.38,1,0.157,6951.17,24,0.179,3,512,0
ID_2041,59,Bachelor,0.3,56737.5,1,0.0,4525.35,0,0.27,26928.06,24,0.249,2,564,1
ID_2042,33,Bachelor,6.3,44362.59,0,6717.41,0.0,1,0.408,25327.95,48,0.15,2,501,0
ID_2043,51,Bachelor,3.7,15000.0,0,7054.24,1051.62,1,0.397,32849.2,24,1.15,2,392,0
ID_2044,38,High School,11.6,26309.34,0,6322.0,2997.65,1,0.254,32298.51,36,0.43,1,557,0
ID_2045,36,Bachelor,1.9,79815.11,1,16287.39,3843.03,1,0.172,9509.73,24,0.063,3,558,0
ID_2046,49,High School,4.3,148687.14,1,36195.87,0.0,2,0.557,48511.96,36,0.114,1,599,1
ID_2047,46,PhD,3.5,85079.3,1,8859.28,4156.78,0,0.618,23964.3,36,0.099,1,602,1
ID_2048,20,Bachelor,2.0,63692.13,0,13728.84,7932.01,0,0.286,38148.98,48,0.157,3,490,0
ID_2049,56,Bachelor,3.0,53601.58,1,9238.29,4993.98,2,0.309,2304.12,24,0.023,0,679,1
ID_2050,55,High School,1.2,125659.54,0,24086.24,5979.49,0,0.151,17536.03,36,0.049,2,623,1
ID_2051,31,High School,7.0,158596.67,1,26235.11,8698.25,1,0.244,44414.98,36,0.098,1,660,1
ID_2052,43,PhD,3.0,40399.74,0,6196.2,2264.12,2,0.236,54436.29,24,0.707,0,545,0
ID_2053,44,High School,15.9,19930.5,0,3325.99,1547.98,2,0.27,32637.94,24,0.86,4,359,0
ID_2054,42,Bachelor,1.5,18975.54,0,6941.25,1025.06,2,0.065,23414.44,36,0.432,0,588,1
ID_2055,32,Bachelor,5.7,104918.64,0,3170.7,4405.93,0,0.362,5879.28,60,0.012,0,642,0
ID_2056,30,High School,12.0,52916.51,0,8275.72,4025.73,2,0.252,39351.19,60,0.156,0,625,1
ID_2057,38,Master,5.4,59374.55,1,7560.44,2931.07,2,0.215,30517.44,36,0.18,0,654,0
ID_2058,53,Bachelor,10.3,22129.67,0,5810.35,901.02,1,0.05,1000.0,36,0.016,1,645,0
ID_2059,45,High School,8.8,37175.51,1,8343.84,2965.08,0,0.095,1000.0,36,0.009,0,735,1
ID_2060,34,High School,2.2,46735.51,0,11911.36,2617.45,1,0.641,31304.79,60,0.141,3,429,0
ID_2061,48,High School,4.6,60109.26,1,15058.11,1846.28,1,0.084,10020.57,12,0.175,0,706,1
ID_2062,18,Master,0.0,44387.09,0,7941.87,1494.06,2,0.47,6287.73,48,0.037,1,510,0
ID_2063,52,Bachelor,3.8,32252.05,0,7391.82,3531.58,0,0.529,23127.12,36,0.251,1,555,0
ID_2064,18,High School,0.0,36596.82,1,10320.51,544.43,0,0.328,31177.66,24,0.447,2,499,0
ID_2065,34,High School,6.8,99127.45,1,0.0,4805.52,1,0.472,50747.87,60,0.108,0,620,0
ID_2066,25,Bachelor,3.8,61229.99,1,16934.88,4731.47,1,0.374,10286.49,12,0.176,1,594,0
ID_2067,23,Bachelor,2.6,73576.31,0,17518.53,2375.82,1,0.178,32844.56,60,0.094,3,502,0
ID_2068,52,Bachelor,1.6,34563.83,0,5181.75,2944.13,0,0.15,6521.04,36,0.066,0,669,0
ID_2069,33,Bachelor,15.0,15000.0,0,2936.66,0.0,1,0.35,16087.24,60,0.225,2,502,0
ID_2070,43,High School,0.4,41707.98,0,13062.75,0.0,0,0.183,28400.06,24,0.357,2,530,0
ID_2071,38,Bachelor,0.2,35126.63,1,11585.05,3022.05,0,0.249,22342.34,36,0.223,1,615,1
ID_2072,44,PhD,1.2,64505.52,0,14858.91,8114.05,1,0.491,1000.0,12,0.016,1,579,0
ID_2073,39,High School,17.7,250000.0,1,19637.65,14079.96,0,0.159,34242.2,24,0.072,2,688,1
ID_2074,23,Bachelor,5.0,76694.33,1,15373.82,5090.34,1,0.392,38342.31,60,0.105,1,603,1
ID_2075,50,Bachelor,5.3,212772.77,0,20053.39,21945.84,1,0.517,67467.0,36,0.111,2,563,0
ID_2076,33,Bachelor,10.6,71997.37,0,11207.46,3605.16,1,0.171,28994.45,36,0.141,0,661,1
ID_2077,20,High School,1.2,39539.56,0,7260.16,3775.16,2,0.32,28127.25,60,0.149,0,571,0
ID_2078,33,Master,15.0,64470.18,0,18005.5,3539.47,0,0.446,30458.71,36,0.165,3,512,1
ID_2079,57,Bachelor,0.8,131968.6,0,12103.65,9022.81,0,0.037,1000.0,36,0.003,0,731,1
ID_2080,49,Bachelor,0.5,135236.62,0,0.0,2178.53,0,0.224,1678.34,48,0.003,0,652,1
ID_2081,34,High School,0.6,40632.82,1,4472.98,4067.83,1,0.122,23513.02,24,0.304,4,463,0
ID_2082,34,High School,4.3,61487.66,0,11358.4,6699.1,1,0.166,1000.0,12,0.017,1,618,1
ID_2083,35,High School,7.6,26512.37,0,7010.13,796.23,0,0.521,4647.05,36,0.061,3,469,0
ID_2084,63,Bachelor,2.3,81824.69,0,21004.11,7264.74,0,0.313,16043.66,60,0.041,1,650,1
ID_2085,43,High School,19.1,117792.2,0,7864.77,3940.02,2,0.301,43158.61,36,0.128,0,664,0
ID_2086,44,Bachelor,2.8,55265.26,0,4103.7,3224.24,1,0.054,29668.34,48,0.141,1,612,1
ID_2087,51,Bachelor,0.8,38805.14,0,8482.84,0.0,1,0.044,1000.0,36,0.009,1,627,0
ID_2088,41,Bachelor,3.1,64865.13,1,9182.11,1520.38,3,0.433,24275.08,36,0.131,2,521,0
ID_2089,35,Bachelor,5.7,66751.33,0,5827.16,0.0,2,0.152,35501.94,24,0.279,0,604,0
ID_2090,36,Bachelor,8.9,56419.6,1,8711.51,2282.1,0,0.17,37855.17,60,0.141,2,612,0
ID_2091,38,High School,3.1,59240.31,1,11906.06,0.0,1,0.344,43819.18,36,0.259,2,541,1
ID_2092,38,High School,4.5,49666.83,0,1205.91,3835.57,1,0.199,46564.95,60,0.197,1,569,0
ID_2093,47,Bachelor,1.6,89141.25,1,7315.53,8825.64,2,0.15,35258.26,12,0.415,3,513,0
ID_2094,39,Bachelor,5.2,78285.19,0,16465.28,0.0,0,0.205,33767.69,24,0.226,1,605,1
ID_2095,47,High School,21.3,33138.41,0,7352.97,930.51,1,0.627,29185.98,12,0.925,5,300,0
ID_2096,38,Bachelor,0.3,32686.08,0,4922.98,2634.72,1,0.188,40162.85,60,0.258,3,469,0
ID_2097,39,High School,10.9,47706.02,0,5006.36,5149.51,3,0.356,10818.78,60,0.048,0,610,0
ID_2098,18,High School,0.0,78309.06,1,12964.91,7284.14,2,0.467,21320.48,48,0.071,0,607,1
ID_2099,49,High School,1.5,58339.15,0,6917.84,4011.62,1,0.212,12411.15,36,0.074,0,651,1
ID_2100,43,Master,15.5,39278.19,0,12469.17,3089.53,1,0.808,32803.86,24,0.438,3,412,0
ID_2101,50,High School,3.3,61744.45,1,11334.26,3586.23,2,0.319,20340.75,36,0.115,0,662,1
ID_2102,18,High School,0.0,45917.19,0,0.0,3115.36,1,0.527,43241.9,48,0.247,1,466,0
ID_2103,64,High School,1.0,84140.49,1,20124.94,6728.07,2,0.355,25940.26,36,0.108,1,638,1
ID_2104,37,High School,1.4,63993.02,0,0.0,1729.44,2,0.361,44143.36,48,0.181,1,512,0
ID_2105,52,Bachelor,8.9,46275.17,0,6314.33,5584.67,2,0.43,1000.0,24,0.011,1,586,1
ID_2106,26,High School,4.8,60825.2,0,15101.13,2992.63,0,0.234,12043.17,36,0.069,0,653,1
ID_2107,46,High School,12.2,104560.8,0,18823.04,5820.9,0,0.378,41887.05,36,0.14,2,589,0
ID_2108,26,Bachelor,1.3,40748.93,1,8610.2,1292.24,0,0.442,25365.83,60,0.131,0,625,1
ID_2109,31,High School,0.6,66259.13,0,8299.59,4881.9,1,0.175,44005.75,36,0.232,1,574,0
ID_2110,61,Bachelor,0.0,52300.95,0,10010.79,3182.67,0,0.403,29516.24,24,0.296,1,579,0
ID_2111,36,Bachelor,3.5,67069.98,1,6382.52,2107.36,0,0.335,8190.63,12,0.128,0,664,1
ID_2112,41,High School,23.0,39054.66,0,7637.25,4661.76,0,0.313,57281.97,24,0.77,1,564,0
ID_2113,49,Bachelor,5.9,57249.13,0,13034.62,3023.43,3,0.217,13057.93,36,0.08,0,637,1
ID_2114,44,High School,1.8,94269.37,0,0.0,5249.09,0,0.133,11578.47,48,0.032,2,569,0
ID_2115,40,Bachelor,10.5,33911.06,1,0.0,3177.62,0,0.458,39754.41,60,0.246,2,531,0
ID_2116,43,Bachelor,7.6,27869.76,1,0.0,1605.85,0,0.271,8594.79,36,0.108,5,431,0
ID_2117,67,High School,0.1,28403.63,1,0.0,1646.37,0,0.228,1722.24,36,0.021,2,594,0
ID_2118,38,Bachelor,8.5,30171.97,0,3785.06,1530.62,3,0.137,11182.14,36,0.13,0,611,0
ID_2119,41,Master,1.8,72959.64,0,6923.22,3662.65,3,0.203,39762.97,60,0.114,0,612,1
ID_2120,51,PhD,0.8,26824.48,1,0.0,3169.83,1,0.584,63512.33,36,0.829,6,300,1
ID_2121,52,Bachelor,1.3,46679.12,0,8164.43,1954.03,1,0.112,25087.94,36,0.188,1,606,1
ID_2122,53,Bachelor,3.2,73802.26,1,17118.76,5102.87,1,0.373,11965.33,60,0.034,0,691,0
ID_2123,46,High School,2.8,66724.64,1,7119.87,2100.72,0,0.277,47222.89,12,0.743,5,385,1
ID_2124,25,High School,1.7,44677.29,0,0.0,2340.94,0,0.542,13924.87,24,0.164,6,300,0
ID_2125,58,Bachelor,0.9,59603.04,1,15532.74,4313.14,1,0.447,17005.49,48,0.075,1,626,0
ID_2126,25,Bachelor,7.0,57157.89,1,15042.17,1969.27,2,0.306,32498.55,36,0.199,1,588,1
ID_2127,42,Master,23.1,48430.23,0,11745.5,3954.36,1,0.293,45539.81,24,0.494,1,593,1
ID_2128,29,Bachelor,7.5,48755.96,0,9016.6,3497.28,0,0.217,26269.36,36,0.189,0,643,1
ID_2129,38,Bachelor,1.8,165663.47,0,28334.36,16484.97,2,0.152,18615.11,36,0.039,0,677,1
ID_2130,42,Bachelor,1.4,81198.78,0,0.0,5409.29,1,0.1,66783.14,36,0.288,2,523,0
ID_2131,42,Master,1.2,187273.51,0,0.0,6724.77,2,0.15,12927.54,36,0.024,1,590,0
ID_2132,44,Bachelor,0.7,42256.71,0,0.0,1330.51,0,0.454,14924.8,12,0.371,3,415,0
ID_2133,58,Bachelor,4.0,51922.98,1,11281.58,2433.52,0,0.324,18010.24,36,0.121,0,698,1
ID_2134,44,High School,4.6,27831.87,0,0.0,811.99,0,0.213,34920.51,36,0.439,0,582,0
ID_2135,36,Master,6.1,36142.21,0,0.0,2882.54,2,0.099,16591.9,36,0.161,0,604,0
ID_2136,50,High School,5.7,140218.41,0,21998.93,13266.67,0,0.429,39710.62,12,0.297,2,562,1
ID_2137,53,Master,1.7,41730.3,0,0.0,1388.85,1,0.092,24067.6,12,0.606,2,485,0
ID_2138,24,Bachelor,2.0,141441.38,0,25863.91,6791.65,0,0.423,19256.92,24,0.071,1,592,0
ID_2139,46,Bachelor,5.7,29094.92,0,7464.96,2966.64,0,0.083,14884.12,36,0.179,1,626,1
ID_2140,47,Bachelor,2.1,31992.78,0,0.0,2171.34,0,0.05,24547.62,60,0.161,1,597,0
ID_2141,35,Bachelor,1.2,45678.56,1,0.0,0.0,0,0.167,33048.14,24,0.38,2,523,0
ID_2142,55,High School,2.3,52476.73,0,3925.36,5684.76,0,0.2,24367.61,60,0.098,1,624,0
ID_2143,37,Master,1.6,85951.95,1,20468.93,7070.72,0,0.402,29185.34,24,0.178,1,623,1
ID_2144,40,Bachelor,0.5,67872.43,1,6821.34,0.0,0,0.352,11047.1,48,0.043,0,662,0
ID_2145,36,High School,8.9,43995.49,0,11465.02,1648.96,0,0.132,12112.28,60,0.058,0,681,1
ID_2146,39,High School,9.6,50682.81,0,7001.74,3152.15,1,0.157,24914.24,60,0.103,0,662,1
ID_2147,25,Bachelor,1.2,46187.69,0,6308.67,5419.4,0,0.347,27152.44,48,0.154,1,560,1
ID_2148,21,Bachelor,0.3,34292.2,0,9252.14,3808.32,0,0.434,25860.02,12,0.792,2,417,0
ID_2149,58,Bachelor,6.7,34752.91,0,9602.58,1798.65,1,0.192,14374.31,36,0.145,1,618,0
ID_2150,28,Bachelor,1.2,90575.76,1,0.0,9172.86,0,0.257,26311.82,24,0.153,1,598,1
ID_2151,27,Bachelor,2.5,21718.45,1,7087.29,2053.09,2,0.48,25457.45,36,0.41,3,417,0
ID_2152,18,PhD,0.0,121622.75,0,18737.41,3192.33,1,0.054,22819.12,36,0.066,0,656,1
ID_2153,31,Bachelor,1.3,45638.32,0,0.0,4032.56,3,0.101,13260.39,36,0.102,2,493,0
ID_2154,23,Master,5.0,36818.13,0,9790.21,2074.05,0,0.275,34346.52,36,0.327,0,599,0
ID_2155,58,High School,8.2,78423.56,0,8150.85,7715.6,0,0.48,24786.88,36,0.111,1,614,0
ID_2156,51,Bachelor,1.2,113846.72,0,20437.13,8882.17,1,0.282,11495.45,48,0.027,0,675,1
ID_2157,30,High School,2.0,94732.86,0,1234.38,2790.75,0,0.173,22750.3,12,0.252,1,573,1
ID_2158,66,Bachelor,0.7,69628.28,0,13343.53,2079.95,1,0.459,14510.39,60,0.044,0,643,1
ID_2159,50,Master,0.4,93286.6,1,14636.26,3482.3,1,0.398,25056.81,12,0.282,3,511,0
ID_2160,35,High School,17.0,22965.57,1,5768.9,846.85,1,0.505,50708.73,36,0.773,1,516,0
ID_2161,18,High School,0.0,41734.56,0,9740.21,2111.46,2,0.256,27661.67,60,0.139,2,488,0
ID_2162,66,Master,3.9,34351.98,1,8388.69,2247.97,0,0.371,28626.56,36,0.292,2,581,1
ID_2163,22,High School,4.0,99939.41,0,25675.78,0.0,1,0.091,50637.83,48,0.133,0,649,0
ID_2164,19,Bachelor,1.0,44723.8,0,12777.8,4010.3,0,0.059,29879.29,36,0.234,1,592,0
ID_2165,51,Bachelor,8.2,82677.54,0,18616.75,5231.5,1,0.057,32807.18,60,0.083,1,666,0
ID_2166,68,Master,0.1,70822.25,0,12226.18,2586.17,0,0.07,27597.95,60,0.082,2,623,0
ID_2167,55,High School,1.0,35201.59,0,8398.54,2052.34,1,0.278,18074.76,60,0.108,0,636,1
ID_2168,45,High School,5.3,40397.41,0,2555.26,3094.79,1,0.355,33065.58,12,0.859,1,479,0
ID_2169,46,Bachelor,2.4,103456.74,1,10149.09,5468.04,3,0.336,55638.97,24,0.282,0,625,0
ID_2170,49,Master,20.2,36763.42,1,12395.27,2626.69,1,0.182,1224.8,36,0.012,1,699,1
ID_2171,48,Bachelor,5.5,57666.62,1,0.0,0.0,0,0.411,16770.3,60,0.061,1,599,0
ID_2172,42,High School,15.7,36633.9,1,7911.25,3880.28,1,0.296,9646.04,36,0.092,0,694,1
ID_2173,40,Bachelor,1.1,46305.87,0,7850.09,4366.57,1,0.191,11657.19,24,0.132,2,545,0
ID_2174,38,Master,10.0,52940.24,0,5563.15,3979.83,1,0.693,47021.86,60,0.187,0,570,0
ID_2175,29,Master,1.9,36627.94,1,5062.25,2071.81,0,0.25,22151.78,48,0.159,0,650,0
ID_2176,35,PhD,17.0,33515.94,0,6932.78,3174.58,0,0.181,38013.4,48,0.298,0,658,1
ID_2177,18,High School,0.0,62513.43,0,11318.91,0.0,0,0.352,12993.43,24,0.109,1,551,0
ID_2178,37,High School,3.6,35512.19,1,5868.83,2448.97,0,0.369,13392.76,24,0.198,2,553,0
ID_2179,27,Bachelor,7.9,36122.5,0,8378.62,2503.95,1,0.164,6681.62,36,0.065,1,598,0
ID_2180,25,Master,2.8,33876.38,0,10219.33,4690.73,1,0.268,51010.77,48,0.395,2,488,0
ID_2181,41,High School,3.2,52106.55,0,12370.03,4919.52,0,0.092,38951.97,36,0.262,1,618,1
ID_2182,55,High School,21.5,86842.45,1,20382.67,5364.54,1,0.193,6090.82,24,0.037,0,771,1
ID_2183,50,Bachelor,2.8,115066.36,1,19553.53,8426.1,0,0.296,45560.83,36,0.139,0,711,1
ID_2184,20,High School,2.0,37685.89,0,7246.85,0.0,0,0.102,20329.0,36,0.189,0,620,1
ID_2185,27,Bachelor,0.3,158761.03,1,41960.5,4057.25,1,0.264,33157.92,60,0.044,0,689,1
ID_2186,50,Bachelor,9.2,32782.42,0,0.0,2894.82,2,0.569,25846.21,60,0.166,0,557,0
ID_2187,27,Bachelor,5.2,93132.11,1,6984.12,5918.16,1,0.355,1000.0,24,0.006,2,574,0
ID_2188,36,Bachelor,2.6,37765.52,1,5499.48,3040.97,1,0.229,10100.62,24,0.14,0,654,0
ID_2189,45,Bachelor,0.1,35050.26,1,0.0,327.72,0,0.255,49370.99,48,0.37,1,564,1
ID_2190,27,Bachelor,4.5,37332.59,0,722.48,1416.92,0,0.088,41907.4,24,0.589,0,574,0
ID_2191,40,Bachelor,0.1,52774.12,1,11431.63,4432.41,1,0.228,6610.13,24,0.066,1,631,1
ID_2192,22,Bachelor,0.0,72401.77,0,11921.17,5069.43,0,0.314,28743.72,36,0.139,0,618,0
ID_2193,31,Bachelor,4.8,75730.33,0,11499.47,2067.6,1,0.512,21136.35,36,0.098,1,551,0
ID_2194,42,High School,1.0,33792.95,0,8361.19,1458.51,0,0.262,45555.17,48,0.354,0,606,1
ID_2195,19,High School,1.0,33029.96,0,6288.56,4118.12,1,0.171,21312.22,12,0.678,3,405,0
ID_2196,44,High School,5.3,34258.18,1,6257.66,886.83,1,0.361,11173.03,36,0.114,0,649,1
ID_2197,38,High School,0.3,51242.41,0,3966.07,3924.59,2,0.81,38267.59,36,0.261,3,365,0
ID_2198,45,Bachelor,1.9,48772.51,0,8151.89,3686.35,2,0.075,46403.88,36,0.333,1,576,1
ID_2199,41,Master,0.8,33688.52,0,0.0,1398.97,0,0.288,32083.74,24,0.5,1,509,0
ID_2200,55,Bachelor,4.3,61994.56,1,10929.67,6429.39,0,0.54,35297.84,24,0.299,3,513,0
ID_2201,40,Bachelor,5.4,167926.96,1,23276.16,3677.97,2,0.246,3486.84,36,0.007,0,702,1
ID_2202,33,Bachelor,6.4,42093.23,0,0.0,5446.27,0,0.091,1997.48,24,0.025,1,609,0
ID_2203,40,Bachelor,1.5,43618.82,0,0.0,4595.73,1,0.376,1000.0,36,0.008,0,594,0
ID_2204,45,Bachelor,0.5,71670.23,0,7446.28,4421.05,0,0.145,43914.28,36,0.214,0,656,1
ID_2205,39,High School,0.4,40969.86,0,2300.23,4441.67,1,0.52,18029.81,36,0.154,1,521,0
ID_2206,39,High School,2.8,75696.12,0,18728.87,6142.3,0,0.057,39873.4,24,0.277,0,674,1
ID_2207,30,Bachelor,12.0,37825.12,0,0.0,4227.14,2,0.38,14195.41,36,0.131,1,531,1
ID_2208,31,PhD,1.2,135409.64,0,25962.52,8600.57,0,0.107,24738.22,36,0.064,1,648,0
ID_2209,22,High School,1.5,64369.0,0,11373.4,3514.43,0,0.135,10497.67,12,0.171,0,640,1
ID_2210,59,High School,0.5,39735.03,1,0.0,2958.2,0,0.567,19103.74,60,0.101,0,621,0
ID_2211,24,Bachelor,4.7,40362.41,0,7951.14,1316.61,1,0.252,1000.0,48,0.007,0,623,1
ID_2212,30,High School,5.7,41902.47,0,3273.28,4643.79,3,0.037,19282.36,48,0.121,1,573,0
ID_2213,30,Master,5.1,107621.4,0,24887.2,0.0,0,0.311,17692.99,24,0.086,0,650,0
ID_2214,49,Bachelor,9.9,28727.91,1,4354.94,2371.07,0,0.288,1000.0,36,0.012,1,657,1
ID_2215,35,Master,3.3,38794.32,0,5305.96,0.0,0,0.434,32646.2,36,0.295,1,531,0
ID_2216,53,Bachelor,0.7,40911.63,0,2360.6,5587.42,1,0.138,35337.09,36,0.302,1,579,0
ID_2217,30,Bachelor,1.7,53753.07,0,10742.01,2242.09,3,0.361,13083.28,12,0.256,0,556,1
ID_2218,42,Bachelor,5.4,47308.49,1,10347.84,4372.49,0,0.566,3305.74,60,0.015,1,614,1
ID_2219,28,Bachelor,4.7,25703.59,0,8669.49,2874.93,1,0.574,56147.22,60,0.459,1,480,0
ID_2220,64,Bachelor,3.8,44359.79,1,13311.31,3496.31,0,0.595,29610.93,36,0.234,2,562,0
ID_2221,24,High School,5.7,51545.73,0,9620.12,5540.79,0,0.307,1000.0,60,0.004,0,645,1
ID_2222,42,Bachelor,5.1,39574.93,0,10248.08,3602.09,0,0.29,17290.11,36,0.153,3,510,0
ID_2223,46,Bachelor,10.7,76373.25,1,12874.51,7043.47,2,0.279,13271.3,36,0.061,1,651,0
ID_2224,43,Master,4.4,85793.99,1,0.0,4607.51,2,0.246,11941.97,48,0.037,2,560,0
ID_2225,36,Bachelor,7.5,52094.08,0,0.0,3909.71,0,0.439,44659.35,36,0.3,3,441,0
ID_2226,37,Bachelor,1.4,60795.48,1,17172.1,3898.96,3,0.389,29553.18,24,0.255,2,515,0
ID_2227,39,High School,5.7,18388.34,0,3418.13,2060.41,0,0.12,36435.55,36,0.694,0,580,0
ID_2228,37,Bachelor,11.6,43890.3,0,9157.18,3403.9,0,0.204,22517.69,48,0.135,0,670,0
ID_2229,50,Bachelor,2.4,89537.32,1,15119.52,4143.1,1,0.363,40360.33,48,0.118,0,677,0
ID_2230,65,Master,7.6,43839.11,0,9267.57,3233.2,4,0.226,18280.54,36,0.146,1,584,1
ID_2231,32,Master,6.5,37472.75,1,4887.01,2855.72,1,0.142,29191.23,36,0.273,0,654,1
ID_2232,22,High School,0.3,169201.31,0,9603.5,2835.91,2,0.086,33771.45,24,0.105,0,633,0
ID_2233,37,Master,4.4,134529.47,1,4173.99,10964.25,2,0.669,13787.3,24,0.054,1,565,1
ID_2234,69,High School,0.7,68445.11,0,11490.5,1119.94,0,0.206,1000.0,24,0.008,0,700,1
ID_2235,29,Bachelor,11.0,95746.11,0,15261.68,5577.12,0,0.247,1000.0,36,0.004,0,687,0
ID_2236,58,Bachelor,8.3,17801.4,0,8436.71,1676.7,0,0.135,66614.29,48,0.982,3,446,0
ID_2237,59,High School,0.6,36542.25,1,9259.91,4484.34,1,0.569,36720.23,60,0.211,0,624,0
ID_2238,32,Bachelor,0.6,42831.16,0,2436.8,4464.18,1,0.333,37567.39,36,0.307,0,568,1
ID_2239,45,High School,4.5,48146.8,0,0.0,2368.46,0,0.035,50586.6,36,0.368,3,493,0
ID_2240,58,High School,2.1,42405.27,0,2319.56,1652.62,0,0.06,4751.65,24,0.059,2,594,0
ID_2241,34,Bachelor,0.2,15138.35,1,5485.66,2340.17,1,0.444,11962.52,24,0.415,2,479,0
ID_2242,36,Bachelor,3.9,65710.39,0,16931.81,5288.02,1,0.224,5113.74,36,0.027,1,614,1
ID_2243,32,Master,2.5,71098.89,1,0.0,4324.39,1,0.331,67418.56,36,0.332,0,596,1
ID_2244,26,Bachelor,0.5,120686.24,0,17900.96,3422.05,0,0.547,7038.93,12,0.061,2,518,0
ID_2245,31,Bachelor,8.1,36528.4,0,1033.94,2331.62,1,0.44,47576.46,12,1.368,1,386,0
ID_2246,24,Bachelor,6.0,35063.59,0,6318.98,0.0,0,0.351,13139.7,36,0.131,0,602,0
ID_2247,39,High School,7.1,15000.0,1,3938.38,1036.59,1,0.382,26535.39,24,0.929,3,398,1
ID_2248,29,High School,8.6,46780.26,0,13155.53,2579.56,1,0.447,47865.66,36,0.358,0,578,0
ID_2249,41,Bachelor,1.2,85012.7,1,6507.59,0.0,1,0.138,30147.87,60,0.074,1,636,1
ID_2250,20,Bachelor,1.5,39899.38,0,6210.04,0.0,0,0.261,22630.3,60,0.119,0,602,1
ID_2251,42,Bachelor,1.2,158216.94,1,31810.41,0.0,1,0.426,65830.85,12,0.437,2,533,0
ID_2252,49,Bachelor,7.2,47653.08,0,11986.51,3857.01,2,0.215,1000.0,12,0.022,0,660,1
ID_2253,18,Bachelor,0.0,58308.09,0,7842.55,4482.92,1,0.058,8006.58,24,0.072,0,636,1
ID_2254,43,High School,6.3,27404.11,0,7226.98,1046.12,2,0.373,19427.02,24,0.372,3,432,0
ID_2255,53,High School,10.7,62543.04,1,6343.09,3878.39,0,0.459,43796.99,24,0.368,2,567,0
ID_2256,24,Master,5.1,20137.52,0,8598.09,2533.55,0,0.363,15934.68,36,0.277,0,586,0
ID_2257,59,Bachelor,2.5,76638.05,0,0.0,0.0,0,0.323,42418.89,12,0.581,6,300,0
ID_2258,44,Master,2.8,77824.7,0,0.0,8903.96,1,0.18,1000.0,36,0.004,1,598,1
ID_2259,30,High School,0.4,106899.64,1,13578.35,9009.9,0,0.577,45669.11,36,0.15,1,588,0
ID_2260,38,PhD,0.2,32533.18,0,0.0,4487.82,0,0.241,41084.19,36,0.442,2,478,0
ID_2261,45,High School,5.9,58705.05,0,0.0,2323.38,1,0.109,5654.54,36,0.034,2,558,0
ID_2262,39,High School,2.9,71819.28,0,16564.92,2818.5,1,0.27,24379.1,24,0.178,0,633,1
ID_2263,45,PhD,4.0,67584.96,0,0.0,3647.23,0,0.219,20150.65,36,0.104,1,593,0
ID_2264,27,High School,4.1,35148.96,0,7094.84,2716.0,4,0.291,33102.95,60,0.198,1,507,0
ID_2265,41,Bachelor,1.6,16383.16,0,5183.44,1673.4,1,0.076,45901.15,36,0.981,2,442,0
ID_2266,22,High School,3.2,64439.38,1,2008.9,6840.22,1,0.355,12705.36,24,0.104,0,625,0
ID_2267,37,Bachelor,3.2,50198.99,0,12702.52,3663.24,3,0.306,31650.5,48,0.166,2,501,0
ID_2268,28,Master,2.5,40809.28,0,11306.33,2203.87,0,0.507,29421.36,60,0.151,1,544,0
ID_2269,30,High School,8.6,79377.69,1,6735.71,4208.33,1,0.229,27249.59,60,0.072,0,683,1
ID_2270,53,Bachelor,3.0,52973.14,0,6417.65,0.0,2,0.325,51196.13,24,0.507,1,518,0
ID_2271,52,High School,4.6,28012.4,0,0.0,1056.53,0,0.397,27889.77,36,0.348,1,530,0
ID_2272,46,Bachelor,11.3,20625.3,1,3682.06,945.73,1,0.224,3130.08,60,0.032,0,685,1
ID_2273,25,High School,7.0,30807.65,1,8886.11,1753.17,2,0.486,38281.11,24,0.652,2,447,0
ID_2274,35,High School,11.1,179244.51,0,28966.69,14871.86,0,0.231,53817.26,36,0.105,1,662,1
ID_2275,53,High School,1.6,77760.46,1,9040.79,4466.43,0,0.242,27519.97,36,0.124,1,658,0
ID_2276,40,High School,0.2,59534.2,1,6457.35,2341.84,0,0.107,49336.95,36,0.29,3,539,0
ID_2277,66,Master,1.5,49472.37,1,13721.12,3442.41,0,0.059,17452.02,60,0.074,1,705,1
ID_2278,43,Bachelor,1.6,47872.84,0,5065.21,5484.27,0,0.398,32456.9,36,0.237,0,608,1
ID_2279,41,High School,12.0,97109.84,0,8178.06,6425.18,0,0.084,1000.0,36,0.004,1,677,1
ID_2280,35,Bachelor,5.2,42391.46,0,9143.48,5884.86,2,0.157,14023.22,12,0.347,2,516,0
ID_2281,40,High School,0.4,72291.38,0,0.0,4250.09,1,0.069,28035.93,60,0.081,1,590,0
ID_2282,37,Bachelor,0.7,45514.49,0,4242.63,4726.63,0,0.435,37055.11,36,0.285,1,539,0
ID_2283,47,PhD,0.8,142925.43,0,32271.33,3987.25,3,0.391,32859.39,36,0.08,2,531,0
ID_2284,50,Bachelor,5.0,78522.8,1,18150.45,4344.98,1,0.31,48045.78,36,0.214,0,681,1
ID_2285,29,Master,6.6,100990.16,1,12919.82,9110.4,0,0.465,1000.0,48,0.003,0,680,1
ID_2286,23,Bachelor,5.0,40448.92,0,8931.35,4706.59,1,0.3,51455.44,36,0.445,1,525,0
ID_2287,18,High School,0.0,91956.24,0,17654.46,9517.16,1,0.12,12153.53,36,0.046,0,650,0
ID_2288,45,Bachelor,1.1,46337.71,1,4811.31,3762.84,1,0.294,2884.98,36,0.022,3,532,0
ID_2289,25,Bachelor,1.9,57240.53,1,8427.87,1695.8,0,0.338,43665.97,60,0.16,0,642,0
ID_2290,18,Bachelor,0.0,122703.22,0,20521.93,6526.54,0,0.426,4975.9,36,0.014,0,626,1
ID_2291,43,Master,2.2,32164.3,1,5908.88,1517.07,0,0.264,50444.63,60,0.329,2,554,1
ID_2292,68,Bachelor,12.3,59971.45,0,11253.39,2982.28,0,0.089,1000.0,48,0.004,0,748,1
ID_2293,38,Master,4.3,67440.61,1,9976.36,2027.17,1,0.303,11397.52,36,0.059,0,671,1
ID_2294,49,Bachelor,6.7,70263.11,1,0.0,2970.72,0,0.605,40787.35,60,0.122,1,579,0
ID_2295,39,Bachelor,3.4,43243.74,0,6605.62,4911.06,0,0.623,37101.93,36,0.3,0,567,0
ID_2296,37,Bachelor,0.1,153757.51,0,21401.11,3112.17,2,0.083,1000.0,24,0.003,1,627,1
ID_2297,50,High School,0.3,28354.3,0,9111.79,2440.09,1,0.234,13052.46,36,0.161,1,583,1
ID_2298,35,PhD,3.9,112357.69,1,22403.06,4593.63,0,0.475,1000.0,36,0.003,1,638,1
ID_2299,42,Bachelor,6.3,99462.19,0,15350.1,4210.99,3,0.608,27493.11,12,0.29,0,557,0
ID_2300,42,High School,1.2,140146.61,0,36603.29,6921.66,3,0.203,25921.01,24,0.097,0,646,0
ID_2301,30,High School,6.4,24486.73,0,5721.66,2676.9,0,0.142,20541.45,24,0.44,1,563,1
ID_2302,50,Bachelor,8.3,35086.94,0,6662.67,3810.02,1,0.46,23079.17,48,0.173,0,614,1
ID_2303,36,High School,2.7,114230.26,1,13256.24,6244.15,2,0.196,5172.54,48,0.012,0,688,1
ID_2304,29,High School,6.9,21194.15,0,0.0,2021.44,0,0.062,11787.77,36,0.195,1,577,0
ID_2305,45,Bachelor,2.6,24264.52,0,3900.07,1233.09,0,0.038,44200.48,60,0.383,1,586,1
ID_2306,28,High School,5.7,42439.98,1,4382.22,1362.81,0,0.408,16185.62,24,0.2,1,583,0
ID_2307,39,Bachelor,7.2,59634.94,1,5960.67,2564.54,0,0.337,14712.95,24,0.13,1,630,1
ID_2308,38,High School,20.0,120103.91,1,14344.48,4957.3,3,0.131,45516.37,60,0.08,1,675,1
ID_2309,52,High School,2.1,49383.27,0,11564.0,1004.88,1,0.258,3779.8,36,0.027,0,653,1
ID_2310,44,Bachelor,2.6,39969.84,1,13765.94,3752.89,0,0.161,51633.71,36,0.452,2,573,0
ID_2311,38,Bachelor,0.9,63303.44,1,0.0,6118.72,1,0.396,53165.91,48,0.22,0,603,1
ID_2312,48,High School,1.1,68514.33,0,8447.17,3754.87,0,0.339,6720.46,24,0.051,1,607,1
ID_2313,55,High School,5.9,67549.77,0,11480.14,6160.36,0,0.553,41571.82,36,0.215,0,627,1
ID_2314,45,Bachelor,12.4,49563.35,1,1599.44,3621.94,0,0.269,1000.0,36,0.007,1,661,1
ID_2315,39,High School,2.5,20383.01,0,0.0,1340.16,0,0.044,26831.27,36,0.461,1,546,0
ID_2316,23,High School,1.0,34241.44,1,10896.93,2314.49,0,0.599,6845.78,60,0.042,2,521,0
ID_2317,26,High School,1.7,110209.19,0,0.0,7793.36,1,0.253,34095.41,24,0.162,1,548,0
ID_2318,35,Master,3.0,59488.27,0,6559.35,0.0,0,0.721,30667.47,12,0.541,2,420,0
ID_2319,31,Bachelor,1.7,46107.87,0,0.0,4838.22,2,0.107,20019.76,36,0.152,0,593,0
ID_2320,36,Bachelor,1.3,94758.26,0,5998.87,0.0,0,0.445,5325.33,24,0.03,0,615,1
ID_2321,39,Bachelor,6.7,30789.89,1,5722.33,3818.05,1,0.375,41511.34,60,0.283,3,493,0
ID_2322,45,Bachelor,0.0,48403.43,0,10806.8,972.2,2,0.297,24436.5,24,0.265,2,499,0
ID_2323,38,Bachelor,3.9,58039.51,1,7981.85,1962.71,0,0.068,12266.54,60,0.044,0,718,1
ID_2324,44,Bachelor,7.9,43447.62,1,14148.15,1364.23,1,0.171,15760.73,24,0.19,2,598,1
ID_2325,39,High School,1.5,56975.77,0,8406.45,6724.97,1,0.117,23279.53,60,0.086,1,612,1
ID_2326,18,Bachelor,0.0,49323.36,0,0.0,4692.76,0,0.543,23212.79,24,0.247,2,437,0
ID_2327,27,Bachelor,5.5,26912.02,0,9916.77,2272.49,0,0.203,30578.23,12,1.193,3,374,0
ID_2328,37,Bachelor,5.3,59322.2,1,0.0,4011.12,1,0.117,42205.06,36,0.249,3,513,1
ID_2329,24,Bachelor,3.0,27884.44,0,5292.71,1829.72,0,0.381,43854.92,36,0.55,0,542,0
ID_2330,46,High School,2.1,58853.56,1,3852.49,2760.47,0,0.174,20924.41,36,0.124,1,646,1
ID_2331,57,Bachelor,9.0,107696.02,0,21514.59,9803.48,1,0.269,32650.6,36,0.106,1,649,1
ID_2332,53,Bachelor,7.1,47074.58,1,0.0,4351.27,3,0.566,21388.54,60,0.095,1,545,0
ID_2333,36,Master,1.9,30159.6,1,3172.47,1521.98,0,0.363,46842.62,60,0.326,2,523,0
ID_2334,56,High School,0.5,50843.43,1,6715.4,3301.74,1,0.352,22616.74,36,0.156,1,613,0
ID_2335,40,Bachelor,0.4,35739.59,0,9149.88,4195.39,3,0.13,27177.43,24,0.399,1,534,0
ID_2336,34,Bachelor,0.5,72929.94,1,20263.83,1075.95,0,0.047,24535.79,24,0.177,2,613,0
ID_2337,31,Master,4.4,50312.34,0,9741.44,5352.22,1,0.626,33299.14,12,0.695,4,324,0
ID_2338,35,Bachelor,0.3,127373.84,1,19927.21,6964.84,0,0.049,36366.72,24,0.15,0,723,1
ID_2339,34,Bachelor,2.1,96905.81,1,23601.57,5258.06,2,0.22,49931.08,60,0.108,1,628,0
ID_2340,41,Bachelor,7.0,50184.41,0,0.0,3996.04,0,0.521,46805.79,36,0.326,0,565,0
ID_2341,40,Bachelor,1.7,77482.28,0,5027.23,5512.72,0,0.16,25778.32,36,0.116,2,571,0
ID_2342,39,PhD,7.2,44506.11,1,6826.79,3092.88,1,0.263,24224.95,60,0.114,2,581,0
ID_2343,44,High School,6.8,55104.05,1,16227.72,6880.1,1,0.102,20949.9,24,0.2,0,707,1
ID_2344,53,High School,1.4,45219.46,0,3834.68,5297.58,0,0.45,43147.43,48,0.25,3,471,0
ID_2345,50,Master,6.5,79477.4,1,7896.23,5811.19,1,0.208,29415.71,36,0.13,0,702,0
ID_2346,21,Bachelor,3.0,110912.2,0,15991.9,7466.3,3,0.169,69310.54,60,0.131,1,568,0
ID_2347,18,Bachelor,0.0,80767.03,1,19012.2,4827.81,2,0.036,23856.07,24,0.155,1,620,0
ID_2348,50,Bachelor,1.2,85902.51,0,0.0,6038.68,1,0.162,52386.89,36,0.213,1,578,0
ID_2349,22,High School,3.7,85949.63,1,14510.18,8585.95,3,0.356,52543.42,36,0.214,1,564,0
ID_2350,36,Bachelor,12.7,71369.65,0,19187.64,3429.93,2,0.155,52063.78,48,0.191,1,612,1
ID_2351,24,Bachelor,5.1,30649.05,0,5776.54,1522.38,1,0.613,19067.49,48,0.163,4,365,0
ID_2352,18,High School,0.0,126815.15,0,7018.64,13213.82,2,0.43,23482.41,36,0.065,1,536,0
ID_2353,45,High School,5.7,133546.55,0,36457.28,4312.94,2,0.322,22082.33,36,0.058,1,614,1
ID_2354,48,Master,2.8,48197.39,0,0.0,5076.31,1,0.332,51524.41,60,0.224,1,544,0
ID_2355,32,High School,4.5,45010.5,1,6501.84,1162.44,1,0.384,16896.77,24,0.197,3,489,1
ID_2356,18,Master,0.0,73585.69,1,11302.87,7161.95,0,0.192,14590.06,24,0.104,1,627,1
ID_2357,32,High School,3.6,71353.84,0,16554.15,7512.16,0,0.324,37488.57,24,0.276,1,582,0
ID_2358,43,Bachelor,8.4,48973.13,0,13175.75,6018.54,1,0.239,1100.37,24,0.012,0,672,0
ID_2359,21,Master,3.0,28998.15,1,10251.65,4421.72,1,0.183,38827.09,60,0.281,0,633,1
ID_2360,41,Bachelor,4.8,63123.64,0,0.0,1735.06,1,0.176,4458.08,36,0.025,2,541,0
ID_2361,38,Bachelor,0.8,71376.09,0,15955.0,4214.87,3,0.217,17589.7,60,0.052,1,576,0
ID_2362,45,Bachelor,9.0,77878.92,0,14832.05,6252.37,1,0.075,45797.62,60,0.123,1,650,0
ID_2363,40,High School,13.7,64514.57,0,14732.04,0.0,0,0.246,14996.34,36,0.081,2,590,0
ID_2364,27,High School,0.7,47308.37,0,12052.03,2788.79,1,0.047,30517.77,36,0.226,0,632,0
ID_2365,53,PhD,3.3,89054.25,1,10917.13,9841.88,0,0.206,46756.18,36,0.184,0,714,1
ID_2366,37,Bachelor,1.5,55989.77,0,5640.73,3269.78,1,0.55,4501.99,60,0.017,1,544,0
ID_2367,38,Bachelor,7.0,42939.12,0,6780.93,4782.08,1,0.466,28115.94,48,0.172,0,599,0
ID_2368,27,Bachelor,6.4,49497.3,1,11993.01,3487.54,1,0.366,36643.29,24,0.389,5,390,0
ID_2369,33,High School,0.8,22629.63,0,5344.92,2883.08,0,0.313,1000.0,24,0.023,0,621,0
ID_2370,28,High School,10.0,49458.0,0,0.0,3509.89,0,0.248,6321.34,36,0.045,3,496,0
ID_2371,36,Bachelor,1.0,76436.7,1,9175.98,2868.33,0,0.263,54084.26,24,0.371,2,556,0
ID_2372,59,Bachelor,8.0,64208.54,1,3552.65,3749.69,1,0.095,4370.76,36,0.024,0,732,1
ID_2373,22,Bachelor,3.1,115882.51,1,0.0,7043.91,1,0.547,18707.7,24,0.085,1,547,0
ID_2374,19,Master,1.0,47501.31,0,4907.66,2577.23,1,0.222,1000.0,36,0.007,0,612,1
ID_2375,56,High School,0.9,69123.95,0,3782.32,6558.22,0,0.34,10855.27,12,0.165,0,642,0
ID_2376,36,Bachelor,0.9,80528.79,0,18802.73,3273.65,2,0.028,38971.0,48,0.127,0,656,1
ID_2377,30,High School,5.4,174805.38,1,37855.24,9123.93,4,0.034,42254.23,36,0.085,0,694,1
ID_2378,51,Bachelor,4.0,58243.21,0,4292.86,6561.64,0,0.218,39287.96,36,0.236,1,607,0
ID_2379,31,High School,0.7,32141.6,0,0.0,2490.62,1,0.3,24372.73,36,0.265,5,330,0
ID_2380,60,PhD,0.6,82781.87,0,22446.59,1792.18,0,0.007,5648.89,24,0.036,0,728,1
ID_2381,47,High School,0.4,137704.27,1,17190.41,11604.75,1,0.248,32443.0,60,0.049,1,662,1
ID_2382,33,Master,6.8,46107.26,0,0.0,4851.5,0,0.397,17051.97,12,0.388,0,566,1
ID_2383,64,Bachelor,6.2,82498.94,1,0.0,8078.76,1,0.145,1000.0,36,0.004,0,716,1
ID_2384,31,PhD,0.3,100143.96,1,6901.76,9421.38,0,0.339,25520.0,24,0.134,1,618,1
ID_2385,47,Bachelor,4.1,90087.15,0,7487.09,6066.12,2,0.21,47861.15,36,0.186,1,591,0
ID_2386,42,Master,0.4,57686.55,0,3908.81,0.0,0,0.402,44985.97,24,0.409,1,525,0
ID_2387,54,High School,11.7,38206.58,1,11757.21,3078.71,2,0.338,46195.27,36,0.423,2,552,0
ID_2388,57,Bachelor,11.9,52018.79,0,14789.25,3699.28,0,0.163,30450.2,24,0.307,0,689,1
ID_2389,39,Master,6.0,68138.67,1,16775.92,2714.85,0,0.205,8266.73,36,0.042,0,716,1
ID_2390,29,High School,11.0,85315.49,0,23036.19,3732.83,1,0.275,35568.03,12,0.438,1,572,0
ID_2391,44,High School,8.3,64021.39,1,0.0,0.0,2,0.337,27719.77,36,0.152,3,483,0
ID_2392,30,Bachelor,8.8,44803.7,1,9269.98,4892.03,1,0.366,20372.05,24,0.239,2,550,1
ID_2393,63,Master,4.2,71516.95,0,17129.97,2587.94,0,0.058,37001.81,36,0.181,0,712,1
ID_2394,40,Bachelor,1.8,83286.57,0,6080.35,6544.13,2,0.225,33222.96,36,0.14,2,532,0
ID_2395,34,Bachelor,1.2,65499.97,0,0.0,6705.38,1,0.526,13844.54,36,0.074,2,473,0
ID_2396,41,High School,2.0,35664.33,0,6584.73,1952.23,0,0.228,13006.34,48,0.096,1,598,1
ID_2397,22,High School,4.0,49478.67,0,11715.87,5485.55,1,0.068,4250.58,36,0.03,0,658,1
ID_2398,27,Master,0.9,87021.49,0,15652.59,4597.77,1,0.43,29619.55,60,0.071,1,562,0
ID_2399,53,High School,1.5,27132.6,0,7834.69,1352.77,1,0.105,41329.12,48,0.4,2,530,0
ID_2400,31,Bachelor,3.2,19023.13,1,5473.57,1769.34,1,0.253,14355.64,36,0.264,0,621,0
ID_2401,26,Master,1.3,115155.82,1,24120.41,6031.68,2,0.614,5810.7,12,0.053,1,567,0
ID_2402,45,High School,4.4,69962.01,0,17154.85,0.0,2,0.456,34061.13,36,0.17,1,548,0
ID_2403,53,Bachelor,12.8,73376.94,0,8041.56,7818.83,1,0.445,53419.24,36,0.255,2,546,0
ID_2404,47,High School,6.9,31621.47,1,11464.99,3620.19,0,0.293,60823.32,24,1.01,3,451,0
ID_2405,50,Bachelor,5.5,78336.12,1,15423.84,7969.48,1,0.145,52276.52,60,0.14,0,717,1
ID_2406,29,High School,4.4,62169.78,1,12018.92,5540.85,3,0.342,24111.38,36,0.136,1,577,0
ID_2407,21,Bachelor,3.0,24534.52,0,0.0,2616.65,0,0.155,8786.96,24,0.188,0,592,1
ID_2408,57,High School,1.0,110430.51,1,12801.61,3713.17,1,0.205,35938.48,36,0.114,1,661,1
ID_2409,35,Bachelor,11.3,58649.93,1,10565.17,4907.28,1,0.255,23728.81,36,0.142,1,641,1
ID_2410,35,Bachelor,1.4,44442.79,0,6874.33,3693.63,1,0.065,21414.64,36,0.169,0,641,0
ID_2411,54,High School,0.5,44846.69,0,2284.0,3089.96,2,0.652,59210.57,24,0.693,2,394,0
ID_2412,45,Bachelor,6.9,19779.26,0,5009.65,3655.49,1,0.16,49938.05,12,2.651,9,300,0
ID_2413,44,High School,1.0,72887.2,0,0.0,6100.8,1,0.57,36463.81,36,0.175,2,467,0
ID_2414,64,Bachelor,2.3,61754.9,1,17169.09,7099.49,0,0.226,23263.77,24,0.198,0,719,1
ID_2415,31,High School,0.1,49166.11,0,2037.41,4876.28,2,0.403,25136.26,24,0.268,3,411,0
ID_2416,50,Bachelor,0.7,102666.65,1,14452.7,3858.42,0,0.229,1000.0,36,0.003,0,723,1
ID_2417,39,High School,1.0,27121.19,0,0.0,2056.82,3,0.166,43828.52,24,0.848,6,300,0
ID_2418,42,Bachelor,0.3,40199.66,0,13456.95,1849.16,0,0.494,48350.99,60,0.253,1,546,0
ID_2419,57,High School,5.3,35418.72,0,9269.91,3915.21,0,0.31,11239.22,36,0.111,1,618,1
ID_2420,45,Bachelor,9.1,47127.05,1,0.0,2497.31,1,0.08,13695.68,36,0.102,1,640,1
ID_2421,45,High School,2.3,56035.18,0,0.0,2460.86,1,0.384,42552.74,36,0.266,4,390,0
ID_2422,51,Master,10.4,67171.66,1,7588.8,3924.86,0,0.546,19160.84,24,0.15,2,580,0
ID_2423,34,Master,1.2,45547.6,0,2703.98,3062.49,0,0.267,45441.24,24,0.524,0,571,1
ID_2424,28,High School,2.0,34937.71,0,9381.91,877.12,1,0.347,10925.08,48,0.082,1,552,0
ID_2425,26,Bachelor,0.8,125869.82,0,14699.18,10958.57,3,0.151,19386.86,36,0.054,0,629,1
ID_2426,18,High School,0.0,180921.79,0,33108.76,0.0,3,0.097,34334.85,36,0.066,0,623,1
ID_2427,63,Bachelor,2.7,58200.16,0,6207.2,0.0,0,0.138,19173.64,48,0.086,2,594,0
ID_2428,25,Bachelor,4.8,37108.81,0,6703.21,2544.96,1,0.242,18132.83,60,0.103,1,570,0
ID_2429,36,Bachelor,7.2,113292.37,1,17036.7,10311.32,1,0.309,17728.04,36,0.055,1,653,0
ID_2430,35,Bachelor,3.9,26281.52,0,9076.29,870.67,1,0.124,37509.76,36,0.5,1,545,0
ID_2431,42,High School,4.9,45826.3,0,3613.13,3931.12,0,0.161,42332.28,60,0.194,0,650,0
ID_2432,48,Bachelor,13.7,38251.63,0,6456.01,3829.45,1,0.36,33869.53,12,0.93,2,460,0
ID_2433,49,High School,1.8,30340.3,0,4717.68,3939.67,1,0.426,12443.98,12,0.431,3,430,0
ID_2434,32,Bachelor,2.2,47098.1,0,2468.33,0.0,0,0.214,49621.89,36,0.369,2,498,0
ID_2435,36,Bachelor,6.3,35168.78,0,5835.6,2295.56,0,0.431,29596.16,36,0.295,5,368,0
ID_2436,42,Bachelor,4.7,54520.24,0,5835.93,2310.84,0,0.359,43909.59,12,0.846,3,411,0
ID_2437,36,High School,1.0,54917.57,0,1608.36,4027.89,2,0.09,1778.29,24,0.017,2,540,0
ID_2438,58,High School,2.4,39709.04,0,0.0,1146.8,2,0.092,46015.28,24,0.608,3,431,0
ID_2439,44,High School,3.2,45014.65,0,9990.11,4400.14,0,0.375,18298.35,12,0.427,1,554,0
ID_2440,47,High School,2.7,48270.48,1,3688.94,0.0,1,0.452,17036.37,36,0.124,0,625,1
ID_2441,46,High School,1.0,81220.51,1,4295.38,1758.14,0,0.369,32294.18,24,0.209,0,652,0
ID_2442,53,Master,12.9,50301.25,0,0.0,1074.13,1,0.468,1000.0,36,0.007,2,530,0
ID_2443,41,Master,7.2,81826.04,1,12430.04,6312.96,1,0.482,31298.75,36,0.134,1,612,0
ID_2444,23,Bachelor,3.3,72613.53,0,17358.41,4375.95,1,0.054,20018.93,48,0.072,0,663,1
ID_2445,43,Bachelor,5.7,72096.83,0,12602.2,0.0,2,0.588,50453.59,60,0.147,3,439,0
ID_2446,31,High School,11.4,108436.82,0,8387.62,9804.93,1,0.563,29882.51,12,0.289,0,592,1
ID_2447,32,Master,0.7,30955.46,0,8279.03,1453.47,0,0.236,7122.18,24,0.121,2,534,0
ID_2448,46,High School,1.4,42762.14,0,8944.25,2744.14,0,0.378,10579.11,60,0.052,1,592,1
ID_2449,53,Master,3.9,130829.39,1,16363.02,4159.79,3,0.113,1000.0,12,0.008,1,666,1
ID_2450,39,Bachelor,8.0,47635.89,1,11039.84,0.0,0,0.591,68718.87,36,0.505,1,544,1
ID_2451,42,High School,0.2,15000.0,0,2007.89,3050.04,1,0.269,1000.0,24,0.035,1,562,0
ID_2452,59,Master,20.7,48948.1,0,6881.83,4135.09,1,0.075,15268.38,36,0.109,0,726,1
ID_2453,41,High School,3.0,57957.76,0,0.0,1956.29,0,0.214,38342.91,60,0.139,1,577,0
ID_2454,70,Bachelor,2.2,15000.0,0,0.0,0.0,1,0.215,51415.47,36,1.2,6,300,0
ID_2455,45,Bachelor,1.7,105552.93,1,9976.14,7627.82,2,0.13,57475.9,36,0.191,1,636,1
ID_2456,18,High School,0.0,37916.58,0,7440.96,2487.35,0,0.452,23207.03,36,0.214,0,566,0
ID_2457,48,Bachelor,7.8,63849.34,0,12595.8,3409.14,0,0.341,34041.26,12,0.56,1,566,0
ID_2458,43,Bachelor,15.6,48388.1,1,12764.91,4526.36,2,0.235,19501.36,60,0.085,2,610,1
ID_2459,54,Bachelor,2.7,28447.75,0,5765.98,1071.57,1,0.226,1000.0,36,0.012,1,604,1
ID_2460,47,High School,15.2,31721.37,0,4926.12,3575.69,1,0.586,6182.88,60,0.041,1,574,0
ID_2461,37,Master,8.7,33943.7,0,5938.99,2975.2,0,0.065,1000.0,36,0.01,0,690,1
ID_2462,24,High School,3.3,93231.04,0,14259.46,6839.56,0,0.168,30689.39,24,0.173,1,608,0
ID_2463,36,High School,5.6,50323.67,1,0.0,1903.01,0,0.308,18839.61,36,0.131,0,642,1
ID_2464,28,High School,2.9,41733.83,0,10996.37,1162.51,1,0.228,21625.05,36,0.181,2,520,0
ID_2465,32,High School,4.1,33951.75,1,0.0,2242.53,0,0.26,37099.4,36,0.382,3,472,0
ID_2466,46,High School,0.3,98525.94,0,2531.39,0.0,1,0.667,29454.17,48,0.078,0,562,1
ID_2467,59,PhD,6.0,112656.72,0,14648.15,11582.03,1,0.407,36922.26,36,0.115,1,619,0
ID_2468,43,High School,0.3,97965.63,0,23734.22,4325.06,2,0.154,57607.67,24,0.309,0,629,1
ID_2469,24,High School,6.0,69301.28,0,20013.7,2040.85,2,0.446,10705.3,60,0.032,2,509,0
ID_2470,44,High School,8.7,62624.7,1,20333.76,5410.5,2,0.302,1000.0,36,0.006,0,694,1
ID_2471,53,Bachelor,1.4,29496.62,0,6922.69,2834.16,1,0.088,14554.17,24,0.259,0,642,1
ID_2472,31,Master,2.0,47910.52,0,4648.0,4880.65,0,0.425,21279.61,48,0.117,0,603,1
ID_2473,37,High School,3.3,38486.77,0,4415.39,3122.59,0,0.343,32840.96,36,0.299,1,553,0
ID_2474,39,High School,4.5,21747.28,1,4114.18,3026.25,1,0.035,38033.73,60,0.367,1,610,0
ID_2475,29,High School,1.7,91906.01,0,7910.95,7242.36,1,0.294,5837.11,12,0.067,1,582,1
ID_2476,46,High School,4.5,38257.12,0,5932.64,1616.39,0,0.304,3173.75,36,0.029,1,606,1
ID_2477,37,High School,1.8,98515.68,0,5721.27,8568.37,4,0.151,49561.04,36,0.176,0,599,0
ID_2478,44,Bachelor,0.3,84193.52,0,14337.54,4471.21,0,0.446,30736.06,60,0.077,1,591,0
ID_2479,28,High School,0.0,71564.83,1,6351.15,7245.78,1,0.088,31359.65,36,0.153,0,672,1
ID_2480,33,Bachelor,0.5,73603.07,0,3070.64,1563.95,1,0.261,29757.99,36,0.142,1,559,1
ID_2481,47,High School,7.9,39828.7,0,8304.24,0.0,1,0.286,27662.04,12,0.729,4,382,0
ID_2482,34,Master,16.0,137162.97,1,15202.49,0.0,1,0.048,20957.45,60,0.032,0,745,1
ID_2483,59,Master,2.8,55357.24,0,0.0,4192.56,0,0.28,12237.67,24,0.116,0,639,1
ID_2484,34,Bachelor,3.6,63004.78,0,14144.87,7199.4,4,0.152,15289.31,60,0.051,0,618,1
ID_2485,41,Bachelor,0.8,39161.99,1,0.0,4304.53,4,0.195,63990.25,48,0.429,1,513,0
ID_2486,50,Bachelor,4.0,34010.25,1,7652.66,4129.93,1,0.013,57479.51,36,0.592,2,566,0
ID_2487,21,Bachelor,0.8,68778.61,1,4841.36,4232.48,0,0.146,41688.51,48,0.159,2,574,0
ID_2488,18,Bachelor,0.0,60400.75,0,9901.74,0.0,0,0.272,23790.4,48,0.103,2,517,0
ID_2489,20,Bachelor,2.0,36509.36,1,7535.32,4749.08,0,0.339,35174.52,48,0.253,2,533,0
ID_2490,54,Master,1.1,26391.22,1,8786.02,3314.38,1,0.323,1000.0,36,0.013,0,674,1
ID_2491,32,Master,7.2,28711.08,0,6990.01,0.0,1,0.245,42936.82,60,0.314,5,368,0
ID_2492,69,High School,0.1,98525.12,0,5936.12,5925.53,0,0.348,20674.73,36,0.073,1,629,1
ID_2493,32,Bachelor,2.4,39869.75,0,7241.75,4255.79,1,0.416,25276.38,36,0.222,3,446,0
ID_2494,41,High School,0.6,45731.64,1,6263.34,2731.3,2,0.258,26764.03,60,0.123,1,596,0
ID_2495,57,High School,2.2,111878.66,0,15932.02,7969.68,0,0.172,21776.75,36,0.068,1,662,1
ID_2496,63,Bachelor,1.0,30912.77,0,4274.21,1143.66,1,0.283,39466.67,48,0.335,1,561,0
ID_2497,63,High School,2.3,37665.6,0,0.0,1671.2,1,0.138,53706.43,36,0.499,1,549,0
ID_2498,53,Master,2.7,36887.08,0,3664.73,2289.36,3,0.369,40425.57,36,0.384,2,463,0
ID_2499,51,High School,1.8,121665.92,1,24870.06,11083.16,1,0.297,26186.61,36,0.075,0,708,0
ID_2500,46,Bachelor,5.3,146780.24,1,23819.51,11708.32,1,0.553,5811.53,24,0.021,1,636,1
ID_2501,48,Bachelor,12.6,78887.78,1,7268.13,9513.29,1,0.184,25711.97,60,0.068,0,727,1
ID_2502,32,Bachelor,2.6,80152.98,0,18282.93,1870.2,4,0.5,23609.74,36,0.103,0,554,0
ID_2503,29,Bachelor,1.1,40531.0,0,9615.86,3339.33,2,0.373,39840.6,24,0.516,5,308,0
ID_2504,38,Master,1.6,143438.87,0,13188.67,4254.74,0,0.264,13397.91,36,0.033,1,626,1
ID_2505,36,Bachelor,9.6,61935.46,0,5495.43,952.36,1,0.082,9014.73,24,0.076,0,667,1
ID_2506,33,Bachelor,4.2,82996.62,0,17994.39,4235.0,1,0.058,30371.11,36,0.128,0,672,0
ID_2507,47,High School,3.0,51391.99,0,7127.35,1625.07,1,0.109,41566.76,36,0.283,2,548,1
ID_2508,50,Bachelor,0.8,47381.34,0,14912.2,3024.82,0,0.692,27752.56,24,0.308,2,481,0
ID_2509,40,Master,3.0,124432.8,1,3535.46,2756.39,0,0.255,42394.24,60,0.072,2,599,0
ID_2510,56,Bachelor,1.6,70959.31,0,2075.86,0.0,1,0.363,2033.58,36,0.01,1,580,0
ID_2511,25,Master,7.0,111936.58,0,28201.47,10944.08,0,0.436,33523.36,24,0.157,1,594,1
ID_2512,36,Bachelor,10.8,61553.63,0,0.0,6128.53,0,0.039,1926.16,60,0.007,0,684,1
ID_2513,30,High School,0.4,35447.81,0,2577.28,4887.14,2,0.171,73011.67,36,0.721,0,524,0
ID_2514,18,High School,0.0,40470.5,1,0.0,4714.47,0,0.468,49133.8,48,0.319,2,472,0
ID_2515,38,High School,1.3,57038.55,0,5658.21,3107.07,1,0.314,31929.98,36,0.196,0,604,1
ID_2516,37,Bachelor,2.6,39606.55,1,10613.37,4065.73,2,0.191,1000.0,24,0.013,0,670,0
ID_2517,57,Bachelor,10.5,31140.65,0,8032.0,4164.12,1,0.091,1000.0,12,0.034,1,656,0
ID_2518,46,High School,3.7,98785.74,1,3471.31,2963.92,1,0.428,59117.65,36,0.209,2,548,0
ID_2519,26,Bachelor,2.0,41256.54,0,5225.13,3814.38,0,0.376,4162.89,36,0.035,1,567,0
ID_2520,61,Bachelor,1.2,58052.11,0,3157.44,0.0,1,0.383,34002.51,24,0.308,1,547,1
ID_2521,53,Bachelor,8.1,62822.39,0,1589.39,1401.45,4,0.07,57819.99,24,0.483,1,537,0
ID_2522,45,High School,4.9,40373.28,0,1359.72,0.0,2,0.515,26906.7,12,0.7,2,399,0
ID_2523,36,High School,3.2,111904.35,0,25172.61,9068.65,1,0.101,3490.25,24,0.016,0,693,1
ID_2524,27,High School,1.2,30990.29,0,3702.26,2687.16,1,0.069,1000.0,36,0.011,0,637,1
ID_2525,34,High School,2.0,61747.74,1,12314.59,3013.37,0,0.076,31891.08,24,0.271,1,643,1
ID_2526,52,High School,16.1,61270.81,1,0.0,4381.5,1,0.279,5128.7,24,0.044,1,649,1
ID_2527,61,High School,3.7,52726.46,0,6891.07,3524.34,0,0.533,25041.17,36,0.166,1,580,0
ID_2528,57,Bachelor,2.6,28326.24,1,0.0,3169.26,2,0.423,5823.88,36,0.072,0,615,0
ID_2529,33,High School,3.7,83734.7,0,6000.74,7603.99,0,0.046,14174.03,60,0.036,0,689,1
ID_2530,25,PhD,7.0,78570.79,1,14666.59,6768.69,0,0.428,14750.69,36,0.066,1,626,0
ID_2531,40,High School,2.1,38646.66,0,3313.63,2474.41,0,0.313,20297.82,24,0.276,1,557,1
ID_2532,18,High School,0.0,77168.27,0,15017.6,4362.91,1,0.324,11672.83,36,0.053,0,610,0
ID_2533,42,Bachelor,4.4,65346.15,0,7120.32,3189.28,1,0.365,30126.07,24,0.242,1,563,1
ID_2534,37,High School,5.5,28558.04,1,5938.74,1589.6,0,0.4,42951.74,24,0.79,2,478,0
ID_2535,33,Master,6.2,35349.36,1,9074.73,1813.81,1,0.184,18516.01,24,0.275,1,607,1
ID_2536,19,High School,1.0,95716.0,0,18038.38,6690.56,1,0.1,29695.4,36,0.109,0,648,0
ID_2537,45,Master,2.3,63241.0,1,0.0,0.0,0,0.235,8165.75,24,0.068,3,525,0
ID_2538,32,Master,0.4,40857.62,0,0.0,2618.46,0,0.49,1000.0,24,0.013,1,530,0
ID_2539,24,Bachelor,6.0,35269.08,0,11433.13,232.06,2,0.134,32230.33,48,0.24,2,510,0
ID_2540,18,Bachelor,0.0,41869.09,1,3474.71,0.0,0,0.738,40833.41,60,0.205,2,454,1
ID_2541,38,Bachelor,4.9,43380.28,0,6534.31,4064.2,1,0.233,1000.0,12,0.024,0,645,0
ID_2542,60,Bachelor,5.5,35490.43,0,0.0,3259.83,0,0.366,23356.19,12,0.691,1,513,0
ID_2543,58,Bachelor,4.0,22677.26,1,7937.89,3766.25,1,0.278,32780.25,60,0.304,0,656,0
ID_2544,33,High School,1.1,95798.92,0,9790.38,7253.73,1,0.398,30208.21,24,0.166,1,561,0
ID_2545,31,High School,7.0,88019.78,1,16143.08,8074.91,0,0.296,14378.31,36,0.057,0,702,1
ID_2546,44,Bachelor,8.1,28663.28,0,7402.11,838.19,4,0.469,25856.4,36,0.316,2,445,0
ID_2547,27,Bachelor,4.0,57997.53,0,5606.24,2661.71,0,0.114,41674.91,60,0.151,1,602,1
ID_2548,42,Master,3.4,34505.74,1,7098.63,3366.92,0,0.106,9522.99,24,0.145,1,653,1
ID_2549,48,High School,0.6,47534.75,0,13754.9,5191.19,0,0.078,52987.55,60,0.234,3,536,0
ID_2550,53,Master,0.4,45597.89,0,14705.59,3381.11,3,0.183,1000.0,36,0.008,1,596,0
ID_2551,37,High School,2.1,43742.83,1,0.0,3576.78,0,0.041,41159.97,48,0.247,1,617,1
ID_2552,36,Bachelor,1.9,147483.79,0,29220.31,4150.11,1,0.227,25971.93,36,0.062,0,666,1
ID_2553,28,High School,10.0,43470.47,0,7305.81,2749.48,1,0.304,15734.07,48,0.095,1,581,0
ID_2554,29,Bachelor,7.7,36165.76,0,3687.85,1969.8,0,0.357,1000.0,24,0.015,1,582,1
ID_2555,36,High School,5.4,37001.34,0,8303.89,3976.94,1,0.433,46423.48,36,0.439,1,520,0
ID_2556,43,Bachelor,3.6,91298.39,0,5859.16,0.0,1,0.15,8186.44,24,0.047,0,656,0
ID_2557,49,Master,0.9,23717.03,0,6631.89,1585.29,1,0.176,24460.36,24,0.541,3,449,0
ID_2558,29,Bachelor,11.0,37000.57,0,4164.5,2055.09,0,0.523,33478.57,36,0.317,3,441,0
ID_2559,56,Bachelor,2.4,111682.07,0,10980.48,1490.99,2,0.572,67826.29,36,0.213,0,586,0
ID_2560,35,Master,0.6,61205.55,1,12248.34,4471.91,0,0.164,18597.83,24,0.16,0,687,1
ID_2561,38,Bachelor,3.4,59632.8,0,9862.41,3611.22,1,0.036,25918.96,48,0.114,1,623,0
ID_2562,30,Bachelor,10.4,157325.66,1,24276.2,9525.92,2,0.393,32453.23,24,0.108,1,628,1
ID_2563,18,High School,0.0,61277.87,1,5049.78,5503.62,0,0.133,27095.54,36,0.155,0,661,0
ID_2564,49,Master,0.1,38021.49,0,9555.66,1562.76,0,0.327,11297.17,60,0.062,2,551,0
ID_2565,47,Bachelor,10.9,47049.78,0,10504.95,2853.76,0,0.279,51735.64,24,0.577,2,528,0
ID_2566,35,High School,1.6,30708.16,0,4077.22,2958.05,1,0.152,16703.15,24,0.286,1,558,0
ID_2567,39,High School,0.2,101515.68,0,13818.27,5959.54,1,0.176,33426.26,24,0.173,1,602,1
ID_2568,45,Master,9.4,72206.18,0,14953.07,5324.22,2,0.4,21095.98,60,0.061,2,548,0
ID_2569,20,High School,2.0,95054.63,0,13967.47,5801.23,0,0.363,14094.77,24,0.078,0,627,1
ID_2570,32,PhD,4.5,99358.71,1,12859.09,4316.16,4,0.238,43868.37,36,0.155,0,630,0
ID_2571,48,High School,4.3,44041.81,0,0.0,2531.37,0,0.156,29733.03,48,0.177,2,545,0
ID_2572,23,Bachelor,5.0,33779.98,0,3002.52,0.0,2,0.454,1000.0,60,0.006,0,560,0
ID_2573,42,Bachelor,7.7,52793.5,0,0.0,2404.56,0,0.355,30359.5,36,0.201,7,300,0
ID_2574,22,Bachelor,4.0,35018.07,1,5333.4,4098.98,0,0.323,13712.39,36,0.137,1,597,0
ID_2575,44,Master,4.0,58834.19,1,2445.87,2630.28,0,0.372,1000.0,60,0.004,1,628,0
ID_2576,38,Bachelor,17.2,95420.47,0,14905.86,11040.59,0,0.079,42217.77,24,0.232,1,670,1
ID_2577,19,Bachelor,1.0,49807.96,0,11530.02,4347.93,0,0.383,11256.01,36,0.079,1,562,1
ID_2578,52,High School,0.6,58395.7,0,11230.48,5567.81,0,0.518,29722.53,36,0.178,4,437,0
ID_2579,30,High School,9.5,51692.98,1,5478.8,4637.95,0,0.219,41556.77,48,0.211,0,678,1
ID_2580,29,High School,3.5,80931.94,0,23613.28,2533.07,1,0.231,20635.61,24,0.134,0,639,1
ID_2581,41,Bachelor,2.5,38797.41,0,8254.92,3723.45,0,0.072,29521.73,60,0.16,0,667,1
ID_2582,52,High School,4.7,18065.82,0,3472.42,2829.93,0,0.425,12745.61,60,0.148,1,569,0
ID_2583,26,High School,0.3,68557.93,0,8995.67,2472.9,3,0.218,44870.62,36,0.229,0,574,0
ID_2584,39,Bachelor,3.5,88780.05,1,0.0,4723.25,0,0.202,21728.57,36,0.086,0,674,1
ID_2585,44,Bachelor,10.2,67723.41,0,19924.62,774.7,0,0.127,34674.55,36,0.179,1,645,1
ID_2586,47,Bachelor,1.2,39335.58,1,7167.43,2710.91,0,0.175,52097.1,60,0.278,0,673,1
ID_2587,41,High School,2.8,30714.62,0,9717.36,0.0,1,0.279,1000.0,36,0.011,0,628,1
ID_2588,34,High School,14.0,69372.7,1,7086.18,5349.0,0,0.404,12666.67,24,0.096,4,507,0
ID_2589,29,Master,2.8,58147.58,0,8055.63,5128.41,0,0.065,21889.96,48,0.099,0,668,1
ID_2590,40,High School,2.2,50873.82,0,6329.73,1125.71,1,0.269,27297.06,60,0.113,3,486,0
ID_2591,26,Master,2.9,134757.44,0,26373.52,11630.52,0,0.458,36076.96,48,0.07,1,595,0
ID_2592,18,Master,0.0,33745.42,0,6371.97,751.11,1,0.27,46974.6,12,1.462,0,421,0
ID_2593,44,Bachelor,5.0,131599.5,1,8190.6,3633.24,0,0.348,11582.62,24,0.046,0,700,1
ID_2594,49,High School,8.1,55044.21,0,9762.71,2509.34,0,0.311,21369.24,36,0.136,0,662,1
ID_2595,18,Master,0.0,21638.18,0,7409.27,2860.73,0,0.343,45192.09,24,1.096,6,300,0
ID_2596,26,Bachelor,8.0,49533.21,0,13792.7,6112.99,1,0.322,31084.32,36,0.22,0,614,1
ID_2597,46,Bachelor,3.8,87530.98,0,0.0,3241.81,2,0.313,1000.0,36,0.004,0,609,0
ID_2598,63,High School,2.1,45137.67,1,13424.82,705.47,0,0.318,1000.0,12,0.023,2,617,1
ID_2599,39,High School,5.4,25915.87,0,2786.89,3379.08,0,0.134,16197.68,36,0.219,0,638,1
ID_2600,30,High School,6.3,49898.33,0,3620.31,0.0,0,0.319,34936.08,36,0.245,0,600,1
ID_2601,36,Bachelor,4.1,35292.08,0,0.0,2261.98,0,0.055,34600.04,12,1.029,7,300,1
ID_2602,55,Bachelor,0.3,69279.7,0,3764.86,4956.91,0,0.341,8923.14,60,0.027,1,609,0
ID_2603,31,Bachelor,0.9,79753.82,0,0.0,8491.13,2,0.31,36944.5,36,0.162,3,434,0
ID_2604,29,Bachelor,1.7,31948.0,1,8905.38,2188.36,0,0.135,29534.76,12,0.971,5,349,0
ID_2605,33,Bachelor,1.7,38066.81,0,8476.81,1217.65,1,0.035,5536.05,60,0.031,0,656,1
ID_2606,27,Bachelor,5.6,79088.38,0,14251.42,4429.92,2,0.25,14174.18,36,0.063,1,584,0
ID_2607,40,Master,0.1,35262.59,1,8598.38,2660.98,0,0.243,1000.0,24,0.015,2,594,0
ID_2608,58,High School,7.0,31537.13,1,8341.92,1978.87,1,0.137,3563.12,12,0.119,0,708,1
ID_2609,42,Bachelor,1.5,30051.1,0,5251.95,2550.4,1,0.253,1000.0,48,0.009,1,586,1
ID_2610,35,High School,1.9,64603.21,1,10308.01,5354.75,0,0.378,1000.0,60,0.003,1,632,0
ID_2611,35,Bachelor,3.8,63232.83,1,12368.88,4953.74,0,0.129,55227.72,24,0.459,1,621,1
ID_2612,20,Bachelor,1.2,38483.2,0,12128.84,709.13,0,0.238,17798.72,36,0.162,0,611,1
ID_2613,49,Master,10.8,54314.29,0,7299.71,5574.22,0,0.233,1000.0,24,0.01,0,696,1
ID_2614,38,High School,0.4,116257.89,1,7247.21,6575.49,1,0.275,32537.26,36,0.098,1,626,1
ID_2615,36,PhD,2.9,33288.59,0,7754.78,2747.36,1,0.528,30218.12,60,0.191,1,525,0
ID_2616,75,High School,9.5,20417.11,0,5543.7,2065.08,1,0.195,28472.42,24,0.732,1,563,0
ID_2617,42,Bachelor,4.8,68018.69,0,5814.82,6886.92,0,0.354,9282.16,24,0.072,1,603,1
ID_2618,29,High School,1.7,51266.84,0,9220.59,3730.49,2,0.167,36209.12,24,0.371,1,540,0
ID_2619,33,Master,2.7,37986.55,0,1265.07,2506.32,0,0.345,5239.53,24,0.072,1,562,1
ID_2620,52,Bachelor,6.1,75059.78,1,22059.28,1194.48,0,0.37,39285.65,24,0.275,1,636,1
ID_2621,40,Bachelor,18.1,82422.4,0,7033.72,8888.57,1,0.151,40922.92,36,0.174,1,643,1
ID_2622,21,Master,3.0,17959.26,1,2557.02,0.0,3,0.085,23843.65,12,1.394,6,300,0
ID_2623,50,High School,2.1,39093.09,1,2102.99,2358.85,0,0.13,1000.0,48,0.007,0,705,1
ID_2624,30,High School,12.0,172604.5,0,20015.92,14601.84,1,0.16,39444.92,24,0.12,0,692,1
ID_2625,61,Master,0.0,72526.15,1,6672.64,6033.43,1,0.322,14495.87,24,0.105,2,592,0
ID_2626,51,High School,0.1,75966.81,0,18723.6,3381.71,1,0.111,29938.47,36,0.138,0,672,0
ID_2627,33,High School,8.7,97386.92,0,23314.58,6487.24,0,0.069,37433.9,36,0.135,0,703,1
ID_2628,54,Bachelor,1.1,54640.71,1,7067.66,2382.41,0,0.281,10426.15,24,0.1,0,690,1
ID_2629,39,Bachelor,0.3,80687.75,1,14276.38,6593.31,1,0.362,63622.58,36,0.276,2,550,0
ID_2630,49,High School,1.4,77577.37,0,2689.69,3159.7,1,0.151,24210.21,60,0.066,0,654,1
ID_2631,44,High School,2.8,70935.11,0,7396.43,5938.79,0,0.217,12926.65,36,0.064,0,670,1
ID_2632,28,High School,6.6,46119.63,0,6589.49,3601.07,1,0.42,42989.77,12,0.979,2,405,0
ID_2633,31,Bachelor,4.9,59043.48,0,4579.77,2382.82,1,0.316,52897.43,36,0.314,1,542,0
ID_2634,51,Master,1.4,40369.07,1,6712.0,2673.38,0,0.244,1000.0,36,0.009,0,700,1
ID_2635,34,PhD,3.5,54524.59,1,2773.65,3867.43,1,0.184,1000.0,24,0.01,0,675,1
ID_2636,34,Bachelor,13.0,30204.75,0,8110.3,0.0,1,0.162,11039.14,24,0.192,0,639,0
ID_2637,27,High School,8.4,36486.15,1,9532.43,3184.87,1,0.773,63041.8,24,0.907,0,490,0
ID_2638,44,Master,2.0,47044.25,0,9508.2,3154.48,0,0.142,16375.88,60,0.073,0,672,1
ID_2639,63,Bachelor,20.2,33797.67,0,12362.92,3010.67,2,0.338,52375.23,36,0.542,2,534,0
ID_2640,26,High School,6.2,42086.88,0,11382.08,2277.51,4,0.124,28961.99,36,0.241,1,538,0
ID_2641,39,Master,0.3,49913.01,0,8763.57,3128.11,0,0.328,1000.0,36,0.007,2,552,1
ID_2642,55,Bachelor,0.2,66246.05,0,9628.42,3180.56,2,0.774,40851.24,36,0.216,4,363,0
ID_2643,38,Bachelor,0.9,87084.02,0,9149.4,4322.08,1,0.709,30705.09,36,0.123,0,565,0
ID_2644,44,Bachelor,6.5,42963.57,0,8178.75,3465.32,0,0.565,9479.24,36,0.077,2,527,0
ID_2645,26,High School,1.0,105614.64,0,16172.26,9834.09,2,0.324,13106.37,12,0.13,2,517,1
ID_2646,44,High School,3.6,86621.69,0,24558.04,2481.89,2,0.203,6107.15,12,0.074,2,565,0
ID_2647,36,Bachelor,0.5,69706.37,0,8131.29,6576.47,0,0.447,13754.71,36,0.069,1,576,1
ID_2648,50,High School,12.7,58502.49,0,9317.5,3000.28,0,0.547,36852.19,48,0.165,0,636,0
ID_2649,53,Bachelor,2.1,63548.61,0,5980.69,2714.31,2,0.351,8733.48,36,0.048,1,578,0
ID_2650,70,Bachelor,11.9,98078.71,1,22231.18,6794.68,1,0.066,26518.97,36,0.095,0,781,1
ID_2651,45,Bachelor,14.5,99886.5,1,4519.41,4644.37,0,0.315,30649.33,12,0.322,2,597,0
ID_2652,42,Bachelor,0.0,105606.31,1,16210.8,0.0,3,0.323,24018.28,24,0.119,1,585,1
ID_2653,41,Bachelor,3.1,55307.48,1,11079.88,5619.89,0,0.188,1000.0,36,0.006,1,669,1
ID_2654,34,Master,0.1,71502.21,0,6046.93,2754.45,1,0.659,38479.76,36,0.188,2,458,0
ID_2655,43,Bachelor,12.0,106061.38,1,11693.73,6285.11,0,0.661,4022.49,36,0.013,0,677,1
ID_2656,35,High School,3.7,39661.73,0,6866.67,5097.25,1,0.375,14648.93,36,0.129,0,605,0
ID_2657,41,High School,0.4,46202.61,0,1326.85,2115.51,0,0.653,16717.39,24,0.19,1,507,0
ID_2658,54,High School,0.6,54612.51,1,7429.72,2695.88,0,0.059,24426.68,24,0.235,1,662,0
ID_2659,26,High School,2.4,84948.41,1,20803.64,3029.87,0,0.324,26732.16,48,0.083,1,630,1
ID_2660,52,High School,14.1,85612.46,0,22351.5,6460.43,1,0.612,37345.38,36,0.153,1,594,0
ID_2661,54,High School,5.9,48270.12,0,8163.13,4281.37,1,0.739,19387.68,60,0.084,1,543,0
ID_2662,37,Bachelor,10.1,25481.18,0,0.0,1790.55,1,0.246,3097.98,24,0.064,2,524,0
ID_2663,18,Master,0.0,61272.84,0,6835.92,4264.68,1,0.341,44567.26,36,0.255,1,525,0
ID_2664,31,High School,0.2,34229.46,0,0.0,2932.56,0,0.492,17781.48,24,0.273,2,451,0
ID_2665,54,Bachelor,18.3,25720.2,0,2656.99,768.55,3,0.478,21671.09,24,0.442,2,469,0
ID_2666,38,Bachelor,0.1,28798.09,1,4206.93,3267.85,0,0.38,6985.59,36,0.085,0,643,1
ID_2667,27,High School,9.0,63779.72,0,0.0,1756.64,0,0.139,9418.6,60,0.031,2,555,0
ID_2668,32,Master,2.3,106993.0,1,12896.34,2691.55,1,0.068,50963.88,24,0.25,1,637,1
ID_2669,49,Bachelor,0.1,55240.26,0,2269.56,6260.3,0,0.158,1000.0,24,0.01,0,669,0
ID_2670,45,Bachelor,5.8,60215.82,0,15613.08,6193.72,0,0.408,2909.55,60,0.01,0,663,0
ID_2671,36,Bachelor,18.0,97875.1,0,15802.29,8525.68,2,0.08,16679.23,48,0.045,0,706,1
ID_2672,34,High School,16.0,25028.55,1,5522.07,2113.25,0,0.162,30726.69,36,0.43,1,624,1
ID_2673,34,Bachelor,0.9,70269.15,0,7636.89,5817.42,1,0.315,7586.19,36,0.038,2,536,0
ID_2674,27,High School,1.0,53863.33,0,0.0,4613.32,2,0.177,1000.0,48,0.005,1,550,0
ID_2675,58,Master,4.2,71899.8,0,0.0,0.0,3,0.108,3030.58,36,0.015,2,537,0
ID_2676,35,Bachelor,5.1,42542.47,1,5774.8,4247.7,0,0.59,17514.88,36,0.144,1,578,1
ID_2677,53,Bachelor,6.7,35991.26,0,0.0,1837.4,0,0.26,6988.57,60,0.041,2,554,0
ID_2678,57,High School,1.0,58119.38,0,0.0,4253.52,1,0.099,65019.89,36,0.392,1,567,0
ID_2679,50,Bachelor,16.0,123574.03,0,9735.68,9843.68,0,0.644,60679.62,24,0.258,0,636,0
ID_2680,33,Bachelor,5.1,83320.93,0,15146.04,4354.21,1,0.321,45980.64,36,0.193,1,580,1
ID_2681,43,Bachelor,9.4,42030.62,0,7583.35,1999.56,1,0.264,31775.75,12,0.794,3,428,0
ID_2682,38,Bachelor,3.9,27709.04,1,8266.6,1566.69,1,0.241,31810.62,36,0.402,2,534,0
ID_2683,28,Bachelor,2.7,23364.34,1,0.0,2084.79,1,0.371,48797.54,36,0.731,2,431,0
ID_2684,42,Master,18.9,104615.78,0,15465.45,4885.1,2,0.169,27353.61,24,0.137,0,689,1
ID_2685,24,Bachelor,4.4,33605.96,0,0.0,2101.53,0,0.265,10177.2,60,0.064,2,510,0
ID_2686,53,Master,10.1,46038.96,1,0.0,2407.58,1,0.096,63217.85,24,0.721,3,485,0
ID_2687,33,Master,15.0,104883.51,0,5050.87,3504.27,0,0.298,35354.1,48,0.088,1,625,1
ID_2688,41,Bachelor,5.6,24174.39,0,0.0,1504.89,0,0.25,51154.88,48,0.555,1,517,0
ID_2689,42,High School,4.0,114248.62,1,11477.7,2905.47,0,0.099,57618.32,12,0.53,3,540,0
ID_2690,35,Bachelor,0.0,47723.53,0,13717.18,5500.28,1,0.668,1000.0,36,0.007,2,488,0
ID_2691,46,Master,0.2,30506.91,1,4274.66,689.57,3,0.2,9448.5,36,0.108,0,627,1
ID_2692,33,High School,1.1,47873.84,1,0.0,4342.89,1,0.264,21340.14,60,0.094,0,627,0
ID_2693,49,Bachelor,1.0,37748.52,0,7000.37,3512.08,0,0.575,34016.92,36,0.315,1,531,0
ID_2694,22,Master,1.5,67535.58,0,5778.96,5829.87,1,0.734,41497.69,12,0.645,2,384,0
ID_2695,40,Bachelor,1.8,39180.47,1,8243.65,2639.12,0,0.293,23862.83,36,0.213,2,567,1
ID_2696,62,Bachelor,2.2,20830.61,0,5517.32,2972.08,1,0.042,48270.39,36,0.811,2,500,0
ID_2697,26,High School,2.7,48519.39,1,5097.39,3560.13,2,0.303,35969.42,24,0.389,1,544,0
ID_2698,30,High School,0.5,27494.12,1,6143.08,702.17,0,0.431,35747.9,24,0.683,2,463,0
ID_2699,45,Bachelor,0.2,60003.61,1,9471.02,4044.61,0,0.51,20017.84,60,0.07,1,608,0
ID_2700,41,High School,5.6,29924.56,1,9273.05,1359.98,0,0.278,30683.92,36,0.359,2,558,0
ID_2701,43,High School,3.9,42446.24,1,11636.08,2953.04,0,0.315,30560.3,36,0.252,1,619,1
ID_2702,44,Master,2.9,59355.13,0,9683.57,4777.94,1,0.151,42330.31,48,0.187,0,650,1
ID_2703,46,High School,5.0,48716.38,0,15731.13,2000.22,0,0.704,1289.46,60,0.006,0,610,1
ID_2704,52,PhD,8.8,61403.07,1,0.0,5353.87,0,0.663,37638.65,60,0.129,3,489,0
ID_2705,43,PhD,2.8,76125.88,1,2191.85,8277.55,1,0.206,1000.0,12,0.014,0,686,1
ID_2706,36,High School,5.1,30364.61,0,3563.71,1569.64,2,0.067,9640.31,36,0.111,1,583,0
ID_2707,47,High School,15.3,52459.74,0,0.0,3328.05,1,0.206,35938.32,36,0.24,0,635,0
ID_2708,61,Bachelor,9.2,15000.0,1,2651.09,2236.75,0,0.643,9913.26,36,0.231,1,578,1
ID_2709,37,Bachelor,2.8,61308.06,1,7491.77,4931.48,0,0.307,25491.01,12,0.437,2,545,0
ID_2710,27,High School,5.2,46611.05,0,3943.08,2353.21,0,0.285,8417.27,60,0.038,1,586,1
ID_2711,52,Bachelor,1.0,33132.67,0,5860.31,3614.42,0,0.156,35787.02,48,0.284,1,598,0
ID_2712,37,High School,4.1,63440.63,1,13193.98,7683.22,4,0.535,25852.95,24,0.214,3,446,0
ID_2713,18,Master,0.0,97377.34,0,0.0,7328.87,0,0.753,24554.62,24,0.132,0,521,1
ID_2714,49,High School,3.7,42701.58,0,12495.01,2333.0,0,0.401,44794.87,24,0.551,2,497,0
ID_2715,32,High School,13.1,33778.94,1,10146.43,2300.95,0,0.114,32503.06,36,0.337,2,598,1
ID_2716,37,High School,2.6,58836.2,0,6112.57,3301.11,2,0.244,33887.2,60,0.121,1,567,1
ID_2717,42,PhD,24.0,27783.47,0,5362.57,3178.69,0,0.037,44959.88,36,0.566,2,578,0
ID_2718,41,Bachelor,4.3,38941.25,0,5764.93,1376.49,1,0.362,46811.61,36,0.421,3,438,0
ID_2719,47,Master,0.2,99827.71,1,0.0,6963.88,1,0.272,7897.34,12,0.083,0,654,1
ID_2720,33,Bachelor,4.4,55887.14,0,4190.71,2901.84,2,0.345,38265.24,60,0.144,0,588,0
ID_2721,45,High School,1.6,21168.44,0,4112.96,868.95,0,0.349,32801.44,24,0.814,0,528,0
ID_2722,35,High School,0.2,22059.62,0,6483.82,2620.32,0,0.042,48615.36,60,0.463,1,566,0
ID_2723,47,Bachelor,8.6,58749.79,0,6160.88,6259.79,1,0.318,1836.81,36,0.011,1,615,0
ID_2724,46,Bachelor,1.6,83382.63,1,17471.34,8014.9,1,0.24,12568.78,36,0.053,0,701,1
ID_2725,27,Bachelor,8.0,24129.47,0,0.0,2981.75,1,0.217,21452.17,36,0.311,1,528,0
ID_2726,52,High School,1.7,67836.54,0,4543.07,3443.49,1,0.222,50248.78,24,0.389,1,568,0
ID_2727,32,Master,1.1,105363.52,1,5996.65,7739.13,1,0.339,19835.74,60,0.04,2,570,1
ID_2728,48,High School,18.2,139236.54,0,30959.85,9973.42,3,0.554,24253.25,60,0.037,1,605,0
ID_2729,43,PhD,2.2,63934.31,0,1841.72,5389.14,2,0.444,12687.38,24,0.104,2,492,0
ID_2730,61,High School,4.6,69800.84,1,9080.12,1966.89,0,0.402,39113.72,12,0.588,4,455,0
ID_2731,36,Bachelor,4.7,18646.39,0,0.0,1555.42,0,0.12,37174.75,36,0.698,2,463,0
ID_2732,34,High School,4.1,154797.99,1,33054.52,14648.65,1,0.517,15212.21,36,0.034,0,674,1
ID_2733,38,Bachelor,12.3,40629.71,0,0.0,1845.98,0,0.28,6192.17,12,0.16,1,580,0
ID_2734,35,Bachelor,5.6,33971.07,0,0.0,2252.81,0,0.256,38898.77,36,0.401,1,533,0
ID_2735,48,Bachelor,2.6,47686.18,0,4824.42,4031.21,1,0.481,34158.13,24,0.376,3,435,0
ID_2736,19,Bachelor,1.0,115362.74,0,24463.34,8531.45,3,0.103,13053.68,60,0.024,1,590,0
ID_2737,26,Bachelor,1.0,163410.88,0,12049.78,3892.52,0,0.389,37496.42,48,0.06,2,543,1
ID_2738,26,Bachelor,3.9,57682.22,1,4658.8,5382.99,2,0.564,36508.58,12,0.665,2,433,0
ID_2739,50,Master,15.0,89236.2,1,0.0,0.0,0,0.127,47139.67,60,0.111,5,488,0
ID_2740,59,High School,4.9,55359.42,1,0.0,5969.93,1,0.134,40243.37,24,0.382,1,611,0
ID_2741,37,Bachelor,8.5,32244.48,0,3227.59,1719.65,0,0.265,18899.85,48,0.154,1,588,0
ID_2742,36,Bachelor,5.3,113365.44,0,3821.2,2752.59,0,0.131,11286.52,36,0.035,0,678,1
ID_2743,39,Bachelor,9.1,39693.24,1,9574.29,5112.61,2,0.239,61273.69,36,0.54,2,529,0
ID_2744,52,Bachelor,14.5,116747.11,0,28121.64,11536.02,3,0.417,15750.47,60,0.028,0,665,1
ID_2745,27,High School,1.6,103701.38,1,16857.1,0.0,0,0.327,1000.0,36,0.003,1,629,1
ID_2746,41,High School,0.9,73645.49,0,10724.68,2629.34,1,0.047,3254.97,60,0.009,0,679,1
ID_2747,50,High School,3.3,135196.88,0,30825.04,8830.23,1,0.467,1000.0,60,0.002,0,662,1
ID_2748,45,High School,6.1,165408.43,1,32970.12,3544.82,0,0.293,46983.21,36,0.099,0,726,1
ID_2749,41,Bachelor,1.3,49631.37,1,7927.97,2817.38,0,0.276,57786.69,36,0.408,2,549,0
ID_2750,51,Bachelor,0.0,36156.17,1,3668.73,2203.57,1,0.112,29497.43,12,0.857,2,500,1
ID_2751,18,PhD,0.0,21329.9,1,6047.43,938.92,0,0.6,1000.0,24,0.025,3,454,0
ID_2752,47,Bachelor,17.3,166431.84,0,23284.48,16532.12,0,0.55,46630.73,36,0.098,0,687,1
ID_2753,31,High School,5.9,43484.46,1,5559.03,2131.12,4,0.255,33383.67,36,0.269,1,547,0
ID_2754,18,Master,0.0,95560.84,0,12681.35,7339.65,0,0.275,47157.93,24,0.259,1,566,0
ID_2755,45,Master,1.1,37397.99,0,0.0,3117.82,0,0.361,35619.97,60,0.2,3,454,0
ID_2756,55,Bachelor,2.2,116906.86,0,6498.03,4632.82,2,0.486,1000.0,60,0.002,1,577,1
ID_2757,37,Bachelor,0.9,38175.19,1,0.0,4837.27,0,0.316,36906.33,36,0.338,2,517,0
ID_2758,50,PhD,0.6,29855.98,0,2909.6,2390.73,1,0.357,1000.0,60,0.007,2,527,0
ID_2759,58,Bachelor,11.9,48812.75,0,9101.87,5271.9,0,0.559,11108.2,12,0.239,1,589,0
ID_2760,54,Master,30.3,41527.54,0,10749.96,5510.36,2,0.051,43595.84,12,1.102,1,573,1
ID_2761,58,High School,0.9,72995.27,0,13844.51,7627.87,0,0.065,42710.18,60,0.123,1,662,1
ID_2762,47,High School,0.3,52801.9,1,9053.24,5661.65,0,0.142,8010.43,36,0.053,0,713,1
ID_2763,39,Bachelor,2.0,74150.43,1,13476.96,2374.51,0,0.439,4485.21,48,0.016,2,582,0
ID_2764,19,Bachelor,1.0,46839.83,0,14464.92,2189.01,1,0.122,25475.39,60,0.114,1,581,0
ID_2765,36,Master,1.1,38849.34,0,0.0,0.0,2,0.385,61057.58,12,1.65,2,300,0
ID_2766,28,PhD,1.8,40466.09,0,0.0,2983.93,0,0.066,35095.44,48,0.228,0,612,1
ID_2767,65,Bachelor,1.1,150613.07,1,0.0,13706.56,0,0.443,67348.87,36,0.157,2,578,1
ID_2768,36,High School,7.4,60632.45,0,0.0,4862.98,0,0.149,22037.97,60,0.076,4,469,0
ID_2769,40,Master,6.2,20092.84,0,7894.14,1582.18,4,0.114,40899.11,36,0.712,1,485,0
ID_2770,45,Bachelor,5.0,41768.41,1,11914.32,0.0,0,0.309,19312.82,48,0.121,1,632,0
ID_2771,39,High School,2.4,56864.87,0,12660.01,3076.02,1,0.41,10597.87,60,0.039,2,532,0
ID_2772,59,Bachelor,12.0,136311.75,1,30826.54,8625.87,1,0.215,7872.24,36,0.02,0,765,1
ID_2773,31,Bachelor,13.0,90612.67,0,14903.79,3021.32,2,0.197,31363.44,36,0.121,2,564,1
ID_2774,41,Bachelor,1.0,34171.29,0,4971.86,3865.68,1,0.38,48306.12,36,0.495,2,464,0
ID_2775,30,Bachelor,1.3,181530.3,0,43159.86,13220.2,0,0.312,19120.57,36,0.037,1,632,1
ID_2776,23,High School,3.7,53338.83,0,8295.03,0.0,1,0.14,50584.3,60,0.199,1,567,0
ID_2777,31,PhD,0.5,101029.2,0,15703.66,0.0,0,0.024,57954.16,24,0.301,0,650,0
ID_2778,38,Bachelor,2.9,30409.06,0,9342.84,2098.88,1,0.151,40618.29,60,0.281,1,573,0
ID_2779,33,Bachelor,4.4,16332.6,0,7178.85,2435.35,0,0.55,30882.7,48,0.496,2,447,0
ID_2780,30,High School,3.7,26790.01,0,7054.45,2942.17,0,0.317,12932.27,24,0.253,3,466,0
ID_2781,22,Bachelor,2.0,15000.0,0,5354.31,1145.21,0,0.028,48450.94,36,1.131,2,422,0
ID_2782,38,High School,3.9,155755.8,0,0.0,8200.81,3,0.417,4464.21,24,0.015,1,536,0
ID_2783,20,High School,2.0,60310.8,1,17961.75,7224.7,1,0.135,35930.85,24,0.313,0,651,1
ID_2784,48,Bachelor,1.2,34121.33,1,8054.25,1548.31,0,0.535,1796.48,36,0.018,2,558,0
ID_2785,39,High School,5.3,67935.36,1,0.0,3866.71,0,0.055,5966.79,12,0.092,0,695,1
ID_2786,21,Bachelor,0.2,59555.68,0,13645.6,5308.03,0,0.284,23895.36,36,0.14,0,621,1
ID_2787,35,High School,0.3,73899.9,0,17131.61,6600.7,0,0.039,37671.73,60,0.107,0,685,0
ID_2788,29,Bachelor,4.0,99187.34,0,10225.57,2553.6,1,0.194,43086.6,36,0.152,0,636,1
ID_2789,42,High School,0.6,46865.61,0,4759.44,2264.19,1,0.518,25072.58,36,0.187,2,482,0
ID_2790,55,High School,0.1,34894.35,0,0.0,2535.58,2,0.382,17484.35,24,0.263,3,421,0
ID_2791,18,High School,0.0,81951.89,1,9788.32,0.0,2,0.393,10778.42,48,0.035,0,606,1
ID_2792,40,Master,4.2,80915.96,1,20793.95,6250.78,0,0.547,37600.33,60,0.098,0,664,1
ID_2793,37,Master,6.1,56975.0,0,11468.98,0.0,2,0.663,36905.8,48,0.17,3,414,1
ID_2794,47,High School,1.1,160938.42,0,16748.28,12589.48,1,0.411,28195.23,24,0.092,3,512,0
ID_2795,41,Bachelor,5.5,43524.92,1,9474.85,1581.73,1,0.095,30429.95,36,0.245,0,679,1
ID_2796,29,Bachelor,1.0,34546.83,0,0.0,0.0,3,0.126,53829.41,24,0.818,0,476,0
ID_2797,35,PhD,4.8,66772.44,0,0.0,3261.31,3,0.175,43299.64,36,0.227,0,574,0
ID_2798,29,Bachelor,2.7,38658.85,0,0.0,2196.42,2,0.352,1000.0,48,0.007,1,522,0
ID_2799,51,Bachelor,5.3,69408.06,1,20528.16,6066.19,0,0.016,40976.26,60,0.124,0,754,1
ID_2800,39,High School,21.0,35721.07,0,3770.53,2637.95,0,0.148,49862.94,36,0.489,2,558,0
ID_2801,61,Bachelor,13.9,44350.48,1,6391.55,1730.85,2,0.409,10247.13,36,0.081,3,543,0
ID_2802,38,PhD,0.0,139444.26,0,18116.08,12624.15,0,0.363,42069.58,24,0.158,0,647,1
ID_2803,30,Bachelor,10.8,44232.11,0,6175.41,2167.47,1,0.328,79103.4,24,0.939,1,478,0
ID_2804,20,High School,0.3,36336.36,0,0.0,1099.2,1,0.32,33682.85,24,0.487,2,419,0
ID_2805,18,High School,0.0,97279.1,0,0.0,3486.52,1,0.3,20757.36,12,0.224,3,423,0
ID_2806,19,Bachelor,1.0,32031.63,1,6711.31,3230.12,0,0.242,23185.87,36,0.253,1,584,0
ID_2807,42,Bachelor,2.4,38312.38,1,2637.88,3010.43,0,0.307,27361.18,60,0.15,3,520,0
ID_2808,45,Bachelor,0.5,72278.4,0,16055.75,6345.8,2,0.33,1000.0,36,0.005,1,590,0
ID_2809,20,PhD,0.6,86613.04,0,8362.65,5048.69,1,0.259,1000.0,36,0.004,2,534,0
ID_2810,49,High School,6.5,99731.63,1,26089.72,10711.07,1,0.493,29868.29,36,0.105,3,547,0
ID_2811,33,High School,14.4,37286.59,0,5895.67,1508.86,1,0.292,24122.36,24,0.34,1,564,1
ID_2812,40,Master,4.7,72984.64,1,15861.05,5365.01,0,0.182,36934.65,12,0.531,0,663,1
ID_2813,58,High School,6.3,42913.68,1,9991.36,4610.16,0,0.344,19915.3,24,0.244,1,640,1
ID_2814,49,High School,7.2,40021.5,0,9106.1,1853.91,1,0.524,26486.27,36,0.232,1,550,0
ID_2815,35,Bachelor,1.5,98874.47,0,24363.42,1870.2,0,0.568,42110.64,24,0.224,0,597,0
ID_2816,28,Master,0.2,41160.03,0,5735.49,3518.63,0,0.251,1000.0,36,0.009,1,588,0
ID_2817,18,High School,0.0,62261.73,0,14494.95,6580.86,2,0.307,8505.34,60,0.029,0,599,0
ID_2818,30,Master,2.2,58558.98,0,7553.94,0.0,1,0.227,15576.57,24,0.14,1,566,0
ID_2819,36,Bachelor,1.4,31717.47,0,10128.88,3875.24,2,0.097,22144.7,60,0.147,0,626,1
ID_2820,27,High School,0.3,87820.17,0,24738.46,7473.93,0,0.371,1000.0,24,0.006,1,601,1
ID_2821,37,Bachelor,1.0,71692.43,0,18606.87,1282.54,1,0.104,8645.56,36,0.042,0,665,1
ID_2822,39,Bachelor,0.7,20067.46,1,2433.56,1509.78,0,0.101,37586.54,12,1.967,2,359,0
ID_2823,36,Bachelor,12.3,62237.35,0,7556.27,0.0,0,0.15,33369.2,24,0.281,1,609,0
ID_2824,31,Bachelor,0.8,36809.58,0,6983.41,1997.78,4,0.297,1000.0,24,0.014,0,569,1
ID_2825,41,PhD,3.9,93764.13,0,8486.24,9589.61,0,0.179,20946.09,24,0.117,0,676,0
ID_2826,44,High School,4.5,26299.37,1,3787.62,0.0,0,0.234,22439.37,60,0.179,0,660,1
ID_2827,25,Bachelor,3.9,45331.69,1,9203.4,5963.04,2,0.324,8564.2,36,0.066,1,590,0
ID_2828,55,Bachelor,0.5,64926.57,1,16179.25,2608.28,2,0.472,22443.61,24,0.181,0,634,1
ID_2829,37,Bachelor,1.9,55668.52,0,12130.37,3990.77,3,0.443,32067.29,24,0.302,2,462,0
ID_2830,39,Bachelor,0.3,79338.53,0,16900.9,7584.06,0,0.43,37870.63,36,0.167,1,581,0
ID_2831,47,High School,2.5,25356.47,0,6274.94,1905.44,0,0.327,26822.17,48,0.278,1,565,0
ID_2832,41,Bachelor,1.0,123742.39,0,25577.74,4351.27,0,0.461,36643.33,60,0.062,0,646,0
ID_2833,50,Bachelor,4.1,70443.93,1,19827.85,3397.8,1,0.54,25196.44,36,0.125,4,473,0
ID_2834,42,High School,5.9,106922.45,0,17378.72,4642.1,0,0.104,1000.0,36,0.003,0,714,1
ID_2835,31,Master,3.8,83878.12,1,0.0,9017.3,0,0.377,22591.31,24,0.141,0,635,1
ID_2836,43,Master,2.8,53862.78,1,9689.44,3549.4,1,0.514,2878.86,12,0.056,0,642,0
ID_2837,25,Bachelor,2.4,28506.88,0,11609.55,2873.85,1,0.394,27041.94,60,0.199,2,488,0
ID_2838,40,High School,9.2,40872.94,1,4570.8,3817.61,0,0.163,21040.01,48,0.135,1,656,1
ID_2839,38,Bachelor,1.2,119944.17,1,21317.22,2442.97,3,0.316,20870.31,48,0.046,0,651,1
ID_2840,36,High School,6.6,108306.33,0,0.0,9430.56,0,0.36,9919.38,36,0.032,2,543,0
ID_2841,37,High School,7.1,39743.44,1,2321.08,2216.97,2,0.117,17820.47,36,0.157,0,656,0
ID_2842,18,Bachelor,0.0,15000.0,0,3882.7,1896.81,2,0.024,30525.91,48,0.534,3,408,0
ID_2843,32,High School,1.8,48710.76,1,5828.95,5012.94,1,0.276,8558.5,36,0.061,1,611,0
ID_2844,40,High School,3.2,46917.62,1,5278.03,2944.91,0,0.483,13817.89,36,0.103,1,598,0
ID_2845,40,High School,0.5,47815.91,0,5913.32,2784.95,0,0.239,1000.0,36,0.007,0,651,0
ID_2846,26,High School,0.2,70563.59,0,18066.68,3748.83,2,0.638,30024.42,36,0.149,0,546,0
ID_2847,54,High School,0.6,83960.88,1,3193.47,2757.81,0,0.04,2029.64,48,0.006,0,734,1
ID_2848,28,PhD,1.0,88889.54,0,21410.26,4275.95,1,0.426,25501.19,36,0.1,2,519,0
ID_2849,50,High School,3.5,67700.89,0,9667.34,0.0,1,0.245,37714.11,48,0.146,0,639,0
ID_2850,44,High School,9.5,22017.98,0,8223.72,2637.26,0,0.094,47883.25,24,1.142,3,423,0
ID_2851,31,High School,1.3,45679.28,1,13991.21,4828.48,4,0.718,19213.41,36,0.147,0,541,0
ID_2852,60,Master,13.7,171449.65,0,20825.97,8308.43,2,0.305,36244.95,36,0.074,3,563,1
ID_2853,24,Bachelor,6.0,65323.58,0,7083.9,1116.12,0,0.255,24866.85,60,0.08,1,592,0
ID_2854,50,Bachelor,16.0,65114.97,0,7695.55,2315.35,0,0.379,1000.0,36,0.005,1,642,0
ID_2855,51,Master,9.1,64844.21,0,14400.41,6279.06,0,0.121,1000.0,36,0.005,0,722,1
ID_2856,30,Bachelor,2.3,66681.97,1,7375.01,4694.38,2,0.24,40250.91,12,0.634,4,403,0
ID_2857,55,High School,0.4,16455.97,0,5007.45,2219.16,0,0.413,45835.4,36,0.975,1,467,0
ID_2858,35,High School,4.2,48061.55,0,4538.17,4231.16,4,0.49,1000.0,48,0.005,0,556,1
ID_2859,42,Bachelor,4.1,53159.58,0,5602.42,2183.53,0,0.207,31007.13,60,0.122,0,653,1
ID_2860,42,High School,9.5,102821.29,0,0.0,1939.79,0,0.4,29841.7,48,0.076,0,627,1
ID_2861,37,Bachelor,19.0,55483.25,0,12645.46,3057.28,1,0.319,10554.18,36,0.067,0,671,1
ID_2862,48,High School,3.5,23783.43,0,6616.45,3460.34,0,0.093,10740.67,24,0.237,0,657,1
ID_2863,48,Bachelor,2.1,67174.2,0,9830.79,2099.27,2,0.682,5983.61,36,0.031,0,574,0
ID_2864,18,High School,0.0,36246.12,0,9086.47,2456.47,0,0.122,1000.0,36,0.01,0,641,0
ID_2865,54,High School,0.0,29484.12,0,9468.55,4088.7,4,0.024,6029.38,12,0.215,0,615,0
ID_2866,19,Bachelor,1.0,35700.52,0,9742.94,3236.21,2,0.066,37534.09,60,0.221,0,600,0
ID_2867,51,Master,4.1,71058.03,0,12947.46,5202.25,2,0.135,18690.01,36,0.092,0,666,1
ID_2868,52,Bachelor,8.7,101659.13,1,15017.94,10056.58,0,0.398,38210.63,48,0.099,1,669,1
ID_2869,25,Bachelor,3.5,68972.63,0,14576.43,2867.94,1,0.356,1000.0,36,0.005,3,489,0
ID_2870,34,High School,12.4,74310.8,0,15470.64,2022.0,1,0.286,32913.2,36,0.155,0,649,0
ID_2871,25,High School,4.9,68632.58,0,10681.6,2390.15,4,0.073,38995.54,48,0.149,0,603,0
ID_2872,36,High School,9.2,56991.85,0,7050.99,2851.64,0,0.136,1000.0,24,0.009,1,642,1
ID_2873,35,High School,0.8,76762.02,1,8077.97,8311.84,0,0.047,15515.53,36,0.071,0,717,1
ID_2874,48,High School,9.7,16165.14,1,4453.91,1481.45,3,0.225,31190.64,48,0.506,4,418,0
ID_2875,54,High School,5.6,57270.69,1,9578.65,4323.51,0,0.085,48454.83,48,0.222,1,678,1
ID_2876,55,Bachelor,0.9,32129.74,0,9256.22,2514.31,0,0.39,1000.0,36,0.011,1,602,0
ID_2877,32,High School,1.1,96901.6,1,12047.14,7637.89,1,0.341,49970.22,48,0.135,1,610,0
ID_2878,36,Bachelor,13.1,50333.31,0,12986.22,4544.25,2,0.146,32895.71,36,0.229,1,602,1
ID_2879,18,Bachelor,0.0,55021.21,0,5045.53,4193.4,0,0.423,6950.55,24,0.066,0,591,1
ID_2880,29,Bachelor,3.1,25526.29,0,8237.71,1507.54,3,0.211,42869.6,24,0.882,2,402,0
ID_2881,50,Bachelor,1.9,90076.58,1,15813.32,8876.57,0,0.061,66450.3,36,0.258,1,679,1
ID_2882,58,High School,5.5,74136.56,1,8113.23,1530.53,2,0.291,18961.82,36,0.09,1,634,1
ID_2883,24,High School,6.0,71573.05,0,9791.19,1971.55,0,0.05,17475.72,24,0.128,0,669,0
ID_2884,31,Bachelor,2.2,36079.81,1,10041.07,2013.03,0,0.439,7863.57,36,0.076,0,642,0
ID_2885,38,Master,2.8,36797.31,0,0.0,2567.47,2,0.374,58089.47,36,0.553,0,510,0
ID_2886,42,High School,20.1,60584.82,1,0.0,4125.16,1,0.296,11868.69,36,0.069,1,641,0
ID_2887,29,High School,7.7,38282.6,0,8803.22,0.0,0,0.23,7560.45,12,0.207,0,626,0
ID_2888,44,Master,11.4,67335.74,0,14624.78,5787.57,0,0.236,13765.68,60,0.043,2,608,1
ID_2889,33,High School,2.9,18389.66,0,8558.6,0.0,1,0.102,13977.62,36,0.266,0,608,1
ID_2890,38,Bachelor,1.3,42456.18,1,11266.21,3578.49,0,0.159,14589.06,36,0.12,1,646,0
ID_2891,45,Bachelor,2.7,133036.22,1,21517.55,4506.88,0,0.565,10800.71,36,0.028,0,678,1
ID_2892,39,High School,6.3,67490.55,0,20540.54,6322.65,1,0.364,12112.32,48,0.047,1,604,1
ID_2893,33,Bachelor,0.6,58888.25,1,5862.33,0.0,0,0.205,27578.53,36,0.164,1,613,0
ID_2894,37,Bachelor,1.6,146182.81,1,9982.21,9110.48,1,0.281,49295.26,36,0.118,1,633,1
ID_2895,37,High School,0.2,16848.61,0,1634.0,1729.41,2,0.498,7144.68,60,0.089,4,362,0
ID_2896,34,Bachelor,2.8,36038.55,0,9212.36,4800.63,1,0.335,1549.46,60,0.009,0,624,0
ID_2897,35,Bachelor,8.8,44329.84,1,7262.86,3539.82,1,0.549,30873.75,24,0.366,0,599,0
ID_2898,58,Bachelor,0.1,83214.39,1,0.0,2697.43,1,0.292,34593.15,48,0.109,3,518,0
ID_2899,45,High School,5.6,83937.54,1,11791.67,4613.64,0,0.338,52737.03,48,0.165,1,644,0
ID_2900,35,Bachelor,13.5,35136.53,0,11462.61,4809.42,2,0.438,50358.77,12,1.505,3,310,0
ID_2901,47,Bachelor,1.4,89230.41,1,10949.27,4336.11,1,0.14,1000.0,60,0.002,0,715,0
ID_2902,34,Bachelor,5.9,44282.4,0,4851.2,2871.68,0,0.35,1000.0,24,0.012,1,592,0
ID_2903,53,Bachelor,18.5,99291.95,0,6370.51,8428.99,0,0.362,35178.17,60,0.074,0,702,1
ID_2904,43,High School,16.4,32327.67,1,3672.44,2696.5,1,0.413,34694.2,36,0.376,2,544,0
ID_2905,37,Bachelor,1.3,50936.97,0,10888.13,3459.82,1,0.107,51673.19,36,0.355,2,531,0
ID_2906,44,Bachelor,0.5,42400.54,1,10543.79,2521.5,0,0.623,32066.47,48,0.199,3,480,0
ID_2907,20,High School,0.8,91859.47,1,10383.55,9307.24,0,0.471,14868.99,36,0.057,0,644,1
ID_2908,25,Bachelor,6.1,41714.72,1,10425.05,3501.23,1,0.228,43709.76,48,0.275,3,507,0
ID_2909,24,High School,6.0,53038.63,1,6848.71,0.0,0,0.193,6198.33,60,0.025,0,680,1
ID_2910,40,Bachelor,5.6,69801.15,0,0.0,3409.3,1,0.221,61123.72,36,0.306,1,551,0
ID_2911,59,High School,2.0,71155.95,0,12087.94,2218.6,0,0.267,29902.88,36,0.147,1,624,1
ID_2912,65,Bachelor,0.9,84412.97,1,6354.42,7760.43,0,0.057,11728.06,60,0.029,1,710,1
ID_2913,46,Master,4.3,60208.11,0,14713.83,4121.62,0,0.441,9042.8,48,0.039,0,649,1
ID_2914,45,Bachelor,3.3,43952.97,0,12588.79,1796.89,1,0.266,28512.81,12,0.681,3,435,0
ID_2915,18,Master,0.0,45485.58,1,8628.19,1157.45,0,0.182,23563.64,36,0.181,0,646,1
ID_2916,32,PhD,2.9,54876.26,1,0.0,3302.97,1,0.182,22537.72,60,0.086,2,554,0
ID_2917,29,High School,2.1,61377.36,0,5496.83,3000.22,1,0.168,1415.97,36,0.008,0,640,0
ID_2918,31,Bachelor,1.7,50332.9,0,9192.33,0.0,1,0.349,22087.91,36,0.154,3,456,0
ID_2919,36,Bachelor,1.2,54699.05,0,13183.31,5784.34,3,0.072,39881.46,24,0.383,1,553,0
ID_2920,33,Master,1.5,25371.28,0,6574.38,1735.58,2,0.471,11412.87,60,0.094,1,516,0
ID_2921,18,High School,0.0,75635.24,0,6666.71,8405.56,1,0.074,29612.08,36,0.137,1,586,1
ID_2922,47,PhD,2.1,59311.36,0,6295.77,1393.15,1,0.35,45140.07,24,0.4,2,495,0
ID_2923,26,Bachelor,0.2,89405.3,0,13856.35,4677.55,0,0.106,36341.89,60,0.085,0,665,1
ID_2924,41,Bachelor,1.0,54180.71,0,16770.57,3100.97,2,0.192,3219.87,36,0.021,2,553,0
ID_2925,63,High School,6.9,22715.46,1,8236.06,2150.82,2,0.114,30784.19,24,0.711,3,493,0
ID_2926,27,High School,2.0,45287.07,0,8927.24,5160.26,1,0.097,51368.42,24,0.595,1,537,0
ID_2927,18,Bachelor,0.0,49022.52,1,10392.27,3864.72,0,0.434,33950.57,60,0.145,2,531,0
ID_2928,35,High School,6.3,78546.94,0,18452.22,4312.97,1,0.216,46243.95,36,0.206,1,601,0
ID_2929,52,Master,4.4,19242.24,0,4070.46,1549.16,0,0.266,42642.51,36,0.776,3,427,0
ID_2930,62,High School,15.9,55303.4,0,0.0,6015.07,0,0.392,4510.79,36,0.029,2,581,0
ID_2931,24,Bachelor,0.1,70041.11,1,9142.3,0.0,1,0.326,57044.09,48,0.214,0,614,1
ID_2932,44,Bachelor,6.7,38919.71,0,6125.57,3670.13,3,0.123,47567.94,36,0.428,2,502,0
ID_2933,33,Bachelor,15.0,56236.09,0,5686.1,1478.81,0,0.341,19905.11,36,0.124,1,603,0
ID_2934,37,Bachelor,9.9,39595.94,0,7027.23,2590.58,0,0.643,48325.21,48,0.32,2,482,0
ID_2935,70,High School,0.9,37617.08,0,9864.53,3360.75,0,0.195,22699.9,36,0.211,0,674,1
ID_2936,20,High School,2.0,44169.51,0,8195.08,4532.97,3,0.285,23392.21,48,0.139,2,478,0
ID_2937,42,High School,0.9,37973.89,0,0.0,2071.01,1,0.173,8910.76,60,0.049,0,615,1
ID_2938,44,Bachelor,4.6,76252.78,0,0.0,3358.86,1,0.444,6373.86,60,0.018,1,556,0
ID_2939,52,Bachelor,6.2,37516.05,0,7968.33,4199.87,1,0.332,27687.02,36,0.258,1,578,0
ID_2940,40,Bachelor,1.9,34494.15,1,5923.53,1302.68,1,0.198,20440.96,24,0.311,1,592,0
ID_2941,42,Bachelor,3.9,131132.6,1,23361.42,6977.34,0,0.279,1000.0,24,0.004,2,636,0
ID_2942,34,Bachelor,5.9,87585.44,1,3866.93,5830.66,0,0.493,31302.8,60,0.075,0,653,0
ID_2943,42,Bachelor,2.7,21359.32,0,4566.72,2124.5,1,0.083,34189.4,12,1.681,4,300,0
ID_2944,34,High School,9.6,36960.9,0,0.0,2067.92,1,0.14,30382.48,12,0.863,4,354,0
ID_2945,46,High School,7.4,61158.95,0,9890.55,4750.77,0,0.398,30224.94,36,0.173,1,598,0
ID_2946,34,PhD,0.3,63696.03,0,11802.32,3983.07,1,0.286,32340.53,60,0.107,0,623,0
ID_2947,43,Master,4.9,25713.04,1,6606.02,2733.48,0,0.021,27997.49,24,0.572,4,479,0
ID_2948,38,High School,1.3,96691.69,0,17498.86,0.0,1,0.485,31285.23,12,0.34,2,482,0
ID_2949,52,Bachelor,4.1,81847.43,1,15616.92,8125.87,0,0.032,34101.71,60,0.087,1,710,0
ID_2950,38,Master,15.7,68937.17,1,16626.88,5815.54,1,0.291,14462.89,36,0.073,0,712,1
ID_2951,18,Bachelor,0.0,106762.74,0,11958.77,10487.4,0,0.127,2210.94,36,0.007,1,621,0
ID_2952,54,High School,2.6,67924.02,1,11145.01,8331.58,0,0.196,30746.54,60,0.095,1,677,0
ID_2953,28,High School,1.7,67798.17,0,0.0,7003.83,1,0.338,27725.98,24,0.215,0,569,0
ID_2954,31,Bachelor,1.3,118047.18,0,0.0,12730.47,1,0.695,33154.54,36,0.098,3,408,0
ID_2955,31,PhD,3.8,93958.62,0,25193.96,8541.2,0,0.315,45488.42,60,0.102,1,613,0
ID_2956,55,Bachelor,0.6,35569.59,1,10470.33,2874.6,0,0.063,24378.54,48,0.18,0,713,1
ID_2957,18,High School,0.0,74354.36,0,8329.1,6646.46,2,0.184,22604.36,36,0.106,0,604,1
ID_2958,75,High School,0.0,38865.65,0,8269.95,4160.53,0,0.192,33429.91,48,0.226,2,586,0
ID_2959,51,Bachelor,2.0,69708.48,0,11090.15,5316.48,1,0.533,6631.13,12,0.1,2,523,0
ID_2960,41,Master,1.2,68755.14,0,0.0,5788.88,3,0.135,25753.33,24,0.197,1,540,0
ID_2961,38,Bachelor,17.7,27126.5,0,3722.76,2027.87,0,0.332,23159.2,48,0.224,2,548,0
ID_2962,42,Bachelor,6.5,50974.32,0,14938.11,6208.88,0,0.486,40777.2,24,0.42,1,553,0
ID_2963,45,High School,2.2,61859.97,0,0.0,4101.04,0,0.256,16746.41,24,0.142,0,623,1
ID_2964,46,Master,0.5,43558.27,0,7712.05,1012.0,0,0.311,26636.32,24,0.321,2,517,0
ID_2965,45,Bachelor,3.6,63408.61,0,18263.34,5210.83,1,0.509,22199.2,24,0.184,3,473,0
ID_2966,40,High School,1.2,81060.32,0,4460.51,3584.12,1,0.008,1000.0,36,0.004,0,678,1
ID_2967,36,Bachelor,3.8,53353.96,0,13652.36,1772.94,1,0.147,15495.72,24,0.152,0,645,1
ID_2968,37,High School,9.0,60615.13,1,6332.72,0.0,2,0.352,24847.85,60,0.086,1,597,0
ID_2969,36,High School,4.8,108197.34,0,27075.46,1052.27,1,0.486,8953.71,48,0.022,1,583,0
ID_2970,52,High School,5.0,68637.77,1,12399.64,2384.42,1,0.256,22799.15,36,0.116,0,694,1
ID_2971,46,High School,3.9,59898.82,0,14152.25,5094.76,0,0.264,49099.7,36,0.287,1,601,1
ID_2972,18,High School,0.0,33555.64,1,8608.09,3622.45,0,0.285,42338.56,60,0.265,2,532,0
ID_2973,46,Bachelor,13.4,75774.19,1,4458.41,4733.64,0,0.632,1000.0,60,0.003,1,628,1
ID_2974,41,Bachelor,3.6,63900.02,0,6214.73,4321.82,1,0.5,38672.63,12,0.635,3,402,0
ID_2975,38,Bachelor,1.8,102936.72,0,17791.39,9263.49,2,0.345,35111.5,48,0.09,0,626,0
ID_2976,34,High School,3.1,55461.22,1,10133.98,3872.19,2,0.023,23321.26,24,0.221,2,582,0
ID_2977,52,High School,1.0,21848.05,0,0.0,2788.56,0,0.505,1000.0,12,0.048,0,588,1
ID_2978,50,Bachelor,5.1,23154.39,1,1775.31,1094.49,0,0.082,39088.32,12,1.773,4,317,0
ID_2979,29,Bachelor,3.5,78263.79,0,14491.5,6865.1,0,0.215,17273.72,36,0.077,2,572,0
ID_2980,43,High School,0.5,40737.45,0,3081.94,2407.23,0,0.288,28795.16,36,0.247,3,474,0
ID_2981,27,Master,1.1,67398.89,0,18846.89,7504.11,0,0.235,7578.73,24,0.059,2,565,1
ID_2982,22,Bachelor,3.3,57360.79,1,15137.44,2086.1,0,0.166,11639.37,36,0.071,0,687,1
ID_2983,31,Master,10.9,49840.35,0,10450.1,2987.04,0,0.162,41852.05,36,0.294,1,606,0
ID_2984,49,Bachelor,4.2,51628.0,0,3158.29,2763.3,0,0.141,54208.28,48,0.276,0,648,1
ID_2985,50,High School,5.7,35147.38,0,0.0,3417.79,0,0.193,17313.76,36,0.172,1,590,0
ID_2986,45,Bachelor,2.1,53750.66,1,8065.58,4311.31,1,0.332,52231.43,36,0.34,2,544,1
ID_2987,47,High School,4.2,40447.22,0,14020.18,1514.38,1,0.331,17279.98,36,0.15,0,628,1
ID_2988,45,Bachelor,3.0,44975.44,1,5254.77,2042.77,3,0.109,17063.73,12,0.398,3,487,0
ID_2989,31,High School,5.4,46081.9,0,6784.91,2902.98,0,0.169,1000.0,60,0.005,0,664,1
ID_2990,44,Master,0.3,48370.89,1,6745.35,0.0,0,0.252,33951.8,24,0.369,1,593,1
ID_2991,48,High School,3.4,85912.68,0,17619.96,3869.49,0,0.036,21482.76,24,0.131,0,706,0
ID_2992,48,Master,1.8,50772.22,1,0.0,3988.07,0,0.859,22497.58,48,0.116,3,435,0
ID_2993,53,Master,2.0,90386.59,0,0.0,0.0,1,0.578,18167.04,12,0.211,3,420,0
ID_2994,47,Bachelor,16.2,116882.86,0,14947.69,2041.67,0,0.551,7148.9,24,0.032,2,580,1
ID_2995,43,Bachelor,1.0,83072.78,0,17023.83,3258.03,1,0.243,36261.77,36,0.153,1,598,0
ID_2996,51,Bachelor,1.9,70773.1,0,11559.5,6565.55,1,0.217,23895.74,36,0.118,1,615,1
ID_2997,38,Master,3.6,63794.11,1,12781.99,4738.01,1,0.027,39544.13,24,0.325,1,640,0
ID_2998,28,Bachelor,9.9,83506.47,1,0.0,2142.8,1,0.362,8005.26,12,0.101,3,496,0
ID_2999,37,Bachelor,2.7,56651.88,1,11553.59,4518.06,1,0.384,29303.21,36,0.181,3,508,0
ID_3000,30,Bachelor,6.8,88635.25,0,16678.37,0.0,1,0.441,63467.1,36,0.251,1,547,0
ID_3001,30,Master,9.7,73648.05,0,18667.71,3319.95,1,0.209,12197.79,24,0.087,0,662,1
ID_3002,37,Bachelor,1.9,45255.51,0,0.0,3043.06,1,0.308,16277.63,24,0.189,1,533,0
ID_3003,29,Bachelor,2.5,84789.37,1,11149.45,3574.68,0,0.324,16065.65,36,0.066,2,584,0
ID_3004,35,Bachelor,2.2,56711.94,0,4610.52,2117.01,0,0.534,6233.92,12,0.115,1,545,0
ID_3005,18,Master,0.0,51376.39,0,15142.07,2445.62,0,0.108,54837.68,24,0.56,2,498,0
ID_3006,41,Bachelor,0.2,42697.7,0,4871.42,4220.7,0,0.096,1000.0,36,0.008,0,671,1
ID_3007,39,High School,1.8,58865.44,0,16354.84,3408.81,2,0.151,2992.05,36,0.018,0,651,1
ID_3008,29,Bachelor,5.7,89163.88,1,4663.6,4635.92,0,0.171,33424.88,36,0.131,1,644,0
ID_3009,46,PhD,4.2,84496.89,1,19865.94,5003.61,0,0.399,11855.25,24,0.074,1,650,1
ID_3010,50,Bachelor,2.9,64646.99,1,13694.25,5001.12,0,0.489,24451.3,36,0.132,1,623,0
ID_3011,19,Master,1.0,73117.41,0,0.0,3062.01,2,0.706,24481.78,36,0.117,0,495,0
ID_3012,29,High School,1.1,102318.77,0,14094.66,0.0,0,0.092,33947.1,48,0.087,0,663,1
ID_3013,29,Bachelor,2.8,50262.62,1,16325.79,1908.19,0,0.236,26473.82,36,0.184,0,669,1
ID_3014,27,Bachelor,3.5,31016.98,1,6374.58,4219.12,1,0.109,18003.26,36,0.203,3,522,0
ID_3015,48,Master,11.6,103835.68,1,9587.05,4025.45,1,0.424,27329.71,36,0.092,1,643,1
ID_3016,36,High School,1.5,41569.04,0,4985.96,3645.34,1,0.092,21787.31,24,0.275,2,531,0
ID_3017,35,Master,10.1,38362.32,1,0.0,3796.52,1,0.417,55500.87,24,0.76,5,321,0
ID_3018,18,Bachelor,0.0,22068.38,0,5937.68,3673.63,1,0.277,14638.62,36,0.232,0,568,0
ID_3019,46,High School,0.1,72087.9,1,0.0,7031.07,0,0.216,34996.69,12,0.51,2,530,0
ID_3020,24,High School,6.0,24083.29,0,4314.39,1671.67,0,0.375,41444.52,24,0.903,5,300,0
ID_3021,39,High School,0.2,37230.02,0,8664.97,3916.73,3,0.339,1213.59,36,0.011,1,547,0
ID_3022,42,Bachelor,24.0,72701.58,0,13925.8,2422.76,0,0.261,4969.04,36,0.024,2,632,0
ID_3023,55,High School,10.3,77727.21,1,11416.99,2628.34,0,0.125,59753.53,24,0.404,5,487,0
ID_3024,23,High School,1.8,39110.57,0,10210.99,4680.64,1,0.238,12813.12,60,0.069,0,618,1
ID_3025,18,Master,0.0,50661.59,0,0.0,1115.36,1,0.317,25218.76,60,0.105,1,512,0
ID_3026,41,High School,2.4,35020.99,0,5594.82,2639.56,1,0.193,21871.25,36,0.219,2,529,0
ID_3027,60,High School,2.2,41183.86,1,1725.38,2596.7,0,0.386,24311.76,36,0.207,1,609,1
ID_3028,53,Bachelor,2.3,61889.61,1,2814.17,3126.99,0,0.451,18298.82,60,0.062,0,664,1
ID_3029,41,Bachelor,1.9,42157.87,0,0.0,5472.34,1,0.512,27179.09,48,0.169,2,467,0
ID_3030,33,Bachelor,4.9,47948.96,1,8123.61,2214.19,0,0.271,10369.69,36,0.076,1,633,0
ID_3031,48,Bachelor,0.9,26046.71,1,4764.02,2642.28,0,0.058,20971.7,36,0.282,2,591,0
ID_3032,27,Bachelor,9.0,95461.48,0,0.0,5208.75,1,0.233,1000.0,36,0.004,1,585,0
ID_3033,44,Bachelor,8.4,69914.85,0,7671.82,3683.94,2,0.068,22905.69,36,0.115,1,622,1
ID_3034,45,High School,3.2,80535.45,0,19117.08,5770.51,2,0.273,31027.46,36,0.135,1,593,0
ID_3035,51,High School,9.6,103281.41,0,15303.99,7706.87,2,0.611,42266.95,24,0.215,2,513,0
ID_3036,72,Bachelor,1.4,35860.57,0,6642.07,2770.59,0,0.193,45657.23,36,0.446,1,599,0
ID_3037,43,Bachelor,0.1,45288.24,0,9079.54,4711.16,2,0.451,18208.69,48,0.106,3,452,0
ID_3038,32,Bachelor,4.8,21006.41,0,9590.63,0.0,1,0.307,40130.87,60,0.401,3,432,0
ID_3039,38,Bachelor,3.1,250000.0,0,11667.67,5204.51,2,0.223,4279.74,36,0.006,1,617,0
ID_3040,18,Bachelor,0.0,50272.19,1,6666.44,5143.81,0,0.132,15687.67,36,0.109,1,622,0
ID_3041,30,High School,11.5,91068.2,1,4623.76,7700.08,0,0.178,54174.86,24,0.312,1,640,0
ID_3042,34,High School,16.0,29170.68,0,5164.47,4114.62,0,0.158,28283.55,24,0.509,2,539,1
ID_3043,32,Bachelor,5.0,89160.57,0,14770.77,7028.94,2,0.182,29192.09,24,0.172,2,545,0
ID_3044,40,Bachelor,7.2,137145.19,0,30229.53,8025.86,0,0.204,21789.11,60,0.033,0,709,1
ID_3045,29,Bachelor,0.4,52567.83,0,0.0,3484.78,2,0.295,58637.85,36,0.39,6,300,0
ID_3046,52,High School,0.9,32681.33,1,4141.02,0.0,0,0.125,34554.98,36,0.37,2,568,0
ID_3047,39,Bachelor,6.6,50544.12,1,13982.48,5474.89,0,0.211,51729.77,60,0.215,2,604,1
ID_3048,38,Master,2.8,17794.05,1,4122.75,2633.14,1,0.086,14348.73,24,0.423,2,542,0
ID_3049,35,High School,3.0,53159.74,0,0.0,6291.99,1,0.499,7499.71,36,0.049,3,438,0
ID_3050,40,Bachelor,1.8,81673.39,0,10295.36,5458.35,0,0.566,11226.43,48,0.036,0,619,0
ID_3051,48,PhD,4.7,53216.36,0,14937.7,2111.23,2,0.149,36323.08,24,0.358,2,533,0
ID_3052,28,High School,1.0,47001.29,0,9480.79,3182.83,2,0.207,54653.51,24,0.61,2,456,0
ID_3053,31,Bachelor,4.9,70529.34,0,17290.4,1794.16,0,0.546,38499.03,12,0.573,4,373,0
ID_3054,35,High School,1.0,73277.76,0,6999.1,7036.2,2,0.272,40790.78,60,0.117,1,565,1
ID_3055,22,Bachelor,0.3,23624.68,0,8581.02,2436.33,0,0.264,28111.92,36,0.416,1,526,0
ID_3056,29,High School,2.0,56636.64,0,11237.1,2857.22,1,0.106,2084.6,12,0.039,2,562,0
ID_3057,33,PhD,1.3,183137.51,1,35309.16,0.0,0,0.368,61418.99,36,0.117,0,678,1
ID_3058,49,Bachelor,11.0,27791.68,0,6985.85,0.0,0,0.456,36957.95,36,0.465,4,407,0
ID_3059,42,Bachelor,0.3,51911.24,0,2533.59,4969.24,0,0.147,34420.97,24,0.348,0,621,1
ID_3060,41,Bachelor,1.0,143039.07,0,13522.25,4520.95,0,0.526,40728.25,60,0.06,2,541,0
ID_3061,49,Bachelor,4.0,94097.58,0,13229.49,8497.74,0,0.496,1000.0,24,0.006,1,611,0
ID_3062,37,Bachelor,3.3,41910.92,0,0.0,5618.9,1,0.186,15979.78,48,0.1,3,478,0
ID_3063,43,Master,0.2,60058.1,0,14489.63,4657.08,1,0.195,36194.58,60,0.127,1,602,1
ID_3064,37,PhD,0.0,54119.19,1,0.0,3107.68,0,0.211,22391.85,36,0.145,0,646,1
ID_3065,42,Bachelor,22.1,37270.75,0,13392.42,3333.83,0,0.786,23622.52,60,0.133,0,618,1
ID_3066,32,Master,5.4,52201.89,0,3268.77,6552.89,0,0.304,48065.72,24,0.483,4,406,0
ID_3067,18,Bachelor,0.0,47099.47,1,7416.38,5225.61,0,0.482,27110.96,60,0.121,1,569,0
ID_3068,37,Bachelor,3.2,57318.26,0,5420.85,0.0,0,0.145,67805.47,12,1.242,0,513,0
ID_3069,56,Bachelor,1.5,37264.95,1,9541.52,978.86,0,0.242,24265.67,36,0.228,0,679,1
ID_3070,50,High School,2.1,28615.13,0,10403.79,2748.52,2,0.519,39488.87,60,0.29,0,561,1
ID_3071,50,High School,5.2,53069.6,0,8701.23,3057.99,0,0.265,33712.71,36,0.222,0,651,0
ID_3072,53,High School,10.7,127715.33,0,24121.61,10009.74,0,0.692,14662.96,36,0.04,1,612,0
ID_3073,40,Bachelor,1.0,56449.49,0,7207.38,1261.19,0,0.178,6441.22,24,0.06,1,611,1
ID_3074,41,Bachelor,9.2,45899.21,1,7118.63,1785.73,0,0.058,25667.58,60,0.117,1,677,1
ID_3075,31,Bachelor,0.6,78987.34,0,12302.81,3529.24,0,0.441,59569.04,24,0.396,2,490,0
ID_3076,35,PhD,1.2,50053.12,0,0.0,1844.37,1,0.123,17914.86,60,0.075,2,525,0
ID_3077,46,Bachelor,0.2,137863.1,1,31491.3,9296.64,1,0.241,34340.11,60,0.052,2,623,1
ID_3078,53,Bachelor,0.8,54070.48,1,0.0,2216.69,0,0.748,20371.31,24,0.198,2,488,0
ID_3079,37,High School,12.5,76899.03,0,8627.89,6813.41,1,0.554,28988.09,48,0.099,1,574,1
ID_3080,33,High School,3.1,37149.21,0,3986.76,3512.42,0,0.24,45556.22,12,1.288,3,354,0
ID_3081,39,Bachelor,0.4,69671.36,0,0.0,2983.39,0,0.214,27069.54,48,0.102,1,577,0
ID_3082,46,Bachelor,16.1,62164.96,1,10765.65,0.0,0,0.335,13923.88,36,0.078,0,711,1
ID_3083,21,Bachelor,3.0,52667.14,0,11687.29,0.0,2,0.25,53908.78,24,0.537,2,450,0
ID_3084,18,High School,0.0,42155.53,1,0.0,3344.96,1,0.745,14111.54,60,0.07,0,534,0
ID_3085,32,Bachelor,13.6,39378.88,0,11471.49,4730.91,2,0.33,37181.16,36,0.33,2,510,0
ID_3086,24,High School,1.2,62391.0,0,11466.7,3724.6,0,0.463,1000.0,24,0.008,1,567,0
ID_3087,32,High School,9.1,74196.3,1,9755.21,4146.13,1,0.457,48124.94,36,0.227,3,502,0
ID_3088,37,High School,5.9,50838.98,0,14559.56,1678.1,0,0.338,71883.79,36,0.495,0,597,1
ID_3089,33,High School,10.2,62544.52,0,8980.28,4523.55,2,0.188,24513.63,48,0.103,1,599,0
ID_3090,56,High School,8.0,53159.0,0,8451.61,4429.76,0,0.065,6530.71,36,0.043,0,718,1
ID_3091,42,High School,2.1,56912.09,0,6424.8,5462.1,0,0.227,38815.01,24,0.358,2,534,0
ID_3092,42,PhD,7.4,49009.9,1,5161.44,1537.59,0,0.178,26635.3,24,0.285,0,678,1
ID_3093,46,High School,1.5,54665.4,0,5629.49,829.61,0,0.135,63546.52,48,0.305,1,592,0
ID_3094,25,High School,2.0,208776.64,0,0.0,10900.74,1,0.123,14214.19,36,0.024,2,550,0
ID_3095,51,High School,0.6,63311.18,0,17060.83,1705.26,0,0.032,1000.0,36,0.006,0,710,1
ID_3096,38,Bachelor,13.7,74805.63,0,18896.15,6603.07,1,0.108,30468.04,36,0.143,0,694,1
ID_3097,47,High School,1.7,67441.23,1,15484.96,0.0,1,0.212,35499.82,36,0.184,0,672,1
ID_3098,26,Master,3.7,47505.06,1,7235.88,3091.69,1,0.144,11158.43,24,0.123,0,665,1
ID_3099,20,PhD,2.0,103465.61,0,17236.62,2433.4,3,0.325,42288.83,36,0.143,3,444,0
ID_3100,48,High School,16.1,46836.5,0,0.0,1433.02,0,0.567,26006.86,24,0.292,3,453,0
ID_3101,43,Bachelor,2.0,91814.66,1,0.0,8455.47,0,0.107,20125.19,36,0.077,0,694,1
ID_3102,28,High School,7.5,45839.27,0,8130.77,4897.93,0,0.297,34805.03,12,0.797,2,467,0
ID_3103,28,Bachelor,9.7,33523.89,0,7382.22,1399.47,0,0.403,19823.17,36,0.207,0,606,1
ID_3104,52,Bachelor,2.9,65036.12,1,5672.0,6608.36,2,0.088,11769.9,60,0.038,0,703,1
ID_3105,24,High School,2.4,31184.17,1,2245.72,4544.69,1,0.516,1000.0,36,0.011,0,602,0
ID_3106,58,High School,6.9,70814.57,1,8927.13,1796.97,1,0.306,13889.88,36,0.069,3,564,1
ID_3107,28,Bachelor,10.0,29819.59,0,3936.9,0.0,0,0.323,69902.76,36,0.82,3,396,0
ID_3108,46,Bachelor,7.0,46188.96,0,7548.47,3353.59,2,0.07,25646.6,24,0.292,1,594,0
ID_3109,35,High School,1.3,26479.74,0,3181.65,2643.52,0,0.207,6691.81,12,0.265,0,607,1
ID_3110,46,Bachelor,11.0,222366.79,1,17057.69,0.0,0,0.307,47802.79,60,0.045,0,730,1
ID_3111,32,Bachelor,2.5,23695.02,0,2402.55,1364.19,3,0.117,24154.21,60,0.214,1,529,0
ID_3112,37,Master,4.3,54442.85,1,3234.3,7184.62,0,0.088,30256.41,36,0.195,1,647,0
ID_3113,39,High School,8.9,95956.68,0,11804.03,3071.3,1,0.262,29937.89,24,0.164,0,651,1
ID_3114,26,Bachelor,1.0,90961.62,1,5278.92,8684.85,1,0.399,51735.53,60,0.119,4,451,0
ID_3115,47,Bachelor,7.7,82923.27,0,17574.01,2788.18,2,0.205,1083.87,24,0.007,1,628,0
ID_3116,32,High School,4.5,46230.07,0,7299.73,0.0,0,0.286,51268.66,60,0.233,1,566,0
ID_3117,36,Bachelor,11.2,106462.12,1,14132.87,5492.68,3,0.301,38413.34,36,0.126,1,619,1
ID_3118,27,Bachelor,0.9,85536.25,0,8125.55,8955.05,0,0.454,26391.56,12,0.324,1,539,0
ID_3119,18,Master,0.0,60243.49,0,5678.05,1653.06,0,0.407,9629.15,60,0.034,0,595,1
ID_3120,36,High School,8.9,61101.42,0,5782.96,0.0,0,0.136,20556.67,36,0.118,0,664,1
ID_3121,67,Bachelor,0.1,46538.66,1,14243.9,0.0,0,0.571,25762.45,36,0.194,0,646,1
ID_3122,48,Bachelor,0.6,34378.06,1,7714.06,4510.63,3,0.511,57558.22,36,0.586,2,452,0
ID_3123,38,PhD,20.0,100566.6,0,2889.07,4498.99,1,0.324,50830.74,60,0.106,1,618,1
ID_3124,35,High School,1.6,104412.43,0,17655.76,5609.68,1,0.269,18021.26,24,0.091,0,645,0
ID_3125,39,PhD,18.6,34819.94,1,3603.73,3111.34,0,0.378,61168.52,24,0.922,0,591,1
ID_3126,45,Master,1.0,50166.73,0,4950.89,2713.93,1,0.337,42117.0,48,0.22,0,602,0
ID_3127,24,High School,2.2,50427.32,0,10965.59,4715.56,0,0.436,33483.95,36,0.232,1,545,0
ID_3128,52,Master,7.0,53298.96,0,0.0,1839.73,0,0.088,19937.64,60,0.079,0,670,1
ID_3129,47,PhD,5.4,55946.29,1,10955.48,4514.64,1,0.326,14609.56,36,0.091,2,590,0
ID_3130,47,High School,4.4,86979.76,1,18437.08,0.0,1,0.139,34767.37,36,0.14,1,656,1
ID_3131,44,Bachelor,3.8,37286.68,1,0.0,0.0,0,0.192,31907.95,12,0.899,2,472,0
ID_3132,39,Bachelor,9.3,35483.62,0,10634.12,1917.56,1,0.16,17969.99,60,0.106,1,613,1
ID_3133,47,High School,1.3,100539.89,0,0.0,9897.75,1,0.486,45051.6,24,0.235,1,529,1
ID_3134,46,High School,2.9,42988.06,1,8951.05,2583.4,0,0.61,27941.68,24,0.341,1,562,0
ID_3135,34,High School,0.8,28810.13,0,4127.08,2318.07,2,0.149,32524.55,36,0.395,0,571,0
ID_3136,32,High School,4.5,42507.47,1,1610.57,938.42,2,0.181,44309.63,48,0.274,1,570,0
ID_3137,40,Bachelor,1.4,45934.59,0,0.0,5617.06,1,0.047,39878.75,24,0.456,1,546,0
ID_3138,57,High School,2.0,117886.95,1,34395.95,5215.94,0,0.531,1000.0,24,0.004,0,703,1
ID_3139,24,Master,3.2,86026.71,1,0.0,8093.58,1,0.079,38714.99,36,0.158,0,653,0
ID_3140,21,Bachelor,0.1,96159.19,1,27354.83,6271.05,0,0.207,25503.76,60,0.056,1,648,1
ID_3141,40,High School,0.5,81632.83,0,6535.78,3955.77,1,0.133,16951.84,48,0.055,0,656,1
ID_3142,39,Bachelor,5.8,86952.9,1,10906.9,5209.97,0,0.294,25938.12,24,0.157,2,600,0
ID_3143,41,Bachelor,2.8,38405.61,1,6692.87,2395.47,0,0.442,19489.25,24,0.266,0,629,1
ID_3144,41,PhD,10.0,49055.07,1,0.0,5115.74,3,0.232,27281.68,60,0.117,2,542,0
ID_3145,36,High School,5.9,33025.73,0,0.0,1824.72,0,0.22,24626.23,36,0.261,1,555,0
ID_3146,56,High School,0.0,48764.41,0,0.0,1602.18,1,0.439,37377.84,24,0.402,2,459,0
ID_3147,19,Master,1.0,76271.34,0,20270.66,5438.43,1,0.131,1000.0,24,0.007,0,652,0
ID_3148,29,Master,0.5,57947.44,0,0.0,4991.9,0,0.059,28308.26,12,0.513,3,449,0
ID_3149,37,Bachelor,7.6,104374.47,1,17253.8,8502.29,0,0.291,24484.64,24,0.123,1,662,1
ID_3150,19,Bachelor,1.0,30616.43,0,9147.47,4695.57,1,0.232,65528.36,48,0.562,1,504,0
ID_3151,36,High School,3.8,69572.12,1,5772.02,4308.32,1,0.317,1000.0,36,0.005,1,625,1
ID_3152,58,Bachelor,5.7,29023.14,0,5708.95,2363.33,0,0.17,41596.86,60,0.301,1,609,1
ID_3153,39,High School,1.4,56788.45,0,6373.38,3010.64,0,0.451,32800.68,36,0.202,0,600,0
ID_3154,41,High School,2.9,78446.07,0,8227.16,8219.03,1,0.146,38793.87,24,0.26,2,553,0
ID_3155,23,Master,5.0,48666.62,1,11017.64,5510.31,4,0.203,16948.4,24,0.183,0,612,1
ID_3156,31,High School,0.9,71365.03,1,18074.82,8789.83,2,0.203,30748.49,36,0.151,2,569,0
ID_3157,34,Bachelor,1.5,33527.92,0,9872.42,0.0,1,0.113,27617.62,60,0.173,1,578,1
ID_3158,35,Master,2.9,23580.02,0,7259.35,2506.29,2,0.342,88648.87,60,0.789,1,460,0
ID_3159,54,High School,6.2,71575.98,1,17355.88,3657.93,0,0.47,19433.24,24,0.143,0,685,1
ID_3160,45,PhD,2.4,129573.7,1,13956.84,6466.74,0,0.122,10868.71,48,0.022,1,695,0
ID_3161,25,PhD,7.0,32924.67,0,11842.01,297.66,0,0.557,61019.03,48,0.486,1,496,0
ID_3162,41,Bachelor,0.5,99817.33,0,12000.0,3428.26,3,0.192,31190.09,24,0.164,1,569,0
ID_3163,44,High School,2.3,55365.49,0,6940.38,2719.52,2,0.323,34251.88,24,0.325,0,583,0
ID_3164,52,High School,6.2,27782.3,1,3423.92,0.0,0,0.623,45284.99,12,1.711,8,300,0
ID_3165,57,Bachelor,1.3,30768.52,0,4410.44,989.89,1,0.212,26381.89,12,0.9,0,543,0
ID_3166,26,High School,5.3,54605.64,1,0.0,2089.58,0,0.702,17455.92,36,0.112,2,484,0
ID_3167,29,High School,0.9,44257.0,0,6560.72,4404.06,1,0.456,27384.07,36,0.217,0,569,0
ID_3168,23,PhD,0.3,28100.52,1,3843.82,1593.16,0,0.33,9864.85,12,0.369,0,595,0
ID_3169,36,High School,0.6,23224.9,1,7097.5,3062.99,2,0.752,1000.0,60,0.009,1,523,0
ID_3170,44,Bachelor,13.3,35477.02,1,0.0,2465.19,0,0.687,9825.96,36,0.097,4,435,0
ID_3171,50,High School,4.0,59689.09,0,0.0,6765.37,1,0.177,1000.0,48,0.004,2,559,0
ID_3172,38,Bachelor,8.0,54003.26,0,0.0,1843.6,0,0.289,18441.68,36,0.12,1,576,0
ID_3173,35,Master,2.0,42166.49,0,12396.13,2285.88,0,0.465,16001.73,36,0.133,0,606,0
ID_3174,40,High School,4.5,59930.67,0,5221.95,5840.99,1,0.488,35865.75,36,0.209,2,500,0
ID_3175,28,High School,3.4,91127.36,0,15851.61,8883.38,1,0.247,27323.86,60,0.063,2,557,0
ID_3176,64,Bachelor,14.6,65977.12,0,9956.75,2734.36,0,0.161,22494.68,24,0.179,0,716,1
ID_3177,19,Bachelor,1.0,50988.0,0,8383.85,1398.58,1,0.188,46196.32,60,0.19,3,465,1
ID_3178,41,Bachelor,6.6,86166.44,0,10194.62,8339.05,1,0.088,17491.53,12,0.213,1,625,0
ID_3179,63,High School,0.2,33525.94,1,10107.52,548.61,0,0.041,5023.56,24,0.079,0,730,1
ID_3180,39,High School,4.0,48413.8,0,0.0,2881.1,1,0.314,1000.0,48,0.005,0,608,1
ID_3181,36,PhD,3.1,48994.14,1,10992.85,4943.74,1,0.269,25444.92,36,0.182,0,658,1
ID_3182,34,Master,13.1,29188.3,0,0.0,2474.73,0,0.16,24045.43,48,0.216,1,585,0
ID_3183,36,Bachelor,1.5,43917.27,1,4520.1,2644.04,1,0.547,47843.46,36,0.381,3,438,0
ID_3184,55,Master,1.6,19197.21,0,6894.21,2530.19,2,0.489,9383.32,36,0.171,3,440,0
ID_3185,18,Bachelor,0.0,140939.93,0,19351.78,9694.08,2,0.358,38500.72,12,0.287,0,577,0
ID_3186,57,Bachelor,1.4,33904.16,1,11353.24,616.95,0,0.151,1000.0,60,0.006,0,720,1
ID_3187,21,High School,0.7,119737.49,0,0.0,8861.42,1,0.139,1615.12,36,0.005,0,622,1
ID_3188,35,Bachelor,9.7,55217.89,0,17495.26,3902.7,1,0.13,31903.82,24,0.303,0,650,0
ID_3189,33,Bachelor,4.1,71856.91,1,18647.84,5308.82,0,0.272,37408.07,24,0.273,2,582,0
ID_3190,46,High School,9.9,42429.54,0,0.0,5867.58,1,0.384,1000.0,36,0.008,0,622,1
ID_3191,19,Bachelor,1.0,60112.0,1,4389.34,2342.76,0,0.067,10697.12,12,0.187,0,665,1
ID_3192,44,Bachelor,1.7,75000.11,0,9457.41,6859.87,0,0.715,25811.34,60,0.072,1,551,0
ID_3193,63,Bachelor,4.0,75529.32,0,22114.08,4104.78,1,0.174,23287.57,48,0.081,0,697,1
ID_3194,22,Bachelor,0.4,79808.61,0,22077.64,3652.93,0,0.299,34855.88,36,0.153,0,626,0
ID_3195,41,Master,12.3,45063.76,1,0.0,4504.9,0,0.241,41441.26,60,0.193,2,581,0
ID_3196,31,High School,2.6,42608.97,1,7883.53,4369.48,0,0.191,1991.35,60,0.01,0,691,1
ID_3197,44,Bachelor,2.5,24414.0,1,8728.7,4085.87,0,0.117,32991.52,60,0.284,0,679,1
ID_3198,39,Bachelor,1.8,70376.14,1,12621.69,7163.83,1,0.098,12046.87,36,0.06,0,707,1
ID_3199,31,Bachelor,3.1,93077.65,0,24177.0,6171.85,2,0.187,31039.94,36,0.117,1,596,0
ID_3200,44,High School,1.5,121539.04,0,28776.99,6071.24,0,0.427,16598.0,36,0.048,0,661,1
ID_3201,60,High School,2.3,63106.96,1,17666.27,3844.04,1,0.361,44381.16,36,0.246,0,671,1
ID_3202,36,Master,8.0,36929.28,0,2512.42,0.0,0,0.355,35562.0,36,0.337,0,587,0
ID_3203,47,Bachelor,9.0,23189.43,1,0.0,1614.14,0,0.177,7200.62,12,0.326,3,516,0
ID_3204,23,Master,1.8,91202.11,0,4894.2,5729.38,3,0.131,1000.0,12,0.012,1,570,0
ID_3205,27,Bachelor,3.2,22067.51,1,8842.35,2282.69,1,0.089,46409.46,48,0.552,2,524,0
ID_3206,44,Bachelor,10.4,45692.89,0,8759.67,4764.2,0,0.193,12292.67,60,0.056,1,643,1
ID_3207,56,Master,0.3,48428.64,1,1661.23,5330.14,1,0.369,14167.61,24,0.154,1,599,1
ID_3208,43,Bachelor,11.0,52327.24,0,6099.71,3162.11,0,0.413,38356.04,36,0.257,1,582,0
ID_3209,35,Bachelor,1.2,55154.92,1,7568.5,2727.54,2,0.344,6581.3,36,0.042,1,591,1
ID_3210,38,Bachelor,5.7,58050.8,1,15543.12,4579.03,0,0.212,28584.37,36,0.172,1,652,1
ID_3211,23,Master,4.4,16192.74,0,6738.03,1490.81,2,0.192,25332.13,24,0.821,3,371,0
ID_3212,46,Bachelor,4.0,54574.82,0,12028.03,1426.86,0,0.226,23531.07,48,0.113,0,663,1
ID_3213,49,Bachelor,9.8,17769.03,0,855.59,1068.22,1,0.306,46515.82,36,0.916,6,300,0
ID_3214,33,High School,0.5,78128.41,0,19322.09,3710.84,2,0.193,33389.19,36,0.15,2,534,1
ID_3215,33,Master,2.1,41045.54,0,3807.34,4840.88,0,0.427,42623.54,36,0.363,2,482,0
ID_3216,42,High School,3.9,18425.33,0,6871.14,0.0,0,0.275,20503.63,36,0.389,3,458,1
ID_3217,33,Bachelor,8.3,36058.49,1,0.0,1203.94,1,0.347,11966.53,36,0.116,1,576,0
ID_3218,38,Bachelor,1.2,40739.86,0,3529.13,644.05,0,0.326,43699.97,36,0.375,4,400,0
ID_3219,64,Bachelor,8.1,98257.79,1,0.0,3472.36,1,0.457,14728.47,60,0.031,1,624,1
ID_3220,36,Bachelor,2.6,59773.57,0,13540.27,2979.91,1,0.215,27225.25,12,0.478,1,551,0
ID_3221,34,High School,1.0,64358.38,0,15361.19,2971.23,0,0.216,32623.6,60,0.106,1,607,0
ID_3222,31,Bachelor,7.1,97793.25,0,6926.91,3540.2,1,0.233,11146.81,24,0.06,1,604,0
ID_3223,47,Bachelor,0.5,51633.6,1,7707.26,4376.11,0,0.278,11203.34,24,0.114,1,637,0
ID_3224,36,Master,3.6,78991.38,1,20663.93,3187.59,2,0.346,20111.26,60,0.053,3,524,0
ID_3225,31,High School,0.3,76262.04,0,6412.91,5156.01,0,0.164,38392.68,60,0.106,0,649,1
ID_3226,54,Master,2.2,28474.53,1,6077.63,2203.9,1,0.187,31229.46,36,0.384,0,648,0
ID_3227,56,Bachelor,4.6,113152.5,1,17415.47,9906.46,0,0.325,1000.0,36,0.003,2,644,0
ID_3228,31,Master,4.1,26631.48,1,0.0,4534.08,1,0.374,60150.02,24,1.186,4,300,0
ID_3229,18,Bachelor,0.0,85706.45,0,8181.75,4621.92,0,0.393,31840.45,24,0.195,1,547,0
ID_3230,51,Bachelor,2.8,25373.57,1,8628.28,349.56,0,0.119,17374.1,12,0.719,0,628,0
ID_3231,30,Master,1.3,73175.68,0,10270.01,2383.52,0,0.379,22253.98,12,0.319,1,549,0
ID_3232,48,Master,3.0,137442.02,1,0.0,3082.13,1,0.448,20641.43,36,0.053,3,505,0
ID_3233,18,Bachelor,0.0,48703.72,1,6267.05,2938.8,0,0.574,18301.34,36,0.132,3,459,0
ID_3234,49,High School,9.5,47658.78,0,10537.82,5127.39,0,0.092,45983.49,48,0.253,0,687,1
ID_3235,24,Bachelor,0.8,73513.18,0,6847.49,5191.42,4,0.314,67775.82,12,0.968,0,456,0
ID_3236,47,Bachelor,0.2,45949.66,0,0.0,2623.21,0,0.314,15769.6,36,0.12,0,608,1
ID_3237,39,High School,13.6,134475.78,0,9706.43,10901.71,1,0.23,16763.34,60,0.026,1,649,0
ID_3238,27,High School,3.7,59640.86,1,0.0,1256.89,0,0.374,23377.05,60,0.082,2,533,0
ID_3239,34,Master,3.9,46162.14,0,13529.65,2435.56,0,0.177,1000.0,36,0.008,1,625,0
ID_3240,47,High School,7.6,41351.22,0,0.0,0.0,0,0.198,34503.0,24,0.438,0,596,0
ID_3241,40,Bachelor,1.9,33979.94,0,0.0,1981.34,1,0.196,28362.79,24,0.438,2,473,0
ID_3242,46,High School,3.3,39581.71,0,7630.74,3635.8,0,0.115,27691.9,36,0.245,1,612,0
ID_3243,62,High School,17.3,45463.42,0,0.0,5603.16,2,0.256,1000.0,36,0.008,0,665,0
ID_3244,20,High School,2.0,42454.17,0,4245.88,4502.78,3,0.232,1000.0,60,0.005,0,584,1
ID_3245,58,High School,0.8,38984.23,0,6615.58,1071.28,0,0.314,18382.87,60,0.099,0,646,1
ID_3246,40,Bachelor,0.7,154727.47,0,13538.26,9906.87,0,0.418,36907.74,36,0.083,0,648,0
ID_3247,28,Master,1.1,32368.87,0,4931.92,2526.58,0,0.094,1000.0,36,0.011,0,652,1
ID_3248,23,High School,5.0,58297.61,1,15294.64,6582.27,1,0.369,41115.64,12,0.741,1,527,0
ID_3249,36,Bachelor,1.8,72857.48,0,5069.43,8158.63,0,0.46,19539.84,12,0.282,0,593,1
ID_3250,50,Bachelor,0.1,74239.68,1,4652.96,1750.14,3,0.443,10079.67,36,0.048,2,527,0
ID_3251,37,Master,14.4,52611.84,1,5187.5,5660.92,1,0.435,26498.69,12,0.529,2,524,0
ID_3252,57,Bachelor,0.9,48033.25,1,13630.16,2367.66,3,0.423,1642.69,24,0.018,0,643,0
ID_3253,21,Bachelor,0.0,67898.81,0,15183.2,2852.47,0,0.159,1000.0,60,0.003,0,655,0
ID_3254,38,Bachelor,1.4,61899.09,0,3556.36,3885.67,0,0.326,46713.54,48,0.198,2,524,0
ID_3255,23,Master,1.3,47596.79,0,9894.58,2576.93,0,0.495,24123.25,36,0.177,0,579,0
ID_3256,43,High School,2.7,24811.45,0,6304.31,3858.64,1,0.481,12014.66,60,0.102,1,547,0
ID_3257,49,Bachelor,12.7,42874.74,1,10042.18,3252.69,1,0.635,14597.58,24,0.179,2,548,0
ID_3258,33,Master,10.6,30537.93,1,0.0,0.0,2,0.162,11050.34,36,0.127,1,586,0
ID_3259,18,Bachelor,0.0,38809.5,0,0.0,4251.15,1,0.233,18649.37,24,0.252,4,374,0
ID_3260,41,Bachelor,2.6,55083.84,0,3894.1,6148.38,0,0.12,22976.55,60,0.088,0,667,1
ID_3261,44,Bachelor,4.0,64819.91,0,13345.07,3292.97,0,0.197,37376.13,60,0.121,0,671,1
ID_3262,43,High School,1.4,131956.34,1,25445.27,10765.19,1,0.149,12476.68,36,0.033,1,681,1
ID_3263,53,Bachelor,0.3,41410.79,1,12807.54,2522.05,1,0.079,5966.91,36,0.05,0,712,1
ID_3264,26,Bachelor,8.0,79802.72,1,13305.25,7624.98,1,0.234,15351.08,60,0.04,3,556,0
ID_3265,47,Bachelor,1.0,63131.81,1,13124.86,1980.97,0,0.103,69351.69,24,0.577,2,569,0
ID_3266,53,Bachelor,1.1,103569.57,1,10875.06,7464.9,2,0.158,27821.84,36,0.094,0,697,0
ID_3267,18,Master,0.0,72266.38,0,11226.27,7632.62,1,0.108,32194.2,48,0.117,0,633,1
ID_3268,42,High School,3.4,32720.57,0,8346.17,3394.72,0,0.312,20414.5,48,0.164,0,631,0
ID_3269,32,Bachelor,0.1,22890.49,0,10084.09,3565.96,0,0.529,56199.49,36,0.859,2,403,0
ID_3270,38,Bachelor,0.8,63299.38,1,13718.16,1923.21,1,0.389,40474.63,60,0.134,0,643,1
ID_3271,43,Bachelor,2.4,41596.63,1,4987.29,1783.0,1,0.156,6267.65,24,0.079,0,678,1
ID_3272,33,High School,5.8,33184.66,0,10676.71,3164.13,0,0.358,27837.15,36,0.294,0,607,0
ID_3273,30,Bachelor,1.3,28744.77,0,1561.65,1635.93,1,0.26,18035.02,60,0.132,2,496,0
ID_3274,39,Master,2.7,58717.19,0,2752.73,3619.51,0,0.484,32401.04,24,0.29,2,491,0
ID_3275,25,Bachelor,4.1,115134.22,0,0.0,3717.4,1,0.577,42937.71,60,0.078,2,466,0
ID_3276,25,Master,7.0,44163.94,0,6886.16,4265.8,0,0.513,2984.87,36,0.024,0,609,0
ID_3277,47,PhD,2.0,72775.54,1,0.0,7354.56,0,0.088,31461.83,36,0.151,4,509,0
ID_3278,25,High School,0.7,51475.79,1,9184.49,2122.99,1,0.042,10469.7,36,0.071,0,680,1
ID_3279,46,High School,3.4,28433.09,0,3791.91,1660.69,0,0.164,50495.36,60,0.373,0,619,0
ID_3280,44,PhD,6.9,78229.78,0,15893.43,3425.67,0,0.238,42396.24,60,0.114,0,678,1
ID_3281,18,PhD,0.0,31340.11,0,7871.86,1988.75,1,0.329,1000.0,24,0.017,3,455,0
ID_3282,30,High School,2.8,54765.37,0,11665.09,5964.02,3,0.23,4718.89,60,0.018,0,613,1
ID_3283,53,High School,0.1,45671.96,0,3050.56,1179.18,1,0.399,1000.0,12,0.023,1,569,1
ID_3284,27,High School,0.2,84671.87,0,18052.79,6785.5,0,0.026,23891.91,12,0.296,1,612,1
ID_3285,33,PhD,3.3,31917.97,1,7482.48,841.77,0,0.695,30425.88,36,0.334,1,525,0
ID_3286,44,High School,1.8,65869.77,1,8344.46,7051.21,0,0.117,39246.09,36,0.209,0,701,1
ID_3287,48,Bachelor,9.3,35600.01,0,9877.24,4515.39,0,0.031,20577.26,36,0.202,3,560,0
ID_3288,35,Master,4.6,41958.96,0,1710.46,4543.34,0,0.252,19916.69,24,0.249,1,568,0
ID_3289,31,High School,3.0,15000.0,0,0.0,1986.91,0,0.101,30117.25,36,0.703,2,454,0
ID_3290,56,Bachelor,2.6,154206.71,0,26947.46,9243.05,1,0.269,81706.33,12,0.556,0,631,0
ID_3291,59,High School,3.4,71344.71,0,21626.93,3217.28,1,0.242,1000.0,36,0.005,0,687,1
ID_3292,50,Master,0.2,36913.27,0,3646.57,3080.65,1,0.044,1000.0,36,0.009,0,668,1
ID_3293,40,High School,11.2,30874.08,1,8490.8,904.97,3,0.156,15349.51,24,0.261,0,644,1
ID_3294,29,Bachelor,11.0,42284.49,0,4346.03,4459.35,0,0.131,12063.53,36,0.1,0,667,1
ID_3295,29,Bachelor,1.0,77531.51,0,2320.78,5809.44,4,0.304,11718.44,36,0.053,0,564,0
ID_3296,45,High School,0.6,21035.31,0,3840.45,2143.82,1,0.379,24778.03,60,0.247,1,532,0
ID_3297,44,High School,0.8,50473.71,0,10239.87,5571.56,0,0.313,3935.06,36,0.027,0,654,0
ID_3298,55,Bachelor,5.4,131310.62,0,7451.55,8298.54,3,0.258,14285.37,24,0.057,0,649,0
ID_3299,46,High School,5.4,30730.99,0,6286.19,996.58,1,0.142,19698.79,24,0.337,2,532,0
ID_3300,20,Master,2.0,56398.2,1,9388.83,5146.23,0,0.351,20119.63,36,0.125,2,555,0
ID_3301,51,Master,7.0,163024.36,1,0.0,16624.49,0,0.381,22458.46,36,0.048,0,691,0
ID_3302,27,Bachelor,3.0,74315.57,1,13381.4,5729.15,0,0.45,22306.9,36,0.105,0,652,0
ID_3303,34,Bachelor,4.7,57697.08,1,5283.14,4335.56,3,0.159,10465.9,36,0.063,0,653,0
ID_3304,42,Bachelor,5.8,69795.04,0,13845.03,7388.53,0,0.428,20409.89,36,0.102,0,647,1
ID_3305,62,Master,3.6,44336.67,1,7115.07,3812.76,3,0.319,24909.28,24,0.295,1,586,0
ID_3306,75,Bachelor,3.2,103757.91,0,25808.65,11893.31,0,0.194,42285.52,36,0.143,1,681,1
ID_3307,46,High School,5.2,44370.72,0,9048.32,1669.08,0,0.267,1000.0,48,0.006,2,578,0
ID_3308,36,High School,4.1,20341.31,0,0.0,2521.73,0,0.676,25440.59,36,0.438,2,412,0
ID_3309,45,Bachelor,5.2,44549.15,0,8932.0,1639.87,0,0.431,27965.9,36,0.22,0,616,1
ID_3310,49,Bachelor,4.7,33410.74,1,0.0,3269.97,0,0.248,28318.63,36,0.297,2,552,0
ID_3311,35,Bachelor,6.4,47070.56,0,1666.95,2217.74,1,0.191,29163.54,24,0.325,0,600,1
ID_3312,60,High School,5.1,47593.81,1,10678.99,2794.49,0,0.509,1364.06,60,0.006,1,643,0
ID_3313,41,Bachelor,3.7,98588.67,0,21358.57,3421.59,2,0.508,27893.91,36,0.099,1,560,0
ID_3314,44,High School,5.7,76699.19,1,0.0,3173.6,2,0.223,26904.4,36,0.123,0,644,1
ID_3315,46,High School,3.0,61798.4,0,12573.93,1957.7,0,0.422,34861.53,24,0.296,1,568,1
ID_3316,44,Bachelor,1.4,54096.64,1,13859.98,5192.81,1,0.465,22005.3,36,0.142,1,598,1
ID_3317,49,High School,0.0,31906.69,1,6071.76,1493.86,2,0.338,15286.36,24,0.252,2,524,0
ID_3318,31,Bachelor,4.1,18204.29,0,4355.59,1235.79,1,0.148,43021.92,48,0.62,2,467,0
ID_3319,32,Bachelor,4.5,57330.04,0,0.0,0.0,0,0.327,3075.65,24,0.028,1,559,0
ID_3320,25,Bachelor,7.0,80605.37,1,4433.33,1378.86,0,0.343,1000.0,36,0.004,0,670,0
ID_3321,44,Bachelor,2.2,51319.86,0,11064.43,6401.39,1,0.535,2669.68,36,0.018,1,567,0
ID_3322,48,High School,2.5,41463.67,1,5435.23,3854.98,0,0.382,31232.73,36,0.264,2,557,0
ID_3323,44,High School,1.1,68340.04,0,6280.24,7760.97,0,0.187,11989.34,24,0.092,2,576,1
ID_3324,59,Master,0.4,51965.43,0,5185.97,4267.5,0,0.311,22998.77,36,0.155,1,602,1
ID_3325,38,Bachelor,7.4,125853.28,0,23441.45,3118.19,0,0.209,49938.95,24,0.208,0,676,1
ID_3326,47,Bachelor,1.4,100344.46,0,26541.89,3505.89,0,0.376,3807.67,60,0.008,1,625,1
ID_3327,25,High School,4.7,87531.5,1,6527.23,7211.68,0,0.352,1000.0,60,0.002,0,676,1
ID_3328,34,Bachelor,5.8,79131.56,1,5870.91,6786.46,0,0.488,39935.84,24,0.265,2,545,0
ID_3329,47,Bachelor,3.2,28421.93,0,5227.74,4467.15,0,0.467,9980.63,36,0.123,1,568,1
ID_3330,49,Bachelor,10.5,75470.48,1,19580.48,2532.5,0,0.55,3909.37,36,0.018,0,694,1
ID_3331,35,Bachelor,2.9,65392.51,0,11055.37,2685.1,1,0.552,23062.61,24,0.185,0,579,0
ID_3332,38,High School,1.7,73365.74,1,6796.27,2239.1,2,0.294,21559.92,36,0.103,1,598,0
ID_3333,20,High School,2.0,69307.25,0,10354.86,5606.87,0,0.206,9378.82,36,0.047,1,601,0
ID_3334,34,Master,9.9,67940.07,0,6452.44,2442.55,0,0.264,35116.7,36,0.181,1,603,1
ID_3335,49,Master,0.9,209071.85,1,0.0,0.0,0,0.426,10975.71,12,0.055,1,605,1
ID_3336,45,High School,0.1,52151.44,0,6060.63,6852.25,2,0.102,10155.78,12,0.204,2,539,0
ID_3337,45,Bachelor,0.5,86523.27,0,20820.99,8211.89,1,0.738,1000.0,60,0.002,1,551,0
ID_3338,39,High School,1.7,42809.06,0,10899.59,1458.94,0,0.545,1000.0,60,0.005,0,610,1
ID_3339,39,High School,17.9,80444.34,0,18989.94,2265.14,1,0.264,29253.42,12,0.382,1,604,1
ID_3340,31,High School,4.1,86652.4,0,13863.71,7138.98,0,0.218,1225.07,36,0.005,1,630,0
ID_3341,47,High School,2.3,65004.58,0,9139.82,0.0,0,0.423,22251.27,12,0.359,1,549,0
ID_3342,44,Bachelor,11.0,124819.44,0,8249.02,9868.82,0,0.087,59695.78,48,0.126,0,714,0
ID_3343,44,Bachelor,3.0,34817.03,0,11396.22,2415.75,0,0.508,33375.7,12,1.007,4,325,0
ID_3344,32,High School,1.9,42463.05,0,0.0,5066.89,1,0.138,25506.95,36,0.21,1,552,0
ID_3345,18,High School,0.0,60245.91,0,18197.37,6647.8,1,0.153,32636.58,36,0.19,1,575,0
ID_3346,52,Master,9.5,84153.97,0,7923.51,9272.05,1,0.175,63834.84,12,0.796,1,560,0
ID_3347,33,High School,9.3,59261.48,0,14352.74,3992.42,1,0.343,1000.0,36,0.006,1,604,0
ID_3348,28,Bachelor,3.6,103040.72,0,18221.8,4477.55,0,0.307,22553.09,60,0.046,3,520,0
ID_3349,47,High School,7.8,38915.78,0,6613.6,2421.85,1,0.198,51542.39,12,1.391,5,300,0
ID_3350,34,Bachelor,1.0,30629.25,1,7603.57,4373.76,0,0.259,30545.16,36,0.349,0,636,1
ID_3351,51,High School,4.3,63200.29,0,0.0,1700.94,0,0.228,46682.27,24,0.388,1,561,0
ID_3352,46,High School,20.6,52125.52,1,16056.91,2148.67,1,0.48,13738.88,24,0.138,4,508,0
ID_3353,47,High School,1.7,71070.8,0,15604.35,1952.62,3,0.141,2491.14,36,0.012,1,601,1
ID_3354,22,High School,4.0,53439.15,0,0.0,5922.2,0,0.379,59403.14,60,0.233,1,525,0
ID_3355,53,Bachelor,3.4,45706.24,0,10733.23,4222.85,0,0.424,26352.73,24,0.303,2,529,0
ID_3356,42,Bachelor,0.2,52184.0,0,9562.48,6255.1,0,0.254,39867.91,60,0.16,3,508,0
ID_3357,34,High School,7.2,54963.49,1,8979.32,4017.04,2,0.372,40991.71,12,0.783,2,471,0
ID_3358,40,High School,0.9,46514.03,0,3173.38,4965.64,2,0.233,48031.37,60,0.217,2,504,0
ID_3359,18,Bachelor,0.0,48944.09,0,3777.91,2436.22,2,0.083,30300.0,12,0.65,2,444,0
ID_3360,43,Bachelor,0.4,44276.23,1,2647.97,3959.85,0,0.364,31082.66,24,0.369,2,530,0
ID_3361,26,PhD,8.0,83144.27,0,20206.57,4734.32,2,0.411,33953.4,60,0.086,0,612,1
ID_3362,22,Bachelor,1.7,59695.42,0,6364.32,4419.96,0,0.376,13451.39,24,0.118,0,605,1
ID_3363,20,Bachelor,1.3,167439.31,1,7631.24,3500.32,0,0.271,43907.84,12,0.275,0,648,1
ID_3364,52,Bachelor,0.7,58709.23,0,9870.0,1537.68,1,0.622,14713.53,60,0.053,1,549,1
ID_3365,31,Master,13.0,41133.22,0,9430.23,2843.77,2,0.048,44915.66,60,0.229,0,647,0
ID_3366,57,Master,6.2,205939.49,1,10917.04,6354.53,1,0.32,39309.58,48,0.05,0,720,1
ID_3367,32,High School,6.8,66623.54,0,2636.06,3597.69,1,0.201,1000.0,60,0.003,2,555,0
ID_3368,18,High School,0.0,88881.77,0,0.0,2002.89,2,0.324,39520.46,24,0.233,4,355,0
ID_3369,25,High School,3.2,72842.25,0,14918.7,2336.41,1,0.158,29205.3,36,0.14,1,591,0
ID_3370,53,Bachelor,0.6,73976.7,0,5791.39,7370.05,1,0.219,49009.72,48,0.174,2,555,0
ID_3371,37,Bachelor,4.1,70815.06,1,10986.66,7373.61,0,0.366,56188.9,60,0.167,1,626,1
ID_3372,32,Bachelor,1.4,31224.48,0,2060.28,3610.22,0,0.533,26994.26,60,0.182,1,519,0
ID_3373,40,High School,18.9,65105.51,1,6781.81,5655.82,0,0.276,31426.36,12,0.507,3,541,0
ID_3374,45,Bachelor,8.0,27933.15,1,4066.07,3952.25,2,0.324,1901.16,36,0.024,0,657,1
ID_3375,52,Master,2.7,49653.22,0,0.0,4512.56,3,0.375,21968.28,36,0.155,3,430,0
ID_3376,56,High School,0.8,37691.55,1,2199.3,2978.43,0,0.224,54805.02,60,0.305,2,570,0
ID_3377,34,Bachelor,7.7,64778.89,1,9475.99,3697.86,1,0.201,25006.88,24,0.203,0,675,1
ID_3378,23,Bachelor,0.7,64027.19,0,0.0,1383.77,0,0.026,41694.75,12,0.684,2,467,1
ID_3379,34,Master,1.0,68911.13,0,16318.18,3245.41,0,0.349,24608.31,24,0.187,1,579,0
ID_3380,42,Master,1.2,62545.42,0,3125.04,5935.22,1,0.583,22897.54,36,0.128,0,575,0
ID_3381,27,Bachelor,4.1,39998.1,0,10052.93,3560.74,0,0.337,35342.57,12,0.928,2,434,0
ID_3382,27,Bachelor,7.7,47548.15,0,13796.76,3107.7,0,0.166,1000.0,12,0.022,0,673,1
ID_3383,43,Master,1.9,85836.37,0,0.0,1368.14,1,0.085,31690.27,36,0.129,2,541,0
ID_3384,38,Bachelor,0.4,92404.26,0,10683.64,4481.29,0,0.31,1000.0,36,0.004,0,656,1
ID_3385,39,High School,3.1,30534.38,1,9476.35,0.0,1,0.342,23512.74,48,0.202,0,629,0
ID_3386,29,Bachelor,6.9,25198.41,1,1827.72,2448.59,0,0.33,9963.85,36,0.138,2,550,1
ID_3387,36,High School,1.3,37667.59,0,5782.22,2910.61,2,0.047,4206.42,36,0.039,0,640,0
ID_3388,27,Bachelor,1.2,91363.72,0,5748.94,3320.38,1,0.044,51604.22,12,0.593,1,545,0
ID_3389,49,Master,14.7,99453.16,0,26367.16,7657.97,1,0.028,45152.84,24,0.238,0,719,1
ID_3390,51,Bachelor,15.4,34120.17,0,7456.43,4471.26,0,0.092,18589.42,36,0.191,0,702,1
ID_3391,18,Bachelor,0.0,63174.42,1,15387.73,5824.82,0,0.353,67806.78,36,0.376,2,526,0
ID_3392,27,High School,8.2,135566.24,1,13658.68,1467.46,4,0.251,42887.98,24,0.166,0,630,0
ID_3393,21,Bachelor,1.0,66679.69,0,20005.6,0.0,0,0.157,22153.85,24,0.174,0,632,1
ID_3394,31,High School,1.2,110277.11,0,26576.66,4344.95,0,0.347,1000.0,12,0.01,0,657,0
ID_3395,37,High School,2.1,89264.87,1,0.0,6093.63,2,0.28,23223.63,60,0.055,2,542,0
ID_3396,21,Bachelor,1.9,34368.67,0,8110.54,4008.02,0,0.278,13632.75,60,0.083,1,573,0
ID_3397,27,High School,9.0,49266.98,1,10766.59,2708.49,1,0.039,16675.32,36,0.118,0,700,1
ID_3398,26,Bachelor,7.8,55126.03,0,17492.8,5323.43,0,0.218,32443.22,48,0.154,0,656,0
ID_3399,41,Bachelor,6.4,57071.87,0,5298.58,3669.2,0,0.664,13691.75,12,0.252,0,576,0
ID_3400,39,PhD,1.0,85661.99,0,0.0,9274.06,0,0.339,48777.03,60,0.12,1,566,1
ID_3401,30,Bachelor,12.0,66459.13,1,14022.53,1693.43,0,0.539,15458.88,60,0.049,0,665,1
ID_3402,41,High School,8.8,15000.0,1,2248.0,1063.79,0,0.668,6600.33,24,0.231,1,545,0
ID_3403,32,High School,0.9,28101.55,1,9856.28,2433.82,1,0.35,36692.3,48,0.343,1,559,0
ID_3404,35,Bachelor,10.2,18147.89,0,4234.54,2494.95,3,0.501,24498.63,36,0.472,0,514,0
ID_3405,59,Bachelor,1.6,59141.17,1,9724.09,4348.09,1,0.185,40395.57,36,0.239,1,642,1
ID_3406,55,Bachelor,0.4,61098.58,1,3825.31,5975.35,0,0.135,28082.89,36,0.161,0,703,0
ID_3407,23,Bachelor,5.0,62418.22,0,8698.34,0.0,1,0.518,1000.0,12,0.017,0,583,0
ID_3408,48,High School,5.3,33541.4,0,0.0,2044.84,1,0.175,30471.82,60,0.191,1,569,0
ID_3409,48,Bachelor,0.5,75892.41,0,19618.63,7968.64,0,0.204,8656.89,12,0.12,0,678,1
ID_3410,25,Bachelor,1.9,77507.6,0,7574.8,5060.68,0,0.271,27633.01,36,0.125,0,630,0
ID_3411,48,High School,24.7,28923.96,0,7040.91,1164.69,1,0.128,14235.86,60,0.103,3,569,0
ID_3412,57,High School,5.7,26029.37,0,9484.22,2354.23,1,0.309,21301.43,36,0.286,0,623,1
ID_3413,25,High School,6.5,54172.8,0,10776.25,3652.79,3,0.307,25776.65,60,0.1,2,502,0
ID_3414,27,High School,1.2,132705.96,1,11361.21,6423.73,2,0.217,38209.69,24,0.151,0,654,1
ID_3415,51,Bachelor,0.4,126737.26,0,10726.8,4846.43,0,0.262,15075.46,60,0.025,1,636,1
ID_3416,42,High School,1.6,71804.48,0,11575.99,3087.2,1,0.135,1000.0,36,0.005,0,671,1
ID_3417,45,High School,1.4,37609.11,0,4596.98,1765.06,1,0.233,7781.04,36,0.072,0,630,1
ID_3418,43,High School,1.3,84408.33,0,15319.48,8445.59,0,0.312,27406.48,60,0.068,0,663,0
ID_3419,43,PhD,1.1,43208.3,0,14593.62,2100.77,1,0.599,46272.93,60,0.225,1,524,1
ID_3420,23,Master,4.3,36910.32,1,4275.98,0.0,2,0.405,30394.65,36,0.288,1,526,0
ID_3421,51,High School,2.0,18546.13,0,5860.71,3200.76,2,0.216,42922.69,60,0.486,2,484,0
ID_3422,53,High School,8.6,57021.92,0,18005.27,6148.93,1,0.085,27837.58,24,0.256,2,595,0
ID_3423,36,High School,1.0,39539.93,0,9723.0,4277.44,0,0.246,28924.79,12,0.768,3,426,0
ID_3424,38,Bachelor,3.1,56852.48,1,14391.72,3724.44,0,0.476,20643.05,36,0.127,2,564,1
ID_3425,20,High School,0.1,17159.74,0,6659.51,2361.24,0,0.355,43889.48,48,0.671,4,338,0
ID_3426,45,Bachelor,3.3,58977.62,1,0.0,5267.2,4,0.453,54629.0,24,0.486,1,485,0
ID_3427,45,Bachelor,0.3,16065.66,0,0.0,1597.2,1,0.386,7637.1,12,0.499,2,431,0
ID_3428,38,Master,19.0,93336.84,1,23083.05,8131.32,1,0.162,29045.0,60,0.065,1,705,1
ID_3429,52,High School,7.8,70329.43,1,0.0,2209.71,1,0.127,3545.27,60,0.011,1,654,1
ID_3430,34,Master,3.4,47130.12,0,6115.0,4503.26,1,0.126,55086.37,36,0.409,0,607,0
ID_3431,45,Bachelor,0.5,71779.91,0,9262.73,5177.65,1,0.36,28077.11,60,0.082,0,628,0
ID_3432,26,High School,4.5,33221.84,0,5947.62,3496.94,1,0.213,24641.58,60,0.156,0,612,1
ID_3433,38,Bachelor,7.1,56172.79,0,7853.54,2665.25,0,0.475,4504.75,24,0.042,2,541,0
ID_3434,36,High School,1.1,80610.73,0,15955.86,8335.81,2,0.326,20942.52,24,0.136,2,524,0
ID_3435,41,High School,4.2,15000.0,0,3382.98,2828.97,0,0.279,23639.13,60,0.331,1,553,0
ID_3436,34,High School,8.4,43320.78,0,9561.46,3878.28,2,0.313,5667.05,36,0.046,0,624,0
ID_3437,37,Bachelor,7.3,53566.43,0,4928.08,3660.86,2,0.113,27717.1,60,0.109,1,597,0
ID_3438,48,Bachelor,8.1,49111.73,0,10978.76,5820.48,1,0.105,9543.56,48,0.051,2,601,0
ID_3439,33,Master,10.6,112257.53,0,0.0,7066.59,0,0.643,32824.16,36,0.102,0,587,0
ID_3440,19,High School,1.0,30885.73,0,5107.88,1744.06,0,0.179,7250.23,60,0.049,0,622,1
ID_3441,59,PhD,2.6,39712.46,1,10030.27,3281.6,0,0.278,27827.74,48,0.184,2,602,0
ID_3442,55,High School,4.2,20786.63,0,5079.53,2069.9,2,0.713,21513.6,12,1.087,2,345,0
ID_3443,23,Bachelor,5.0,115282.78,0,3531.44,5304.76,2,0.353,30424.89,48,0.069,0,597,1
ID_3444,47,High School,6.0,47899.24,0,8582.99,4634.61,0,0.176,27981.88,36,0.204,0,666,1
ID_3445,32,High School,14.0,43512.15,0,10032.47,1453.68,0,0.379,26705.79,24,0.322,1,573,0
ID_3446,42,Master,0.1,52773.19,0,12178.2,4945.65,2,0.398,11686.64,36,0.078,1,558,0
ID_3447,42,High School,2.2,74467.49,0,10466.29,5263.87,0,0.195,34972.39,36,0.164,0,661,1
ID_3448,36,Bachelor,1.6,64452.36,0,4932.32,5446.97,3,0.543,30172.47,36,0.164,3,410,0
ID_3449,29,Bachelor,1.5,203606.02,1,33970.88,6039.87,1,0.23,36468.73,36,0.063,0,700,1
ID_3450,30,Bachelor,1.3,67979.94,1,15814.98,0.0,3,0.1,24543.96,36,0.126,1,600,0
ID_3451,28,Bachelor,6.2,42932.19,0,8298.07,5071.9,0,0.253,21768.84,36,0.177,0,634,1
ID_3452,29,Bachelor,0.4,40917.85,0,9181.27,2125.81,0,0.076,6731.09,36,0.058,0,658,1
ID_3453,38,High School,6.8,44516.74,1,0.0,1936.16,0,0.466,13106.64,48,0.077,3,494,0
ID_3454,30,Bachelor,5.9,25567.61,0,7655.22,0.0,2,0.513,16481.39,60,0.135,0,553,0
ID_3455,47,Master,1.4,55267.05,0,15371.17,5628.37,0,0.075,42305.72,36,0.268,1,627,0
ID_3456,56,High School,1.5,80156.32,0,0.0,5791.71,1,0.354,2598.76,12,0.034,0,623,0
ID_3457,32,High School,5.0,39867.56,0,13178.28,984.9,1,0.268,1000.0,36,0.009,0,636,0
ID_3458,41,Bachelor,7.2,36181.74,0,8673.43,3488.0,3,0.146,23728.29,12,0.689,3,423,0
ID_3459,44,Bachelor,10.5,115609.4,0,27396.7,10447.48,0,0.578,11205.59,36,0.034,0,664,1
ID_3460,44,Bachelor,9.6,26549.29,1,7164.89,721.01,0,0.094,18115.52,60,0.143,1,664,0
ID_3461,39,High School,16.7,19265.88,0,4607.28,2176.44,0,0.102,17086.62,60,0.186,2,585,1
ID_3462,47,Bachelor,4.4,30441.1,1,0.0,2874.54,1,0.16,13643.7,36,0.157,0,653,1
ID_3463,44,High School,12.0,25078.94,0,0.0,3900.39,0,0.188,11265.36,48,0.118,1,603,1
ID_3464,24,Bachelor,6.0,65717.01,0,16464.41,2323.8,0,0.195,8228.85,48,0.033,0,664,1
ID_3465,49,Bachelor,11.3,45235.97,0,6135.27,3142.72,2,0.529,18349.31,36,0.142,0,599,1
ID_3466,49,High School,0.1,48540.63,0,10323.45,5896.22,0,0.487,1000.0,60,0.004,1,589,1
ID_3467,29,Bachelor,11.0,96419.82,0,20692.27,3139.36,1,0.284,35901.86,36,0.13,1,607,0
ID_3468,39,PhD,3.2,38343.2,1,7393.52,2275.24,0,0.266,9081.35,36,0.083,0,677,1
ID_3469,47,Bachelor,8.0,79821.22,1,8976.0,4670.97,1,0.142,33157.38,12,0.436,2,585,1
ID_3470,36,Master,0.7,115342.52,0,17863.75,8953.34,0,0.06,13131.51,24,0.06,0,698,1
ID_3471,51,Bachelor,2.5,43138.4,1,7191.32,3215.59,2,0.636,43672.81,60,0.213,1,547,0
ID_3472,67,Bachelor,1.6,78316.33,1,6496.17,7664.67,0,0.142,25724.65,36,0.115,1,691,1
ID_3473,29,High School,1.7,48006.47,0,3701.22,1687.15,1,0.349,5621.08,48,0.031,1,554,0
ID_3474,22,High School,0.7,85995.4,0,5442.02,7450.19,0,0.248,69964.87,60,0.171,1,576,0
ID_3475,42,High School,8.2,24692.51,0,5649.66,1643.08,1,0.137,17480.18,60,0.149,0,645,0
ID_3476,47,Bachelor,0.0,23795.31,0,4824.13,2464.03,2,0.191,14982.12,12,0.661,0,546,0
ID_3477,36,Master,1.9,44549.94,0,0.0,0.0,0,0.135,16210.13,48,0.096,0,620,0
ID_3478,56,High School,1.0,34736.2,0,7554.32,3771.89,0,0.438,32163.05,36,0.324,1,559,0
ID_3479,22,Bachelor,4.0,41841.56,0,12951.13,4121.09,0,0.458,1000.0,36,0.008,0,615,0
ID_3480,47,Bachelor,1.5,48544.53,0,5283.84,3876.75,2,0.661,27445.89,24,0.297,3,399,0
ID_3481,31,Bachelor,1.5,77653.1,0,11826.17,7741.28,0,0.32,1000.0,48,0.003,3,516,0
ID_3482,59,Bachelor,3.4,44186.28,0,0.0,1376.69,3,0.155,23673.14,36,0.188,2,508,0
ID_3483,62,Bachelor,5.3,35884.81,0,12326.28,2753.48,0,0.697,45278.99,24,0.662,5,322,0
ID_3484,29,High School,0.6,45444.33,0,0.0,2365.56,1,0.144,15016.98,48,0.087,2,511,0
ID_3485,32,High School,1.0,36880.1,0,11169.97,3080.13,1,0.216,40978.37,24,0.583,1,522,0
ID_3486,49,PhD,1.4,33961.99,0,0.0,2479.84,0,0.363,1000.0,36,0.01,2,525,0
ID_3487,34,High School,16.0,24185.09,0,7229.98,2869.14,1,0.138,13810.2,36,0.2,2,564,0
ID_3488,38,High School,2.5,56091.47,1,0.0,4073.38,1,0.406,2959.74,60,0.011,1,582,0
ID_3489,39,Master,4.6,40767.77,1,0.0,2155.33,1,0.2,59347.56,60,0.306,1,577,0
ID_3490,18,High School,0.0,87828.33,0,14358.34,5158.18,1,0.064,17660.02,60,0.042,0,652,0
ID_3491,38,Bachelor,3.4,26273.13,0,3759.89,1145.3,2,0.232,13292.12,36,0.177,3,456,0
ID_3492,30,High School,0.4,41314.06,0,3113.19,5467.49,1,0.606,20360.23,24,0.259,1,488,0
ID_3493,33,Bachelor,0.2,134115.09,0,26638.33,2525.32,0,0.063,25120.45,36,0.066,0,693,1
ID_3494,56,High School,3.2,33866.96,0,3379.94,2624.61,0,0.173,18321.44,60,0.114,0,664,1
ID_3495,23,High School,2.5,48133.49,1,1031.63,3078.71,0,0.148,3559.27,36,0.026,1,622,0
ID_3496,48,Bachelor,0.7,29498.01,0,4945.47,3036.32,0,0.45,49288.12,12,1.754,5,300,0
ID_3497,35,Bachelor,5.8,27605.94,0,9704.85,2283.0,1,0.377,44586.91,24,0.848,2,430,0
ID_3498,35,Bachelor,17.0,117436.79,0,0.0,4075.73,1,0.15,30997.25,36,0.092,2,573,1
ID_3499,48,Master,2.5,59013.4,1,0.0,5230.67,1,0.29,30037.61,36,0.178,1,593,1
ID_3500,43,High School,4.9,57921.24,0,17210.43,7178.42,1,0.213,28876.91,24,0.262,1,599,0
ID_3501,45,Bachelor,16.5,23198.48,1,7154.35,3133.68,0,0.196,16780.56,36,0.253,1,658,1
ID_3502,50,Bachelor,8.9,64820.08,1,16246.02,4187.79,0,0.282,14826.19,60,0.048,0,726,1
ID_3503,35,Master,3.1,96636.42,1,22499.69,4866.27,1,0.211,53692.37,12,0.583,8,300,0
ID_3504,31,High School,6.7,96253.3,0,11815.13,2601.18,0,0.513,36251.89,60,0.079,1,578,0
ID_3505,25,Bachelor,0.7,75672.24,1,6052.65,0.0,2,0.167,1063.54,36,0.005,2,557,0
ID_3506,29,Master,3.6,30799.61,1,7818.46,2079.58,0,0.187,16870.06,36,0.192,1,618,1
ID_3507,74,High School,1.6,63358.33,0,12473.18,6731.9,1,0.401,33777.63,60,0.112,1,615,1
ID_3508,53,Master,0.9,75643.93,0,2628.29,8279.35,4,0.481,31622.65,36,0.146,0,558,0
ID_3509,22,High School,2.8,22087.74,0,4147.18,2284.31,1,0.302,34502.61,12,1.64,3,300,0
ID_3510,23,Bachelor,0.7,30926.24,0,5294.87,1683.24,0,0.392,1000.0,60,0.007,3,464,1
ID_3511,44,Master,6.0,84463.83,1,18490.34,7381.54,0,0.029,30762.74,24,0.191,1,695,1
ID_3512,45,Bachelor,3.0,83953.88,0,0.0,6379.23,0,0.314,45078.31,60,0.113,3,491,0
ID_3513,45,Bachelor,3.8,24976.95,0,6859.67,3225.48,1,0.414,1000.0,12,0.042,2,525,0
ID_3514,35,High School,0.8,80620.7,0,10388.31,4881.38,0,0.461,56312.9,24,0.367,3,450,0
ID_3515,37,Master,0.8,56820.46,1,7626.22,2232.74,0,0.357,30941.56,60,0.114,0,657,0
ID_3516,42,Bachelor,4.4,80057.83,0,19866.37,1060.19,1,0.328,26975.08,60,0.071,3,509,0
ID_3517,40,High School,21.0,39448.03,0,6471.43,3089.42,0,0.418,7871.47,24,0.105,2,573,0
ID_3518,18,Bachelor,0.0,74801.39,0,12226.21,2571.99,1,0.203,13536.88,48,0.048,0,623,1
ID_3519,36,Bachelor,1.7,82612.34,1,16756.33,5232.01,0,0.087,18204.22,12,0.231,4,523,1
ID_3520,28,High School,10.0,45448.38,0,6790.03,2889.99,0,0.212,1000.0,24,0.012,0,665,1
ID_3521,41,High School,0.4,54659.39,0,6427.1,6653.09,1,0.075,19333.04,24,0.186,1,602,1
ID_3522,74,High School,10.4,39172.85,1,0.0,4317.96,0,0.107,8941.72,12,0.24,3,583,0
ID_3523,43,Bachelor,3.7,123725.35,0,13166.22,12275.73,2,0.099,37293.24,36,0.105,0,672,1
ID_3524,35,Bachelor,2.6,51014.44,1,8496.14,5876.23,0,0.2,1000.0,36,0.007,0,700,1
ID_3525,50,Bachelor,1.9,34166.05,1,10596.53,4874.3,0,0.157,20553.34,36,0.211,0,695,0
ID_3526,44,Master,1.8,37876.53,0,7910.28,4639.34,0,0.096,7581.58,36,0.07,2,586,0
ID_3527,44,Master,1.8,57721.52,1,0.0,5874.83,0,0.065,25048.31,36,0.152,1,639,0
ID_3528,46,Bachelor,10.8,78957.55,0,9363.42,7011.57,1,0.242,67369.03,24,0.448,2,542,0
ID_3529,63,High School,6.4,27780.42,1,0.0,3238.78,0,0.317,55134.89,12,2.084,8,300,0
ID_3530,25,Bachelor,5.5,136465.89,0,33721.13,2863.96,0,0.472,16090.46,48,0.031,0,643,1
ID_3531,44,Bachelor,8.0,63217.58,0,7176.45,6341.05,0,0.5,21661.77,36,0.12,1,587,1
ID_3532,27,Bachelor,1.5,68406.83,0,17152.13,6869.81,0,0.465,9919.02,24,0.076,2,528,0
ID_3533,45,Bachelor,4.8,51606.62,1,7624.61,4372.58,0,0.044,22284.46,36,0.151,1,676,1
ID_3534,27,Bachelor,3.1,54700.57,0,16125.86,2814.1,1,0.135,38250.63,36,0.245,0,628,0
ID_3535,33,Master,7.6,50304.93,1,8169.8,3630.55,2,0.157,1353.72,24,0.014,0,682,0
ID_3536,35,High School,1.8,90120.05,0,0.0,7882.98,0,0.315,53200.71,48,0.155,1,563,0
ID_3537,50,Bachelor,5.2,53962.02,0,0.0,5361.0,0,0.128,41459.71,60,0.161,0,653,0
ID_3538,50,High School,10.7,79501.02,1,15276.24,4736.88,1,0.767,40676.03,60,0.107,0,638,0
ID_3539,24,Master,2.6,43611.5,0,7939.66,2638.41,0,0.061,31884.49,36,0.256,0,636,1
ID_3540,39,High School,0.3,59743.77,1,0.0,7414.32,0,0.26,8735.17,12,0.154,2,556,1
ID_3541,30,High School,3.6,36244.39,1,11786.48,3822.23,1,0.149,43217.81,36,0.417,0,637,0
ID_3542,23,High School,2.1,99534.95,1,10310.32,5045.88,1,0.311,19244.85,12,0.203,2,549,0
ID_3543,36,Bachelor,5.6,35707.87,0,4004.82,3788.34,0,0.24,1000.0,60,0.006,3,518,0
ID_3544,35,High School,15.1,46051.25,0,10166.53,0.0,0,0.516,26432.43,24,0.301,0,602,0
ID_3545,68,Bachelor,3.3,46282.53,1,6173.91,2952.92,1,0.152,4137.57,60,0.019,0,724,1
ID_3546,44,Bachelor,3.1,45388.97,0,12530.32,4320.03,1,0.064,14108.51,60,0.065,0,677,1
ID_3547,22,High School,4.0,77749.54,1,7946.12,8642.54,1,0.249,37720.81,48,0.127,0,658,0
ID_3548,32,High School,0.5,46243.27,1,8579.9,3584.33,1,0.156,22846.71,12,0.519,4,437,0
ID_3549,51,Master,1.5,108766.89,0,9013.01,0.0,0,0.158,24325.94,36,0.078,0,677,0
ID_3550,64,Bachelor,12.6,35981.58,0,8671.05,2036.75,0,0.576,46031.19,36,0.448,1,561,1
ID_3551,19,Bachelor,1.0,58964.38,1,17813.55,7155.85,0,0.064,1000.0,60,0.004,0,709,1
ID_3552,18,Bachelor,0.0,36757.85,0,0.0,4682.16,2,0.258,45248.0,36,0.431,1,469,0
ID_3553,61,High School,1.1,66868.71,0,11649.55,4237.35,1,0.329,27654.78,36,0.145,1,602,0
ID_3554,43,High School,5.7,53746.03,1,15604.86,3685.09,1,0.428,23755.34,36,0.155,0,656,1
ID_3555,28,High School,7.2,50134.72,0,6479.38,2572.04,2,0.122,24321.03,12,0.509,2,492,0
ID_3556,45,Master,9.2,98148.56,0,0.0,9857.43,1,0.301,36516.17,36,0.13,2,541,0
ID_3557,18,PhD,0.0,39059.02,0,8844.27,1739.34,1,0.121,43467.19,36,0.39,2,490,0
ID_3558,39,Bachelor,13.4,72639.02,0,7693.38,5788.78,1,0.313,20744.64,36,0.1,1,612,1
ID_3559,42,High School,4.0,36883.52,0,4839.66,3187.94,0,0.301,22584.92,24,0.321,1,565,1
ID_3560,50,High School,6.0,57316.43,1,9546.59,1830.05,3,0.319,35961.03,36,0.22,1,590,1
ID_3561,26,High School,4.5,29798.47,0,6975.83,1069.96,1,0.707,1000.0,36,0.012,3,416,0
ID_3562,40,Bachelor,0.7,38899.68,1,7309.88,2424.42,0,0.626,23223.43,36,0.209,1,558,0
ID_3563,27,High School,9.0,51996.33,0,9935.77,0.0,0,0.289,33965.48,24,0.343,1,562,1
ID_3564,42,Master,0.7,134231.95,0,36846.76,12577.39,2,0.247,16120.36,36,0.042,0,663,0
ID_3565,28,Bachelor,1.5,56976.94,0,6161.98,3859.14,0,0.26,10625.02,36,0.065,1,588,1
ID_3566,34,Master,8.4,123912.9,0,11549.72,3625.91,0,0.325,22257.96,12,0.189,1,606,1
ID_3567,27,Bachelor,4.8,60485.66,0,10550.99,3258.54,0,0.328,14471.18,36,0.084,1,589,0
ID_3568,46,Bachelor,9.1,44643.23,1,9190.59,1224.7,2,0.288,20578.27,24,0.242,0,650,1
ID_3569,49,Bachelor,3.6,116970.64,0,4798.61,3178.38,0,0.132,16501.95,60,0.03,1,648,1
ID_3570,36,Bachelor,2.4,67407.31,0,12016.88,4854.95,2,0.219,53109.45,24,0.414,1,546,0
ID_3571,39,Bachelor,12.7,39286.62,0,4673.66,3988.78,2,0.215,4488.5,48,0.03,1,603,1
ID_3572,21,Bachelor,0.2,68547.74,1,11212.81,7720.1,2,0.6,40026.05,36,0.204,0,572,0
ID_3573,35,Bachelor,9.7,46803.0,1,7019.54,4032.32,1,0.426,14429.88,36,0.108,2,561,0
ID_3574,38,PhD,1.3,20039.95,1,1756.41,1784.76,1,0.105,30864.68,60,0.323,1,584,0
ID_3575,70,Bachelor,9.4,86507.52,1,10636.89,0.0,0,0.033,36646.48,60,0.089,1,726,1
ID_3576,25,Bachelor,0.7,93663.8,0,21923.94,7358.36,0,0.326,52547.2,24,0.295,0,616,0
ID_3577,56,Master,4.3,135804.42,1,25617.66,9077.86,1,0.184,32072.56,60,0.05,0,741,1
ID_3578,50,High School,11.0,66907.87,1,0.0,4345.43,0,0.058,17864.34,24,0.14,0,717,1
ID_3579,42,High School,3.2,47841.0,0,11095.32,1041.0,1,0.28,26183.93,36,0.192,2,530,0
ID_3580,60,Bachelor,6.9,82248.03,0,5892.35,4236.41,0,0.103,59532.58,36,0.253,0,691,1
ID_3581,43,Bachelor,8.2,82860.2,0,7882.2,9453.86,0,0.167,27942.15,60,0.071,1,649,1
ID_3582,43,Master,6.7,122901.76,0,28224.36,8310.19,2,0.592,1459.16,36,0.004,2,535,0
ID_3583,38,Bachelor,13.0,52980.87,1,9685.98,1507.87,1,0.613,18100.76,60,0.072,0,640,1
ID_3584,53,Bachelor,3.0,49871.78,1,16737.54,4487.35,1,0.321,17637.05,60,0.074,0,688,1
ID_3585,52,Bachelor,1.0,37881.87,1,5293.68,1947.52,0,0.096,38139.43,48,0.264,0,687,1
ID_3586,31,High School,0.2,70879.11,0,9707.77,7480.62,0,0.462,3004.25,36,0.015,0,621,1
ID_3587,23,Bachelor,1.4,24980.96,1,0.0,1687.47,0,0.045,15860.07,36,0.222,1,591,0
ID_3588,36,Master,0.8,79861.06,0,7732.57,0.0,0,0.583,28843.38,24,0.19,0,574,1
ID_3589,29,High School,4.1,72686.98,1,5684.06,5723.01,1,0.092,19952.44,36,0.096,0,687,1
ID_3590,38,Bachelor,1.0,72586.56,0,12737.23,8675.27,0,0.141,26636.56,12,0.385,1,595,0
ID_3591,53,Bachelor,0.2,58053.06,0,10579.34,3671.18,0,0.644,27656.58,24,0.25,1,542,0
ID_3592,33,High School,0.2,116598.2,0,13091.82,11104.43,1,0.202,28860.83,36,0.087,0,652,1
ID_3593,38,High School,8.9,83783.95,0,5021.29,1061.9,0,0.149,8314.65,60,0.021,0,683,1
ID_3594,39,PhD,4.5,39993.07,0,9922.61,1651.81,2,0.423,39356.52,36,0.344,1,518,0
ID_3595,49,Bachelor,2.2,40352.57,0,5826.1,2362.38,2,0.226,15364.88,24,0.2,1,567,1
ID_3596,18,High School,0.0,34897.24,0,0.0,4187.27,0,0.44,24791.36,48,0.186,1,500,0
ID_3597,31,High School,0.4,71370.63,0,8729.74,0.0,1,0.407,3186.11,60,0.009,0,600,0
ID_3598,41,Bachelor,19.6,32857.34,0,12317.08,1961.4,3,0.436,25718.09,48,0.205,2,514,0
ID_3599,53,Bachelor,4.8,93124.82,1,13552.97,6031.25,2,0.344,28423.19,24,0.16,1,626,0
ID_3600,33,Bachelor,1.0,104975.96,0,24561.79,7290.32,0,0.172,25652.14,36,0.086,1,632,0
ID_3601,18,High School,0.0,34908.72,0,6249.97,3497.95,0,0.034,10954.37,36,0.11,2,550,0
ID_3602,46,Master,7.2,49376.3,1,8119.15,747.71,0,0.367,45302.86,24,0.482,1,588,1
ID_3603,31,Bachelor,2.8,54628.47,0,6492.38,0.0,1,0.21,35501.93,36,0.227,3,468,0
ID_3604,24,High School,6.0,84287.73,1,13764.73,5249.12,0,0.419,22499.79,24,0.14,2,568,0
ID_3605,31,Bachelor,0.8,121136.31,1,16709.48,4131.6,1,0.193,22334.73,36,0.065,0,688,1
ID_3606,36,Bachelor,1.6,23324.37,0,0.0,1824.04,1,0.131,11713.39,48,0.132,2,510,0
ID_3607,31,Master,0.5,46208.07,0,5991.54,3547.74,2,0.123,13789.19,48,0.078,1,575,0
ID_3608,18,Master,0.0,47429.12,0,8945.68,2854.07,0,0.146,51223.39,60,0.227,0,616,0
ID_3609,49,High School,1.4,26894.18,0,8765.69,1306.25,0,0.753,18550.2,48,0.181,2,471,0
ID_3610,54,Master,12.5,42507.89,0,11254.55,5711.9,2,0.102,74750.45,24,0.923,2,498,0
ID_3611,46,Bachelor,0.4,67096.32,0,12681.57,7703.2,0,0.614,4126.36,60,0.013,0,620,1
ID_3612,25,Master,2.8,47129.79,1,12357.34,2473.28,2,0.485,31637.95,48,0.176,0,594,1
ID_3613,36,High School,3.8,25026.47,1,4959.26,835.82,0,0.327,29071.72,24,0.61,3,455,0
ID_3614,38,Bachelor,11.4,227986.42,1,12847.56,6955.9,2,0.068,25652.56,36,0.039,0,738,1
ID_3615,46,High School,28.0,61888.46,1,16681.29,3791.72,1,0.158,1000.0,36,0.006,0,776,1
ID_3616,47,Master,7.0,57288.03,1,4075.26,2050.78,0,0.44,1000.0,36,0.006,1,632,1
ID_3617,30,High School,12.0,31289.47,0,8181.79,3678.76,1,0.161,28520.3,36,0.319,0,627,0
ID_3618,39,Bachelor,7.7,61719.37,0,0.0,3733.59,2,0.288,6566.87,24,0.056,1,559,0
ID_3619,44,High School,16.5,49905.83,0,2901.4,3955.74,0,0.015,46762.9,60,0.197,1,656,0
ID_3620,56,High School,6.1,21072.8,0,5205.99,2593.29,0,0.423,20968.45,36,0.348,3,469,0
ID_3621,47,Bachelor,0.4,31725.38,0,5666.9,3884.46,1,0.445,29590.12,36,0.326,0,571,0
ID_3622,48,Master,2.6,80616.85,0,3403.08,1944.41,2,0.081,24271.85,36,0.105,0,647,1
ID_3623,40,Bachelor,5.2,143201.62,0,8965.2,11006.79,0,0.131,23772.45,36,0.058,1,655,0
ID_3624,55,Master,2.2,65093.68,1,12829.68,6081.44,0,0.369,52374.0,36,0.282,2,583,0
ID_3625,43,High School,1.6,94046.22,0,19294.15,6998.92,0,0.293,44518.06,36,0.166,1,613,0
ID_3626,28,Bachelor,4.3,50117.34,0,0.0,3185.86,0,0.27,27777.75,36,0.194,1,550,0
ID_3627,55,Bachelor,13.6,51881.99,0,14243.6,1041.06,0,0.363,37149.21,24,0.376,3,511,0
ID_3628,47,High School,0.2,93478.76,0,14061.51,8372.0,0,0.137,46116.06,48,0.129,0,684,1
ID_3629,33,Bachelor,7.3,124416.32,1,30257.43,12227.54,1,0.18,14239.14,48,0.03,0,726,1
ID_3630,33,Bachelor,6.4,103833.96,0,16077.46,1808.47,1,0.109,1000.0,60,0.002,0,683,1
ID_3631,42,Bachelor,16.6,31787.18,1,4992.33,2997.95,1,0.212,34954.37,48,0.289,1,632,1
ID_3632,44,Bachelor,13.3,52392.6,0,14187.04,1277.01,0,0.332,47427.63,12,0.95,1,524,0
ID_3633,41,Bachelor,7.2,62240.57,0,0.0,3983.29,1,0.186,1000.0,24,0.008,1,597,1
ID_3634,42,High School,3.7,47579.68,0,11896.66,5462.06,1,0.245,14086.32,36,0.104,2,555,0
ID_3635,59,High School,1.1,65770.64,0,12417.32,4756.93,2,0.114,20654.59,24,0.165,1,616,0
ID_3636,51,Bachelor,3.9,81657.46,1,5230.93,3185.19,1,0.108,7315.25,36,0.031,1,671,1
ID_3637,41,High School,7.2,89447.3,1,7726.41,2847.79,0,0.297,22396.86,60,0.053,0,701,1
ID_3638,50,High School,11.3,125861.21,0,10551.62,11759.76,1,0.336,4957.24,48,0.01,1,643,0
ID_3639,26,Bachelor,7.8,45948.64,0,11443.78,2022.88,0,0.379,19256.43,24,0.22,2,522,0
ID_3640,43,Bachelor,1.1,27391.37,1,7262.47,422.95,3,0.236,37588.61,36,0.48,3,444,0
ID_3641,60,High School,4.6,64803.66,0,11078.11,3996.53,1,0.291,1000.0,12,0.016,0,674,1
ID_3642,36,Bachelor,2.0,138955.01,1,13261.8,4000.79,1,0.416,6080.19,12,0.046,1,619,1
ID_3643,28,Bachelor,0.0,42681.13,0,2678.89,3857.21,1,0.065,50212.45,36,0.412,2,500,0
ID_3644,31,High School,1.1,76375.98,0,18359.6,3306.68,0,0.424,10162.22,48,0.035,1,586,0
ID_3645,25,Bachelor,0.6,76716.56,0,7715.59,3743.01,1,0.155,1000.0,60,0.003,0,642,1
ID_3646,29,Bachelor,9.2,59618.49,0,17698.91,2926.88,1,0.28,28081.24,36,0.165,2,545,0
ID_3647,34,Bachelor,1.5,54364.27,1,0.0,5675.27,0,0.385,23654.45,24,0.228,2,523,0
ID_3648,22,Bachelor,1.7,34142.06,0,0.0,3205.51,1,0.206,27666.43,24,0.425,2,454,0
ID_3649,39,High School,16.1,17312.24,0,7175.68,1452.96,2,0.344,26032.96,36,0.526,3,434,0
ID_3650,49,Bachelor,2.4,31072.38,0,5622.01,2701.96,0,0.307,47912.47,36,0.54,2,496,0
ID_3651,28,Bachelor,0.0,44571.41,0,10631.01,2049.35,0,0.262,12344.89,36,0.097,1,581,0
ID_3652,57,Master,1.7,93780.42,1,20775.06,3031.24,2,0.444,23311.5,60,0.052,1,622,1
ID_3653,45,Master,0.6,51453.61,0,11774.23,5768.5,0,0.043,17211.62,12,0.351,0,658,1
ID_3654,51,Bachelor,0.5,41793.13,0,10335.36,2316.05,0,0.297,37174.53,60,0.187,2,548,0
ID_3655,31,High School,0.4,34700.43,0,7700.24,3229.22,0,0.411,38995.78,60,0.236,0,586,0
ID_3656,49,High School,4.5,75237.34,0,21981.65,7320.11,1,0.45,31703.26,24,0.221,1,581,1
ID_3657,25,High School,1.0,106849.71,0,25126.1,0.0,4,0.176,63768.45,12,0.627,5,304,0
ID_3658,49,Bachelor,2.2,92200.23,0,0.0,7528.24,0,0.265,34959.48,36,0.133,1,591,0
ID_3659,41,High School,9.9,73355.65,1,1554.25,3177.96,3,0.237,47589.98,48,0.17,1,595,0
ID_3660,45,Bachelor,2.8,25905.06,0,1791.08,2261.86,0,0.293,9063.3,36,0.122,0,621,0
ID_3661,24,High School,6.0,45440.67,0,12197.68,1394.85,1,0.741,12432.22,24,0.144,2,454,0
ID_3662,28,PhD,3.4,143437.13,1,6328.6,13427.18,0,0.467,60646.06,36,0.148,1,607,1
ID_3663,46,High School,2.5,94937.61,1,8245.28,5044.15,1,0.294,1000.0,36,0.004,1,646,0
ID_3664,27,Master,6.9,25115.7,0,6340.97,1545.88,2,0.175,38821.29,24,0.811,1,480,0
ID_3665,44,Master,0.4,52691.25,0,11404.37,877.59,0,0.297,48160.4,48,0.24,0,623,0
ID_3666,22,Bachelor,0.5,64961.44,0,11091.3,0.0,0,0.517,46159.85,48,0.187,1,524,0
ID_3667,49,Bachelor,5.3,37009.16,1,3805.3,4333.8,1,0.212,1000.0,12,0.028,0,690,1
ID_3668,24,Bachelor,3.3,17075.47,0,3121.8,0.0,0,0.1,18685.44,36,0.383,0,588,0
ID_3669,45,Bachelor,7.8,56920.57,0,13271.63,0.0,0,0.403,36199.49,36,0.223,4,448,0
ID_3670,46,High School,12.4,36538.47,0,11575.09,3035.52,2,0.489,38356.25,36,0.367,3,447,0
ID_3671,30,High School,2.5,36610.09,0,2160.09,3942.45,1,0.261,24837.85,36,0.237,1,541,0
ID_3672,45,Bachelor,4.5,45372.42,1,5741.52,2265.05,0,0.348,12470.05,36,0.096,0,673,0
ID_3673,42,Bachelor,3.5,50673.69,0,8808.83,2405.09,4,0.547,20077.25,24,0.208,1,490,0
ID_3674,32,Bachelor,14.0,53930.89,0,13753.79,4363.12,0,0.264,13871.83,36,0.09,1,630,0
ID_3675,26,High School,8.0,34822.01,0,10078.07,2156.46,2,0.22,2630.96,12,0.079,1,573,1
ID_3676,18,Bachelor,0.0,48527.95,0,9901.38,3128.26,0,0.285,19616.65,24,0.212,1,554,0
ID_3677,43,High School,1.5,22500.4,0,9147.26,1221.79,0,0.317,58287.33,12,2.72,7,300,0
ID_3678,20,High School,2.0,63292.34,0,7011.65,7343.05,1,0.501,19980.36,24,0.166,1,523,0
ID_3679,40,High School,1.5,15000.0,0,3764.86,1292.55,1,0.112,1000.0,12,0.07,1,584,0
ID_3680,35,High School,1.2,46875.71,1,9880.41,2794.03,1,0.454,18543.83,12,0.415,2,501,0
ID_3681,47,High School,14.4,85784.45,0,0.0,7494.22,0,0.456,56104.71,48,0.172,1,585,0
ID_3682,35,Master,0.1,31898.99,1,0.0,735.11,0,0.324,1000.0,24,0.016,1,585,0
ID_3683,35,High School,16.8,77514.1,1,0.0,2301.49,1,0.395,24983.11,36,0.113,2,560,1
ID_3684,47,Bachelor,0.8,96554.83,1,0.0,2727.52,2,0.382,38279.34,36,0.139,2,522,0
ID_3685,43,High School,8.6,15000.0,0,3028.16,885.34,1,0.091,4462.81,36,0.104,1,601,0
ID_3686,42,Master,1.6,50227.53,0,2055.46,0.0,0,0.55,28434.3,60,0.119,2,487,0
ID_3687,44,Bachelor,2.2,15000.0,0,0.0,1374.94,1,0.087,8561.24,36,0.2,1,559,0
ID_3688,20,High School,1.2,51067.1,1,12163.56,4113.21,1,0.625,2936.39,36,0.02,4,420,0
ID_3689,48,Bachelor,4.4,53982.46,0,7601.59,4454.0,0,0.259,36208.02,36,0.235,2,557,0
ID_3690,46,Bachelor,2.1,15657.86,0,0.0,1084.94,1,0.37,57814.98,24,1.939,3,300,0
ID_3691,26,Bachelor,5.4,141834.93,0,34547.8,9119.12,1,0.244,18033.38,36,0.045,0,669,1
ID_3692,36,High School,0.1,62505.38,1,18790.88,2311.22,0,0.205,35453.57,12,0.596,3,496,0
ID_3693,38,PhD,0.3,35436.17,1,0.0,719.54,1,0.374,33707.37,24,0.499,2,465,0
ID_3694,37,Bachelor,0.5,112723.11,1,0.0,10208.78,1,0.433,28131.92,36,0.087,1,577,0
ID_3695,43,High School,2.7,22074.83,1,5070.8,3423.24,3,0.211,12602.74,12,0.599,1,529,1
ID_3696,56,Bachelor,8.4,29302.1,0,7046.11,2235.74,0,0.115,6760.55,12,0.242,0,675,1
ID_3697,51,Bachelor,11.0,17158.9,0,6969.97,3034.99,1,0.323,10650.67,36,0.217,1,583,0
ID_3698,23,Master,1.4,133322.01,1,30032.55,10950.71,0,0.086,21782.57,24,0.086,0,722,1
ID_3699,46,Bachelor,4.3,63970.24,1,4060.27,1522.77,1,0.324,17452.78,48,0.072,0,664,1
ID_3700,54,Bachelor,7.3,75335.06,1,7753.45,8503.08,0,0.41,4316.33,48,0.015,2,618,1
ID_3701,43,High School,1.7,62975.47,0,7522.79,2809.81,0,0.417,21307.12,12,0.355,2,505,0
ID_3702,52,Master,2.6,72177.52,1,22915.18,0.0,0,0.189,13557.3,36,0.066,0,719,1
ID_3703,63,Bachelor,3.7,56333.17,0,12264.65,1525.05,1,0.155,35025.3,60,0.131,2,587,0
ID_3704,51,High School,0.7,62035.41,0,0.0,2480.85,1,0.069,17963.01,36,0.101,1,597,0
ID_3705,41,High School,0.1,57170.98,1,4477.1,4015.85,1,0.166,40187.51,24,0.369,5,415,0
ID_3706,51,High School,0.8,39962.79,0,9594.57,490.8,1,0.567,29134.98,36,0.255,1,523,0
ID_3707,40,PhD,4.9,52927.99,0,9722.03,1578.48,1,0.199,16060.18,36,0.106,1,601,1
ID_3708,39,High School,0.4,62118.39,0,16388.45,6256.51,0,0.17,22058.46,24,0.186,1,613,1
ID_3709,34,Bachelor,1.1,57255.25,0,0.0,1878.64,1,0.157,22568.0,24,0.207,2,504,0
ID_3710,57,High School,2.1,25877.11,0,0.0,2681.81,0,0.366,27990.9,36,0.379,1,534,0
ID_3711,29,Bachelor,0.4,27653.47,1,4723.13,3029.29,0,0.596,31498.35,36,0.399,1,518,0
ID_3712,57,Bachelor,1.1,93099.19,1,8319.84,8298.34,0,0.497,16895.13,60,0.038,1,639,0
ID_3713,44,PhD,12.1,46467.25,0,7467.88,3511.26,1,0.124,20706.54,24,0.234,2,573,0
ID_3714,22,Bachelor,0.1,72574.05,0,0.0,4298.65,1,0.66,27058.4,36,0.13,2,428,0
ID_3715,43,Master,5.3,31380.44,1,9058.45,2375.22,1,0.163,1000.0,12,0.033,1,649,0
ID_3716,18,Bachelor,0.0,25937.03,0,6315.12,3078.51,0,0.27,34954.0,36,0.472,4,377,0
ID_3717,46,High School,5.6,35532.45,0,7013.02,2860.3,1,0.428,7833.06,36,0.077,1,573,1
ID_3718,49,High School,4.4,48470.83,1,4828.1,2060.04,1,0.578,19796.92,36,0.143,2,531,0
ID_3719,31,Bachelor,1.3,38848.7,0,6655.11,0.0,0,0.403,12807.47,36,0.115,0,595,0
ID_3720,40,PhD,9.4,103462.73,1,17322.53,2706.24,0,0.426,38472.9,24,0.195,1,635,0
ID_3721,62,Master,3.4,59264.26,0,15216.07,2907.12,0,0.331,43445.08,60,0.154,0,667,1
ID_3722,32,High School,8.6,136553.17,0,28506.52,0.0,1,0.445,22978.42,60,0.035,0,637,1
ID_3723,26,High School,2.6,66317.17,1,6889.47,3178.99,0,0.383,23211.23,60,0.074,2,561,0
ID_3724,56,High School,20.9,16215.53,0,1573.34,1538.64,0,0.292,24299.71,60,0.315,4,469,0
ID_3725,62,Master,7.4,91859.99,0,12999.81,10357.26,0,0.076,24717.12,36,0.094,1,689,1
ID_3726,39,Master,16.9,25469.18,0,7975.04,2597.98,1,0.169,43018.11,36,0.591,2,522,0
ID_3727,51,Bachelor,3.6,60795.24,1,12277.56,7008.89,0,0.117,79187.37,24,0.684,1,615,1
ID_3728,55,Bachelor,3.2,36778.1,0,5238.5,4707.25,2,0.404,21904.59,60,0.125,1,560,1
ID_3729,30,Bachelor,7.0,158158.9,0,14408.86,2779.68,0,0.193,35232.8,12,0.234,3,527,0
ID_3730,33,Bachelor,10.6,111279.35,1,0.0,11823.01,0,0.167,9758.57,24,0.046,0,703,1
ID_3731,53,High School,16.6,37387.42,0,8677.95,1965.93,1,0.47,11405.27,36,0.107,2,555,1
ID_3732,59,Bachelor,2.0,50834.02,0,11456.18,5867.43,2,0.316,6635.58,24,0.069,1,596,0
ID_3733,45,High School,8.0,61224.27,1,16165.85,4386.39,2,0.078,49110.31,36,0.281,0,689,1
ID_3734,28,High School,1.2,83425.31,0,15524.07,5967.03,0,0.18,37664.38,48,0.119,3,521,0
ID_3735,62,Master,3.9,54971.82,1,6044.0,4070.77,0,0.107,18072.11,60,0.069,1,692,1
ID_3736,32,Bachelor,1.0,32453.14,1,6215.4,3091.3,1,0.19,28832.76,24,0.466,2,521,0
ID_3737,34,Bachelor,2.1,37843.73,1,0.0,2658.3,0,0.488,38760.71,24,0.538,3,418,0
ID_3738,43,Bachelor,13.4,54055.1,1,2832.57,3306.34,1,0.136,46528.06,48,0.226,1,646,1
ID_3739,57,Bachelor,0.8,100431.23,1,24465.62,3313.24,0,0.238,32353.08,24,0.169,3,581,0
ID_3740,49,Bachelor,5.0,67098.63,0,17790.25,6652.79,1,0.535,26655.22,36,0.139,1,575,0
ID_3741,43,Bachelor,4.5,36801.45,1,5914.14,2577.78,2,0.506,48741.72,48,0.348,1,540,0
ID_3742,44,Bachelor,0.6,74920.77,0,15179.37,0.0,0,0.191,5137.11,36,0.024,1,624,0
ID_3743,39,Bachelor,2.0,44645.45,0,0.0,3906.34,1,0.179,1000.0,24,0.012,0,623,0
ID_3744,45,High School,4.1,84558.93,0,15617.61,4150.66,0,0.123,47611.51,24,0.296,2,580,0
ID_3745,18,High School,0.0,191665.17,1,7529.63,12166.27,0,0.268,16913.67,12,0.093,1,629,0
ID_3746,35,Bachelor,8.1,45278.47,0,0.0,5200.5,1,0.315,49065.53,36,0.379,2,480,0
ID_3747,41,High School,17.9,80886.53,0,8405.75,7961.74,3,0.448,59551.02,12,0.773,1,499,0
ID_3748,25,Bachelor,1.2,37320.7,1,10661.45,1553.23,2,0.384,58370.47,36,0.547,0,554,0
ID_3749,43,High School,1.0,51219.12,0,0.0,5545.59,1,0.414,1000.0,60,0.004,2,504,0
ID_3750,36,High School,3.0,54983.1,0,0.0,6871.04,1,0.22,39417.84,60,0.151,0,604,1
ID_3751,60,Bachelor,6.9,49175.86,1,12206.07,5296.1,0,0.084,15839.5,12,0.338,0,722,1
ID_3752,57,PhD,1.7,185629.28,1,21708.1,0.0,1,0.437,13256.77,48,0.019,1,644,0
ID_3753,33,High School,0.1,46476.56,0,10923.69,3626.62,0,0.082,31695.79,36,0.239,2,555,0
ID_3754,37,Bachelor,3.9,72651.24,1,10672.39,852.2,1,0.325,13720.15,24,0.099,0,660,1
ID_3755,38,Bachelor,15.7,20639.39,0,2637.16,0.0,1,0.102,38486.84,24,0.979,2,459,0
ID_3756,33,High School,2.5,67238.3,0,9242.53,6845.35,1,0.215,48783.93,60,0.152,1,588,0
ID_3757,41,Bachelor,2.7,95896.74,0,24221.87,10903.95,0,0.435,21363.86,36,0.078,0,653,1
ID_3758,29,Bachelor,11.0,41614.39,0,8513.86,4399.19,1,0.324,31461.18,36,0.265,2,520,0
ID_3759,25,Bachelor,5.9,15442.66,0,5213.87,2911.81,1,0.188,16755.9,36,0.38,1,536,0
ID_3760,46,Master,6.4,53139.41,1,14089.9,5599.69,0,0.259,33424.05,24,0.33,0,681,1
ID_3761,46,High School,4.1,54643.85,0,11421.23,3363.12,0,0.159,50509.92,24,0.485,3,497,1
ID_3762,29,High School,11.0,77810.96,1,7061.34,3448.92,1,0.063,32379.45,36,0.146,1,658,0
ID_3763,49,Master,5.8,148071.64,0,8301.97,0.0,2,0.113,22856.8,24,0.081,0,666,1
ID_3764,31,Bachelor,11.3,44800.44,1,4082.13,2142.94,0,0.081,48588.74,36,0.38,2,585,0
ID_3765,42,Bachelor,6.0,35307.69,1,6169.26,1643.8,0,0.203,17675.54,12,0.526,1,595,0
ID_3766,48,Bachelor,6.6,30228.52,0,0.0,3168.79,0,0.431,18120.52,60,0.126,1,558,0
ID_3767,38,High School,1.7,59816.65,0,4793.07,5999.4,4,0.129,13045.05,36,0.076,1,559,0
ID_3768,44,Bachelor,1.8,68849.42,1,11350.05,5302.93,1,0.328,1000.0,24,0.008,2,591,0
ID_3769,32,High School,7.6,41240.34,0,5451.19,5086.87,1,0.488,9519.09,24,0.121,2,503,0
ID_3770,36,High School,1.8,79964.76,0,5084.36,3404.04,0,0.27,25990.22,36,0.114,1,593,0
ID_3771,36,High School,4.1,68370.18,1,11694.92,2155.71,0,0.09,29125.63,12,0.447,1,626,0
ID_3772,30,Master,1.4,55360.18,1,9251.42,0.0,1,0.046,7582.0,36,0.048,1,639,0
ID_3773,36,High School,8.5,34502.69,0,7573.79,4670.7,2,0.138,15815.25,60,0.096,0,642,0
ID_3774,20,Bachelor,0.6,42576.93,0,14691.35,3574.53,0,0.49,1000.0,60,0.005,0,600,1
ID_3775,33,Master,8.8,16076.64,0,3142.19,753.29,4,0.252,64368.12,60,0.841,2,388,0
ID_3776,35,Bachelor,4.6,60955.14,0,4591.55,5925.69,0,0.403,51401.25,24,0.443,0,583,1
ID_3777,35,Bachelor,1.0,54894.62,0,3598.6,5015.38,0,0.469,12115.94,36,0.077,1,558,1
ID_3778,36,Bachelor,3.9,59530.23,1,9382.25,2680.01,2,0.226,27475.55,36,0.162,0,651,0
ID_3779,38,High School,1.7,69714.21,1,16770.07,1260.03,1,0.178,9166.35,48,0.035,0,691,0
ID_3780,44,Bachelor,2.0,65703.71,0,0.0,5304.2,2,0.396,43439.37,36,0.231,0,561,0
ID_3781,49,Bachelor,2.2,51267.3,0,9426.52,1918.23,2,0.458,36575.2,36,0.25,0,579,0
ID_3782,31,PhD,0.3,55510.86,1,8902.5,3391.88,1,0.039,1343.65,36,0.008,0,697,1
ID_3783,24,Master,6.0,26845.19,1,6017.67,2044.27,0,0.189,7465.77,48,0.073,2,582,1
ID_3784,26,Master,0.2,40462.86,0,7016.24,2921.97,1,0.126,23747.07,36,0.205,1,567,0
ID_3785,33,Master,5.4,55560.93,1,10951.85,3753.17,1,0.254,49917.56,12,0.943,3,436,0
ID_3786,34,Bachelor,2.3,37499.14,0,3188.65,2369.43,1,0.069,18176.21,48,0.127,0,634,0
ID_3787,29,Bachelor,5.2,83289.3,1,20799.11,0.0,1,0.205,48535.76,24,0.306,0,652,1
ID_3788,23,Master,2.2,38975.32,0,7619.66,4513.62,2,0.23,30595.89,36,0.275,2,487,0
ID_3789,33,Bachelor,5.6,60364.27,0,0.0,1380.94,2,0.165,10013.21,12,0.174,1,546,0
ID_3790,41,PhD,6.5,57427.75,1,7639.83,4592.83,1,0.177,17474.02,36,0.106,0,692,0
ID_3791,46,Bachelor,5.9,78679.57,0,20127.88,0.0,1,0.109,36382.83,36,0.162,1,625,0
ID_3792,32,Bachelor,0.6,84999.07,0,0.0,3082.31,1,0.077,40137.76,60,0.099,3,488,0
ID_3793,34,Bachelor,5.3,76650.88,0,0.0,0.0,1,0.73,41771.14,12,0.572,2,382,0
ID_3794,27,PhD,1.6,18901.51,0,0.0,2067.1,3,0.436,28854.01,48,0.401,2,389,1
ID_3795,38,High School,0.1,98427.36,0,16272.68,0.0,1,0.045,33024.05,60,0.07,0,667,1
ID_3796,28,Bachelor,2.7,116268.11,0,7954.11,6752.91,2,0.181,65618.38,24,0.296,0,606,1
ID_3797,45,Bachelor,2.8,42571.4,0,11237.82,4223.86,1,0.06,68327.0,24,0.843,4,402,0
ID_3798,18,High School,0.0,60981.36,0,10894.43,2763.66,1,0.246,25852.72,60,0.089,0,608,0
ID_3799,34,Bachelor,6.1,34703.1,0,8673.56,4172.74,1,0.366,1000.0,36,0.01,2,536,0
ID_3800,42,Bachelor,1.8,20451.48,0,5665.71,3816.34,1,0.085,27327.76,60,0.281,2,533,0
ID_3801,41,Bachelor,1.9,37445.52,1,9884.37,1636.39,0,0.554,27086.84,48,0.19,4,442,0
ID_3802,71,High School,0.3,41354.25,1,0.0,2401.07,0,0.47,2275.93,36,0.019,3,524,0
ID_3803,43,Bachelor,5.8,45368.56,1,8038.79,3419.24,0,0.274,27242.86,24,0.315,0,664,1
ID_3804,26,Bachelor,4.2,33541.64,0,9907.75,4271.92,0,0.432,6193.18,48,0.048,0,613,1
ID_3805,37,Bachelor,2.1,37544.7,0,5844.69,1487.8,0,0.353,31781.85,36,0.296,0,594,0
ID_3806,18,High School,0.0,53879.04,0,14226.57,3758.52,0,0.646,35709.45,36,0.232,2,459,0
ID_3807,38,PhD,3.9,36860.16,1,6427.96,889.16,2,0.121,34484.68,36,0.327,1,590,0
ID_3808,29,Bachelor,3.2,71094.28,1,19629.16,4023.05,3,0.468,42805.82,12,0.632,3,411,0
ID_3809,49,Bachelor,3.6,76178.18,0,13357.46,2300.63,1,0.301,33448.33,12,0.461,1,560,0
ID_3810,32,Bachelor,5.1,178116.64,0,37083.5,8665.27,0,0.197,39195.4,36,0.077,2,607,1
ID_3811,37,Bachelor,5.4,95114.81,1,2353.19,5652.46,0,0.213,48254.76,36,0.178,1,636,1
ID_3812,31,Bachelor,1.7,61178.53,0,11872.19,7195.48,1,0.288,17045.29,48,0.073,0,629,0
ID_3813,59,Bachelor,0.8,39730.24,0,0.0,4821.71,0,0.019,22409.82,36,0.197,1,615,0
ID_3814,35,Bachelor,0.9,62747.48,1,12451.59,5589.73,0,0.079,18604.23,36,0.104,1,664,1
ID_3815,60,Bachelor,5.1,63786.57,0,6014.1,3175.33,0,0.31,11584.87,36,0.064,0,674,1
ID_3816,48,Bachelor,10.3,41912.67,0,0.0,2314.06,1,0.229,19630.54,36,0.164,1,580,0
ID_3817,44,High School,2.6,80166.88,0,10116.97,6966.68,0,0.255,40029.07,36,0.175,0,656,0
ID_3818,43,Bachelor,0.9,26928.78,1,1128.46,2287.96,0,0.281,38088.73,36,0.495,2,513,0
ID_3819,43,High School,7.1,47944.53,1,9613.32,2642.58,2,0.282,1000.0,36,0.007,0,675,1
ID_3820,18,High School,0.0,71534.08,0,19453.04,0.0,1,0.534,55878.28,24,0.41,2,436,0
ID_3821,35,Master,10.6,46920.4,0,4232.33,3756.52,0,0.377,40247.26,24,0.45,2,504,0
ID_3822,49,Bachelor,4.7,48855.53,0,10250.82,2724.85,0,0.33,29097.21,60,0.125,1,606,0
ID_3823,38,Bachelor,9.9,50569.66,1,13964.95,4156.95,1,0.099,1000.0,36,0.007,1,681,1
ID_3824,22,Bachelor,0.1,35674.78,0,0.0,2208.2,0,0.069,3664.05,36,0.036,1,576,1
ID_3825,38,Master,0.6,97435.94,1,18051.07,9734.85,1,0.151,52054.31,36,0.187,0,690,1
ID_3826,59,Bachelor,0.5,32564.6,0,10587.2,1568.64,0,0.508,43080.86,48,0.347,2,502,0
ID_3827,53,Bachelor,6.2,63518.07,0,0.0,5990.44,0,0.512,45315.65,12,0.749,3,398,0
ID_3828,38,Bachelor,0.4,66624.25,0,12253.95,6522.09,0,0.431,22612.77,60,0.071,0,629,1
ID_3829,50,PhD,3.4,33714.69,1,0.0,4392.81,0,0.174,48518.96,48,0.378,3,508,0
ID_3830,34,Master,3.2,56193.26,1,3986.52,6905.41,2,0.201,1000.0,36,0.006,1,619,0
ID_3831,18,Master,0.0,34378.41,1,5398.94,1283.51,1,0.161,2798.88,60,0.017,1,601,1
ID_3832,27,High School,9.0,108610.27,1,0.0,7371.54,3,0.381,43156.01,12,0.417,5,342,0
ID_3833,57,High School,0.9,30656.76,1,5771.81,3119.42,1,0.051,8482.93,48,0.073,0,708,1
ID_3834,35,High School,2.2,39067.71,1,1977.45,1775.11,1,0.08,24282.15,36,0.218,2,562,0
ID_3835,36,High School,7.4,29374.65,0,8480.9,3573.74,0,0.594,1000.0,36,0.012,0,609,1
ID_3836,35,Master,0.2,27478.27,0,6893.51,1357.32,1,0.148,1000.0,36,0.013,0,634,1
ID_3837,61,High School,5.6,120043.28,1,16225.39,5877.95,2,0.521,6611.42,24,0.029,0,677,1
ID_3838,58,High School,8.5,71067.64,0,17719.52,7826.19,0,0.426,18181.15,24,0.134,1,628,0
ID_3839,65,High School,13.5,58113.12,1,12572.69,3852.62,0,0.216,8352.61,36,0.05,0,760,1
ID_3840,37,High School,10.4,39015.39,0,13746.75,880.16,0,0.449,36168.36,60,0.195,0,621,1
ID_3841,42,High School,1.9,85289.44,0,0.0,8377.11,2,0.074,43196.14,12,0.532,2,487,0
ID_3842,20,Bachelor,2.0,35878.33,0,0.0,1795.9,1,0.312,35981.58,24,0.527,0,512,0
ID_3843,56,Bachelor,0.4,80565.0,1,19253.0,8402.27,2,0.381,4182.2,24,0.027,3,543,0
ID_3844,24,High School,1.5,35022.44,0,8272.22,5214.19,0,0.319,34445.41,36,0.344,2,495,0
ID_3845,41,Bachelor,0.5,39251.55,1,11681.09,4529.26,2,0.381,2891.83,36,0.026,1,597,0
ID_3846,25,Bachelor,1.9,79153.26,0,17691.1,6870.06,0,0.411,58539.13,24,0.388,1,544,0
ID_3847,31,High School,10.4,83442.55,0,0.0,6672.75,0,0.221,25878.49,24,0.163,2,546,0
ID_3848,28,Bachelor,2.1,73038.1,0,6794.44,6648.22,0,0.314,9594.35,36,0.046,0,636,1
ID_3849,31,Bachelor,4.1,32053.54,0,3158.08,2859.99,0,0.025,25951.99,36,0.283,0,637,0
ID_3850,32,Bachelor,2.8,43331.56,0,10899.61,1778.67,0,0.389,28027.78,60,0.136,0,613,1
ID_3851,32,Bachelor,3.1,58597.62,0,13474.91,3218.29,1,0.393,37735.4,36,0.225,1,552,0
ID_3852,49,High School,17.5,35431.61,0,0.0,3061.26,1,0.316,1000.0,36,0.01,2,559,0
ID_3853,25,PhD,1.8,107525.29,1,17871.95,8119.68,2,0.426,12469.09,48,0.03,1,595,0
ID_3854,41,Master,4.9,16301.73,0,6926.23,2325.0,1,0.162,33668.5,60,0.434,1,552,1
ID_3855,53,Master,2.7,36703.6,1,5681.36,3845.76,0,0.402,39018.3,60,0.223,5,430,0
ID_3856,32,High School,0.3,41991.26,1,5523.07,0.0,0,0.362,83868.86,48,0.524,1,539,0
ID_3857,30,Master,3.4,15000.0,1,2342.47,3037.06,1,0.372,49810.34,36,1.162,3,351,0
ID_3858,36,Master,8.4,26953.96,0,9618.88,2025.05,1,0.537,12603.97,60,0.098,0,593,0
ID_3859,53,Master,0.5,74061.03,0,18152.89,4682.04,1,0.582,56936.56,24,0.404,1,529,0
ID_3860,41,High School,0.4,55002.93,1,10142.77,1692.97,1,0.285,35438.72,36,0.226,2,555,0
ID_3861,32,Bachelor,0.8,118963.03,0,4896.68,7403.05,0,0.356,49596.88,24,0.219,0,614,0
ID_3862,44,PhD,7.2,117314.45,0,20633.1,1350.49,0,0.219,33401.62,36,0.1,0,688,1
ID_3863,25,Bachelor,6.4,67273.6,0,15008.11,5658.96,1,0.319,50867.4,36,0.265,0,609,1
ID_3864,47,Bachelor,4.2,63361.97,0,12071.85,1721.49,1,0.807,44491.52,12,0.737,2,401,0
ID_3865,43,Master,3.2,55992.08,0,8781.57,3458.77,0,0.313,34941.29,24,0.328,2,529,0
ID_3866,35,Bachelor,11.0,15000.0,0,0.0,2213.91,0,0.327,17110.0,36,0.399,6,302,0
ID_3867,28,Bachelor,7.3,26976.47,0,7587.87,1564.74,3,0.19,17052.19,36,0.221,2,494,0
ID_3868,28,Bachelor,8.4,56973.28,0,0.0,4583.81,1,0.079,7900.73,36,0.049,1,595,0
ID_3869,45,Master,8.4,73718.78,0,6066.03,8048.81,1,0.368,23661.03,24,0.169,2,545,0
ID_3870,53,High School,5.1,62619.68,1,13393.92,5618.42,0,0.132,44930.04,36,0.251,1,672,1
ID_3871,31,Bachelor,3.1,34674.77,0,13145.88,3123.42,1,0.421,35458.6,60,0.215,3,450,0
ID_3872,44,Bachelor,10.0,86569.53,0,18944.76,8813.05,0,0.16,11048.35,60,0.027,0,717,1
ID_3873,18,Bachelor,0.0,113689.01,1,19727.53,3395.43,0,0.315,42426.16,24,0.196,1,606,1
ID_3874,31,Bachelor,0.1,86594.78,1,8739.54,7050.88,0,0.089,3831.28,60,0.009,2,624,0
ID_3875,38,Master,0.3,88858.43,0,5850.91,3109.81,1,0.476,30983.74,36,0.122,0,592,0
ID_3876,28,Master,10.0,40961.47,0,0.0,2261.18,0,0.295,50107.08,48,0.321,4,406,0
ID_3877,27,High School,1.6,92778.21,0,0.0,4130.53,0,0.094,3830.45,24,0.022,0,644,0
ID_3878,30,Bachelor,10.3,58272.14,0,7278.95,4751.78,1,0.231,28069.29,48,0.126,1,598,1
ID_3879,42,High School,2.5,69966.91,0,18083.88,0.0,0,0.269,12424.69,12,0.186,1,597,0
ID_3880,36,High School,0.6,65037.28,0,0.0,0.0,0,0.515,54310.71,36,0.292,7,300,0
ID_3881,18,Bachelor,0.0,50983.45,1,7992.68,2909.35,1,0.263,65493.45,36,0.45,1,546,0
ID_3882,18,Master,0.0,35242.17,1,9295.3,1532.51,1,0.476,34995.3,36,0.348,1,521,0
ID_3883,31,Master,1.4,51996.5,0,0.0,4157.18,2,0.233,40807.87,12,0.824,0,493,0
ID_3884,44,High School,3.4,88732.44,0,9834.19,7374.26,1,0.492,49594.26,36,0.196,1,562,0
ID_3885,18,High School,0.0,43445.48,0,13491.45,0.0,0,0.371,38768.63,48,0.234,1,531,0
ID_3886,33,Bachelor,15.0,84683.29,0,14067.27,4519.62,2,0.414,10179.23,48,0.032,0,640,1
ID_3887,32,Bachelor,2.9,78318.2,1,16331.57,4995.59,0,0.084,16993.09,36,0.076,0,719,1
ID_3888,55,High School,3.7,46654.81,0,0.0,3875.02,1,0.193,16864.52,24,0.19,1,578,0
ID_3889,34,Master,3.7,108488.56,0,7133.83,8240.09,0,0.205,1000.0,36,0.003,1,631,0
ID_3890,43,Master,3.9,45352.78,0,0.0,2799.5,1,0.127,42601.6,36,0.329,0,600,1
ID_3891,40,Bachelor,3.6,115240.14,0,0.0,3333.04,2,0.267,2468.82,60,0.004,1,567,0
ID_3892,18,Master,0.0,67309.96,0,19227.5,2051.59,1,0.253,39914.9,36,0.208,3,464,0
ID_3893,48,Bachelor,0.0,53748.29,0,12671.76,5003.55,1,0.411,11916.32,60,0.047,1,582,0
ID_3894,41,Bachelor,0.5,34755.72,0,1634.33,2364.57,4,0.332,20998.73,24,0.317,4,344,0
ID_3895,45,Bachelor,0.5,51837.54,1,3218.5,2485.04,0,0.4,35045.86,60,0.142,1,601,1
ID_3896,75,High School,6.1,48928.74,1,6403.52,4776.57,0,0.39,52495.85,36,0.376,2,589,1
ID_3897,18,Master,0.0,28878.48,1,0.0,2548.28,2,0.317,40650.32,36,0.493,0,527,0
ID_3898,59,Bachelor,11.3,48590.94,1,4643.08,3758.8,1,0.121,22877.89,24,0.247,0,709,1
ID_3899,35,Bachelor,13.2,36246.51,0,9533.66,0.0,1,0.108,24384.41,24,0.353,0,633,0
ID_3900,42,Bachelor,18.6,72620.02,0,14464.41,8454.9,1,0.509,3812.83,36,0.018,1,619,0
ID_3901,38,High School,14.0,104103.43,0,20524.42,3478.3,0,0.342,36461.12,60,0.074,1,640,0
ID_3902,33,High School,1.6,29335.16,0,3187.81,3386.09,0,0.453,23523.09,24,0.421,4,372,0
ID_3903,32,Bachelor,3.6,127535.99,0,0.0,9194.16,0,0.413,8252.69,24,0.034,1,569,0
ID_3904,42,Bachelor,1.0,50803.7,1,8840.99,1659.56,0,0.172,39008.19,60,0.161,1,639,1
ID_3905,20,High School,2.0,33272.59,0,1426.04,2368.33,1,0.082,50546.6,12,1.595,7,300,0
ID_3906,48,Bachelor,11.0,79132.38,0,3684.99,0.0,0,0.302,21789.88,36,0.096,0,660,0
ID_3907,34,Bachelor,9.5,43337.46,0,3384.5,3489.36,1,0.354,14875.39,36,0.12,0,614,1
ID_3908,25,Bachelor,2.8,52006.9,0,10339.0,5020.45,0,0.26,14592.36,36,0.098,1,590,1
ID_3909,33,Bachelor,7.1,44261.07,1,7100.1,3947.66,0,0.204,32229.65,24,0.382,4,477,0
ID_3910,54,Master,0.5,36012.85,0,0.0,3217.44,0,0.111,3537.11,36,0.034,1,611,1
ID_3911,32,Bachelor,0.2,77807.92,0,9042.79,8133.81,1,0.399,26359.43,24,0.178,0,598,1
ID_3912,43,Bachelor,7.0,46950.51,0,7325.85,3956.63,0,0.556,17691.73,24,0.198,2,514,0
ID_3913,30,High School,2.8,26414.65,0,0.0,3623.41,1,0.202,34098.24,12,1.355,1,398,0
ID_3914,48,High School,27.1,71362.66,0,6818.27,5825.09,0,0.314,35473.27,36,0.174,1,661,1
ID_3915,47,High School,0.5,29649.75,1,5279.8,3226.23,0,0.614,4791.41,24,0.085,3,488,0
ID_3916,61,Bachelor,9.7,30435.65,1,2762.02,2232.07,2,0.323,37019.02,12,1.277,5,300,0
ID_3917,36,High School,3.3,98351.5,1,27699.03,3793.41,0,0.094,33239.86,36,0.118,1,681,1
ID_3918,47,High School,8.8,29787.08,1,2607.86,2849.46,3,0.327,21569.36,12,0.76,2,463,0
ID_3919,40,Bachelor,8.5,17013.76,0,5288.5,1571.21,4,0.267,17250.97,36,0.355,0,550,1
ID_3920,54,High School,12.4,73971.17,1,18250.95,4361.87,1,0.279,17354.53,24,0.123,0,719,0
ID_3921,30,High School,1.8,46540.04,0,8462.34,2391.81,1,0.199,21919.16,48,0.124,1,577,0
ID_3922,47,High School,15.0,48589.97,0,13782.82,5096.52,1,0.078,8236.33,60,0.036,0,715,0
ID_3923,36,Bachelor,0.8,46293.17,1,3528.03,6031.21,2,0.374,12681.74,48,0.072,1,577,0
ID_3924,38,High School,0.4,60829.79,0,5097.86,5039.86,1,0.561,28678.09,48,0.124,1,530,0
ID_3925,40,Bachelor,2.8,37184.24,0,6578.93,0.0,0,0.394,14711.92,36,0.138,1,562,0
ID_3926,42,Bachelor,8.8,113329.8,0,11101.78,0.0,0,0.071,40807.12,36,0.126,1,650,1
ID_3927,37,Bachelor,3.2,25897.06,0,4421.51,2634.64,0,0.299,22636.8,36,0.306,3,464,0
ID_3928,41,Bachelor,8.8,67672.65,1,12913.38,1774.51,0,0.204,16452.0,36,0.085,2,625,1
ID_3929,57,Master,6.5,74686.94,0,5086.15,3493.92,0,0.2,30967.24,24,0.218,1,627,0
ID_3930,50,High School,1.2,37055.58,0,7499.15,2729.07,1,0.11,17693.27,36,0.167,1,604,0
ID_3931,49,High School,14.9,32471.98,0,3171.48,3421.51,1,0.228,10965.15,24,0.177,1,609,0
ID_3932,33,High School,0.3,90092.04,0,15522.12,5456.74,1,0.188,18917.03,48,0.055,0,652,0
ID_3933,28,High School,10.0,33010.13,1,9876.22,3273.01,0,0.246,1000.0,48,0.008,0,696,1
ID_3934,50,High School,1.8,40001.33,1,6307.37,4110.23,0,0.306,1000.0,36,0.009,0,691,0
ID_3935,49,High School,3.5,84428.01,0,9530.63,0.0,1,0.237,8434.3,36,0.035,1,611,0
ID_3936,56,Bachelor,2.7,55125.66,0,0.0,3215.89,1,0.203,3513.82,36,0.022,0,642,0
ID_3937,31,Bachelor,0.9,22057.95,0,8417.25,1658.34,1,0.42,36701.74,12,1.747,3,300,0
ID_3938,36,Bachelor,2.2,129771.38,1,6269.17,5772.58,0,0.334,47677.19,12,0.386,3,509,0
ID_3939,19,Bachelor,1.0,41564.21,1,11698.04,4432.4,1,0.136,30846.31,36,0.26,0,641,1
ID_3940,34,High School,1.1,44294.75,1,7927.45,1609.16,1,0.143,1000.0,36,0.008,0,680,1
ID_3941,50,High School,1.0,61567.67,1,8950.16,6244.59,1,0.384,1000.0,48,0.004,0,675,1
ID_3942,33,Bachelor,3.4,74053.15,0,19824.55,8513.05,0,0.103,31302.95,24,0.222,0,671,0
ID_3943,46,High School,8.0,144430.28,0,36215.3,7262.94,2,0.267,21909.65,24,0.08,1,631,0
ID_3944,36,High School,4.2,23622.76,1,4196.72,1286.92,0,0.236,1000.0,36,0.015,1,630,0
ID_3945,42,Bachelor,11.2,81877.22,1,0.0,6622.68,0,0.098,9568.14,36,0.041,2,629,1
ID_3946,25,Master,5.1,78551.12,0,16679.13,4800.31,1,0.01,5653.5,48,0.019,1,639,1
ID_3947,40,Bachelor,5.8,50585.36,0,0.0,3265.9,1,0.365,51226.37,24,0.532,0,544,0
ID_3948,18,High School,0.0,80308.99,0,0.0,5295.22,0,0.143,37694.99,60,0.099,0,612,1
ID_3949,36,Master,3.0,86434.05,0,7319.36,4549.38,1,0.199,19825.22,12,0.241,0,628,1
ID_3950,19,Bachelor,1.0,27146.91,0,6544.26,4289.22,0,0.098,29117.34,36,0.375,3,466,0
ID_3951,53,Bachelor,0.4,129947.17,1,26630.6,6593.12,1,0.167,27624.3,48,0.056,0,727,1
ID_3952,48,Master,9.8,24850.15,1,1961.52,1910.33,1,0.23,26425.3,48,0.279,3,517,0
ID_3953,44,Bachelor,7.5,30709.95,0,10330.74,4120.41,0,0.222,57879.54,36,0.66,2,511,0
ID_3954,57,High School,1.4,47529.51,0,7094.56,2002.13,1,0.155,50358.04,12,1.112,2,449,0
ID_3955,27,Bachelor,7.3,141842.17,0,7521.89,2491.88,0,0.143,52448.23,60,0.078,1,630,0
ID_3956,59,Bachelor,0.1,46437.92,0,12553.96,5481.84,1,0.179,30954.18,36,0.233,2,562,0
ID_3957,50,Bachelor,1.2,53318.2,0,12096.75,0.0,0,0.365,18919.37,48,0.093,0,637,1
ID_3958,36,Bachelor,0.3,110861.76,1,27581.05,3400.82,1,0.181,2668.06,36,0.008,1,660,0
ID_3959,52,Master,7.6,46622.61,0,11746.77,4060.14,1,0.204,7084.45,24,0.08,0,674,1
ID_3960,25,Master,7.0,30054.92,0,2920.07,1323.71,4,0.321,43253.83,48,0.378,1,471,0
ID_3961,29,Master,8.4,43975.26,0,10930.8,4610.2,0,0.202,2063.28,60,0.01,1,626,0
ID_3962,31,Master,0.0,107516.1,0,26811.6,6092.35,0,0.236,21768.94,60,0.043,0,668,0
ID_3963,32,Master,3.5,56130.38,0,4197.6,4731.95,0,0.293,1000.0,48,0.005,0,642,1
ID_3964,26,High School,6.1,142248.26,1,21818.0,6108.86,0,0.211,23248.08,24,0.086,0,712,1
ID_3965,53,High School,0.8,78352.05,1,15995.61,8798.06,0,0.337,5895.33,24,0.04,1,663,1
ID_3966,35,Bachelor,5.2,39245.64,0,5752.94,2501.77,2,0.157,36951.8,36,0.33,0,597,0
ID_3967,43,Master,0.4,55577.75,1,14331.93,3896.9,0,0.159,20609.05,36,0.13,1,656,1
ID_3968,32,Bachelor,1.0,35361.92,1,1486.22,0.0,1,0.096,10438.71,36,0.103,2,557,0
ID_3969,18,Bachelor,0.0,38784.79,1,0.0,1711.04,1,0.184,7786.05,60,0.042,2,527,0
ID_3970,42,High School,5.3,250000.0,1,18392.46,5674.78,0,0.145,27408.43,24,0.058,0,748,1
ID_3971,18,High School,0.0,90157.39,0,12959.28,2176.97,0,0.392,25912.82,48,0.075,0,609,1
ID_3972,38,Bachelor,1.0,83328.76,0,0.0,9650.58,2,0.217,15059.49,12,0.19,0,590,0
ID_3973,22,High School,1.1,39672.35,1,6482.61,4247.96,0,0.279,19272.97,36,0.17,0,641,0
ID_3974,62,Bachelor,1.4,118751.94,1,13771.53,11040.65,1,0.224,16128.79,24,0.071,0,724,1
ID_3975,49,High School,1.3,93873.91,1,27267.01,7219.79,0,0.415,1000.0,36,0.004,1,660,1
ID_3976,40,High School,2.5,138802.96,0,29457.87,6365.76,1,0.518,24298.68,36,0.061,1,586,0
ID_3977,54,Bachelor,5.3,135476.99,1,0.0,3678.74,0,0.313,1000.0,36,0.003,3,559,1
ID_3978,28,Bachelor,2.9,25860.07,1,5930.45,4145.24,0,0.117,9026.87,24,0.183,1,625,0
ID_3979,45,Bachelor,7.5,31103.64,1,5083.27,3537.56,0,0.517,30775.31,36,0.346,2,531,0
ID_3980,41,High School,6.4,32797.45,0,7864.95,3182.99,0,0.498,20687.18,48,0.166,2,518,0
ID_3981,42,Master,0.7,33793.7,0,8630.15,2958.57,3,0.297,52504.46,36,0.544,1,491,0
ID_3982,54,Bachelor,0.3,63686.39,1,0.0,2457.0,0,0.379,10648.86,60,0.035,0,656,1
ID_3983,47,Bachelor,10.5,40806.57,1,7758.07,1883.76,1,0.455,17598.59,12,0.453,2,528,0
ID_3984,42,Bachelor,0.4,152710.5,1,6917.94,10145.2,2,0.161,27920.57,60,0.038,1,646,1
ID_3985,19,High School,0.8,140412.52,1,2340.52,0.0,0,0.136,24331.17,48,0.045,0,669,1
ID_3986,27,Master,0.1,54001.61,0,11784.18,1446.44,2,0.301,43857.77,36,0.284,1,524,0
ID_3987,37,Bachelor,4.9,144013.61,0,10899.03,7780.65,1,0.121,36522.07,24,0.133,0,673,1
ID_3988,40,Bachelor,4.4,114012.95,0,4540.27,9023.42,1,0.122,49987.48,36,0.153,0,661,1
ID_3989,25,High School,7.0,43245.42,0,10906.74,0.0,2,0.401,1000.0,60,0.005,2,502,0
ID_3990,67,Master,10.9,19838.75,0,0.0,1783.35,0,0.157,39152.81,24,1.036,4,381,0
ID_3991,57,Bachelor,2.6,48582.36,1,13834.71,6545.88,0,0.333,7335.64,12,0.159,1,649,1
ID_3992,46,High School,2.3,39249.3,1,8385.66,2286.57,0,0.026,33002.85,36,0.294,0,696,1
ID_3993,39,High School,1.8,60069.22,0,15183.51,2186.38,2,0.329,20611.4,36,0.12,0,609,1
ID_3994,36,Master,0.8,56648.12,1,7069.62,3456.43,0,0.648,12603.35,24,0.117,1,568,0
ID_3995,27,Bachelor,0.7,55910.58,0,4597.59,2345.07,3,0.649,46131.59,48,0.217,3,368,0
ID_3996,39,Bachelor,0.7,70392.53,0,0.0,5383.67,0,0.212,1000.0,24,0.007,1,593,1
ID_3997,42,Bachelor,0.6,29547.05,1,0.0,4290.75,1,0.363,57632.1,36,0.683,3,410,0
ID_3998,24,Bachelor,1.4,66548.09,0,16701.22,5169.45,1,0.245,36360.96,12,0.574,2,480,0
ID_3999,43,Bachelor,1.8,43485.9,1,0.0,5325.0,3,0.371,28043.74,60,0.135,5,365,0
ID_4000,37,High School,16.3,59873.61,0,6656.26,6932.26,0,0.306,22325.34,36,0.131,0,671,1
ID_4001,18,Bachelor,0.0,87439.72,0,14021.8,3090.41,0,0.182,18329.15,60,0.044,0,646,1
ID_4002,28,PhD,10.0,29372.09,0,11308.64,3446.16,2,0.598,33432.95,60,0.239,1,506,0
ID_4003,34,High School,2.3,47068.21,1,2821.81,5023.59,3,0.286,1000.0,60,0.004,1,582,1
ID_4004,61,Bachelor,3.1,51058.78,0,4359.35,2820.23,0,0.249,1000.0,24,0.01,2,588,0
ID_4005,45,Bachelor,2.0,41892.64,0,9927.52,4450.85,1,0.687,26542.65,36,0.222,5,334,1
ID_4006,22,Bachelor,1.0,84958.21,1,4569.11,7735.94,0,0.027,11573.85,36,0.048,1,658,1
ID_4007,44,Master,0.8,37790.23,0,0.0,2566.87,1,0.371,8511.46,36,0.079,1,540,0
ID_4008,20,Bachelor,2.0,41039.89,0,5985.23,2206.87,1,0.293,1000.0,24,0.013,0,604,1
ID_4009,51,High School,21.6,37988.56,0,7770.62,454.6,1,0.382,46676.08,24,0.645,3,463,0
ID_4010,33,PhD,0.2,93529.08,1,17835.48,4711.72,0,0.558,57771.04,36,0.216,0,629,0
ID_4011,37,Bachelor,0.8,42352.3,0,7284.11,1507.19,0,0.444,24068.92,36,0.199,0,593,0
ID_4012,54,Master,2.8,68187.92,1,18467.94,6773.5,1,0.475,22198.2,36,0.114,3,533,1
ID_4013,23,Bachelor,1.0,145488.53,0,32182.6,5581.12,1,0.235,32616.6,48,0.059,3,515,0
ID_4014,22,Master,2.3,52187.11,0,16419.62,3769.72,2,0.326,31541.02,60,0.127,1,546,0
ID_4015,31,High School,0.7,94469.31,1,14446.41,5382.14,1,0.301,15636.15,24,0.087,1,620,1
ID_4016,51,High School,3.0,124951.01,1,5695.32,10680.3,0,0.053,46833.38,12,0.394,0,707,0
ID_4017,20,Master,1.6,90544.41,0,23707.26,8748.44,0,0.152,45382.42,60,0.105,2,572,0
ID_4018,18,High School,0.0,53723.15,0,2755.94,6096.76,1,0.138,38372.36,60,0.15,1,559,0
ID_4019,33,High School,0.5,74686.44,0,16402.42,4640.69,1,0.158,57006.14,24,0.401,4,433,0
ID_4020,45,Bachelor,2.8,28461.59,0,3993.67,2035.15,1,0.461,38937.15,24,0.718,2,427,0
ID_4021,53,Master,20.4,36679.69,0,7694.94,0.0,0,0.298,13188.34,60,0.076,2,600,0
ID_4022,33,High School,2.0,40041.13,0,14251.15,3336.0,0,0.594,26423.21,24,0.346,1,516,0
ID_4023,34,Master,10.5,166093.48,1,21072.73,0.0,3,0.172,41918.82,24,0.132,0,677,1
ID_4024,52,Bachelor,9.3,36087.71,0,3938.7,0.0,2,0.274,6072.2,24,0.088,1,581,0
ID_4025,18,Bachelor,0.0,35820.0,0,2516.21,3014.61,0,0.258,20089.86,24,0.294,1,529,0
ID_4026,34,Master,7.8,32145.88,0,7671.58,3274.24,1,0.173,1000.0,60,0.007,0,656,0
ID_4027,41,Bachelor,5.4,71675.62,1,7328.18,0.0,2,0.075,61207.69,36,0.299,1,613,0
ID_4028,44,High School,9.7,58180.8,0,0.0,5073.88,0,0.591,32330.2,12,0.583,2,447,0
ID_4029,32,High School,0.4,93281.72,1,10447.87,4185.58,2,0.125,35734.19,60,0.08,0,672,1
ID_4030,39,Bachelor,3.1,75783.04,0,0.0,1394.67,0,0.211,1000.0,36,0.005,0,639,1
ID_4031,18,Bachelor,0.0,27168.27,0,7855.12,3061.82,2,0.088,45016.14,36,0.58,2,454,1
ID_4032,31,Master,7.3,36183.59,1,6366.94,3725.3,1,0.289,30598.88,48,0.222,0,643,1
ID_4033,44,Bachelor,16.4,107222.82,0,8332.24,5252.55,1,0.386,1000.0,36,0.003,1,632,0
ID_4034,27,Bachelor,7.6,48940.03,0,9105.81,3867.25,1,0.131,33221.82,60,0.143,0,645,1
ID_4035,39,Bachelor,10.4,98105.23,0,25573.19,5329.94,0,0.265,7399.14,48,0.02,0,699,1
ID_4036,44,High School,6.1,50269.79,0,0.0,2830.68,0,0.174,26017.5,36,0.181,1,589,1
ID_4037,34,High School,7.1,33395.34,0,5257.7,1314.73,0,0.333,38549.78,36,0.404,1,545,0
ID_4038,41,Master,3.7,46554.07,1,11624.37,4079.73,1,0.298,28508.44,60,0.129,0,666,1
ID_4039,27,High School,9.0,33388.78,1,6582.1,3310.66,0,0.552,1000.0,36,0.01,0,642,0
ID_4040,36,High School,8.7,40832.09,0,997.2,0.0,0,0.371,29761.23,36,0.255,1,545,0
ID_4041,46,Bachelor,9.3,59901.86,1,10961.78,1280.1,0,0.166,40340.24,24,0.354,1,646,0
ID_4042,40,Bachelor,5.6,69968.65,0,5073.25,6174.52,1,0.265,21393.62,36,0.107,1,595,0
ID_4043,31,Master,1.8,24462.69,1,5649.32,1188.26,2,0.172,34283.62,36,0.491,0,588,0
ID_4044,41,High School,0.2,53707.93,0,0.0,0.0,0,0.082,34586.51,36,0.225,2,526,0
ID_4045,47,High School,13.7,40404.33,0,0.0,1933.44,0,0.167,1000.0,12,0.026,3,537,0
ID_4046,18,High School,0.0,39174.94,1,9543.2,2103.71,1,0.348,47506.3,48,0.318,0,591,0
ID_4047,52,Bachelor,1.8,57892.45,0,5500.29,1813.78,1,0.429,14926.5,36,0.09,0,615,1
ID_4048,34,Bachelor,0.8,41141.56,0,0.0,4222.27,1,0.21,11959.28,36,0.102,3,463,0
ID_4049,44,Bachelor,8.8,108127.78,1,15687.76,5983.75,0,0.453,12491.17,24,0.061,0,699,1
ID_4050,53,Master,9.1,98128.29,0,6693.2,6198.56,1,0.267,47148.32,24,0.252,0,655,1
ID_4051,22,Master,4.0,97822.92,1,18507.83,6574.41,0,0.091,51526.45,36,0.184,0,702,1
ID_4052,30,High School,5.2,42300.11,0,12712.78,3001.97,0,0.144,33502.99,24,0.416,2,534,0
ID_4053,35,Bachelor,2.3,33481.58,0,0.0,2453.15,1,0.467,16340.74,48,0.128,1,511,0
ID_4054,29,Bachelor,1.8,56444.6,0,14930.34,5025.5,1,0.209,77364.15,36,0.48,0,590,0
ID_4055,59,Master,0.0,50253.01,1,9599.77,4520.99,0,0.617,24677.31,24,0.258,3,494,0
ID_4056,28,PhD,9.0,39958.17,0,9041.45,3751.04,1,0.353,13253.57,24,0.174,1,565,0
ID_4057,32,High School,0.5,30095.56,0,8460.15,3157.87,0,0.618,43444.07,60,0.303,1,503,0
ID_4058,41,Bachelor,5.0,53063.31,0,1576.41,2309.07,1,0.195,22820.06,36,0.151,1,580,1
ID_4059,24,Bachelor,3.5,44265.69,0,2926.65,2241.74,0,0.246,62629.08,36,0.495,1,525,0
ID_4060,34,High School,3.7,76433.28,0,0.0,5202.28,0,0.361,9765.92,48,0.034,1,569,0
ID_4061,42,High School,13.1,75550.23,0,21939.02,8246.92,3,0.46,21745.88,60,0.06,3,493,0
ID_4062,35,Bachelor,0.2,93938.9,0,8987.79,7534.99,0,0.263,52590.54,24,0.294,1,580,0
ID_4063,37,Bachelor,7.4,28864.05,0,5175.1,3278.12,1,0.518,33786.43,60,0.246,0,572,0
ID_4064,32,High School,0.3,66206.18,1,0.0,3179.63,2,0.237,19666.3,60,0.062,0,619,1
ID_4065,20,Bachelor,0.2,37656.74,0,7894.52,2181.41,1,0.234,8393.73,12,0.234,2,494,0
ID_4066,42,High School,2.8,29430.68,0,7613.09,1817.19,1,0.19,4552.75,36,0.054,0,641,0
ID_4067,60,Bachelor,0.3,43726.03,0,9017.51,3657.62,0,0.287,1694.82,24,0.02,1,626,0
ID_4068,39,High School,7.8,92443.46,0,21578.03,3347.26,2,0.266,42492.32,36,0.161,0,641,0
ID_4069,41,High School,3.8,44974.04,0,4758.89,0.0,0,0.122,39141.2,24,0.457,1,567,1
ID_4070,47,Bachelor,0.1,118507.0,1,12936.09,12666.89,2,0.638,34379.3,36,0.102,2,532,0
ID_4071,23,High School,0.2,71284.86,0,21174.64,7223.57,1,0.109,5109.56,24,0.038,0,656,1
ID_4072,59,Bachelor,4.7,44487.11,1,6207.13,4709.88,1,0.352,19760.88,12,0.466,1,590,1
ID_4073,41,High School,8.2,96763.41,0,0.0,4827.59,0,0.377,30870.32,12,0.335,1,553,0
ID_4074,58,Bachelor,2.9,67690.31,1,16886.14,7615.26,0,0.24,47692.44,36,0.247,2,617,0
ID_4075,30,High School,4.0,33986.56,0,7796.09,4302.27,0,0.494,31498.27,36,0.324,1,528,1
ID_4076,60,Bachelor,8.0,137228.31,1,13125.23,12484.79,1,0.211,27374.38,12,0.209,1,680,1
ID_4077,48,Bachelor,4.7,61681.51,1,0.0,7032.09,1,0.242,8291.01,36,0.047,1,624,0
ID_4078,45,High School,1.3,54687.92,0,10631.96,5549.43,1,0.222,41230.18,12,0.792,1,519,0
ID_4079,41,Bachelor,4.7,35321.02,0,3233.36,2090.24,4,0.534,19989.99,36,0.198,2,434,0
ID_4080,36,High School,4.9,97710.97,1,19329.53,2766.99,3,0.077,1000.0,36,0.004,1,650,0
ID_4081,53,Bachelor,6.6,70167.3,0,9390.98,6733.57,0,0.369,9078.15,60,0.027,1,630,0
ID_4082,40,High School,4.8,74207.4,0,0.0,0.0,0,0.605,37303.83,36,0.176,4,378,0
ID_4083,18,Bachelor,0.0,42034.01,1,4806.45,2492.08,1,0.5,37888.93,60,0.189,2,488,1
ID_4084,25,Bachelor,1.1,82211.48,0,21196.65,5805.87,2,0.56,1000.0,60,0.003,2,493,0
ID_4085,36,Master,15.1,85468.81,1,12443.47,0.0,1,0.072,23352.36,24,0.143,0,719,1
ID_4086,42,Bachelor,3.9,38778.1,1,5626.25,369.05,0,0.446,1733.73,12,0.047,1,606,1
ID_4087,38,Bachelor,5.6,26675.61,0,9806.78,1987.77,1,0.241,32123.95,48,0.316,1,561,0
ID_4088,53,Bachelor,0.5,72452.51,0,15047.3,1736.09,1,0.526,35592.65,36,0.172,0,603,0
ID_4089,18,Master,0.0,24669.59,0,9966.08,2512.55,3,0.228,5668.04,36,0.08,0,569,0
ID_4090,40,Bachelor,7.3,58454.73,1,2281.83,6830.36,1,0.424,25177.86,36,0.151,1,596,0
ID_4091,18,High School,0.0,43320.34,0,13878.89,3681.89,3,0.25,40049.77,24,0.485,1,484,0
ID_4092,48,Master,0.2,99641.36,1,10671.93,8550.13,0,0.39,43425.65,48,0.114,0,682,1
ID_4093,37,Bachelor,4.0,44514.85,0,13669.39,1531.99,2,0.126,9783.48,36,0.077,1,596,0
ID_4094,44,Master,0.5,94243.44,0,20831.25,6350.59,0,0.319,44421.4,36,0.165,2,563,1
ID_4095,28,Master,10.0,41893.89,0,6868.23,4210.34,2,0.271,29642.62,48,0.186,1,561,0
ID_4096,54,High School,11.4,89321.32,1,12554.15,0.0,2,0.206,16117.43,60,0.038,0,710,1
ID_4097,51,Bachelor,0.1,151777.48,0,29754.96,5519.61,1,0.325,23369.98,48,0.04,0,670,1
ID_4098,46,High School,9.8,31760.43,0,0.0,4151.35,1,0.271,39403.88,60,0.261,0,603,1
ID_4099,37,High School,12.6,62693.8,0,15018.76,7117.46,3,0.082,39095.74,36,0.218,2,560,0
ID_4100,45,High School,2.2,214141.27,1,7951.25,7578.91,0,0.161,41335.57,60,0.041,2,643,1
ID_4101,30,Bachelor,6.4,56010.5,0,15359.1,2458.64,1,0.208,12894.6,48,0.06,0,650,0
ID_4102,49,High School,2.9,55876.22,0,7285.6,3569.99,2,0.036,29036.12,36,0.182,0,653,1
ID_4103,58,High School,5.3,80358.2,0,15567.19,2309.51,1,0.184,20683.12,36,0.09,0,685,1
ID_4104,51,Bachelor,2.1,55300.68,1,7064.56,6181.36,2,0.577,28816.43,24,0.274,1,553,0
ID_4105,30,High School,1.9,23072.28,0,3023.47,3959.82,1,0.463,15874.59,12,0.722,2,404,0
ID_4106,43,High School,2.8,95429.56,1,11818.07,7438.33,1,0.498,53573.4,36,0.196,1,596,1
ID_4107,23,High School,0.8,19901.01,0,0.0,1573.57,0,0.092,24674.25,60,0.26,1,540,0
ID_4108,45,Bachelor,8.9,43985.01,0,4098.48,4250.06,0,0.173,22497.41,60,0.107,1,628,1
ID_4109,44,Bachelor,2.1,99082.97,0,26782.08,0.0,1,0.145,32995.6,12,0.35,2,547,0
ID_4110,18,High School,0.0,45330.2,0,5408.42,3087.73,0,0.217,44962.5,60,0.208,2,511,0
ID_4111,25,PhD,7.0,38297.95,0,12223.36,4089.74,0,0.395,25813.2,36,0.236,0,606,0
ID_4112,35,Bachelor,3.4,84089.08,0,14734.74,8192.55,3,0.055,19378.33,24,0.121,0,645,0
ID_4113,35,High School,3.9,35399.13,0,9759.65,0.0,1,0.337,41023.02,60,0.243,2,499,0
ID_4114,24,High School,6.0,29404.03,0,3643.49,3225.34,0,0.269,56348.73,60,0.402,0,583,0
ID_4115,43,Bachelor,10.9,62146.95,0,14422.14,4339.27,1,0.079,50574.9,60,0.171,1,641,1
ID_4116,42,Bachelor,0.9,49441.15,0,10674.24,4012.43,1,0.089,7288.15,36,0.052,0,666,1
ID_4117,36,High School,3.2,29090.4,0,0.0,2748.62,4,0.409,38912.33,24,0.702,1,408,0
ID_4118,29,High School,11.0,74494.18,1,5229.5,4040.25,1,0.102,23738.07,24,0.167,1,647,1
ID_4119,51,Master,2.3,68339.54,0,2853.13,0.0,1,0.151,47927.62,60,0.147,0,638,0
ID_4120,58,High School,2.3,45257.45,1,5066.29,2630.63,0,0.744,58000.6,24,0.673,1,509,0
ID_4121,33,Bachelor,1.1,46832.56,1,3781.65,1774.92,2,0.402,1000.0,36,0.007,0,618,0
ID_4122,31,Master,0.6,68541.62,1,5434.0,6495.71,1,0.057,25243.64,48,0.097,0,685,1
ID_4123,44,Bachelor,6.7,98241.18,1,20716.99,3158.8,0,0.292,16781.58,60,0.036,0,720,1
ID_4124,34,High School,7.3,47032.94,0,4746.35,612.77,1,0.124,12205.65,36,0.091,0,645,1
ID_4125,37,Bachelor,17.4,75157.73,0,11042.98,1932.1,0,0.055,8384.86,36,0.039,1,680,1
ID_4126,47,High School,7.4,71868.99,0,6964.67,1912.2,3,0.384,16956.18,36,0.083,2,516,0
ID_4127,18,Bachelor,0.0,84090.9,1,17317.83,6144.39,1,0.146,19790.13,36,0.082,0,673,1
ID_4128,54,Bachelor,0.2,55251.71,0,5840.88,3872.91,0,0.1,18687.26,48,0.089,0,681,1
ID_4129,39,Master,21.0,34332.14,0,10449.04,1682.96,0,0.177,1000.0,12,0.031,1,663,0
ID_4130,34,PhD,2.1,42991.19,0,0.0,1797.28,0,0.219,27304.8,60,0.133,2,517,0
ID_4131,37,Master,1.9,64307.19,0,11747.36,1739.3,1,0.39,43996.05,24,0.359,3,446,0
ID_4132,38,Master,11.8,134488.26,1,12597.85,7755.77,1,0.207,14959.0,24,0.058,1,679,1
ID_4133,18,Bachelor,0.0,42531.07,0,8751.42,4005.09,0,0.506,1000.0,24,0.012,0,588,0
ID_4134,56,Bachelor,1.2,81015.33,1,10682.43,2769.24,2,0.09,26715.68,24,0.173,0,693,1
ID_4135,39,Bachelor,11.0,45980.46,0,13423.52,1268.23,3,0.418,44092.63,60,0.201,0,587,0
ID_4136,44,Bachelor,25.1,57252.95,0,0.0,1235.9,0,0.126,27825.83,36,0.17,0,688,1
ID_4137,50,Master,0.5,115577.71,0,16106.24,2644.47,0,0.134,11912.37,24,0.054,0,696,1
ID_4138,26,High School,8.0,79391.48,0,21181.75,1532.59,1,0.36,6113.85,24,0.04,0,635,0
ID_4139,44,Master,2.5,29124.95,0,6635.56,4192.94,0,0.208,37708.03,48,0.34,3,488,0
ID_4140,35,Master,3.7,40691.01,1,5229.85,3144.69,0,0.539,20824.62,36,0.179,1,575,0
ID_4141,49,PhD,12.3,101530.11,1,8225.91,1684.39,0,0.538,15655.96,24,0.081,2,594,0
ID_4142,18,Master,0.0,58159.18,0,11799.72,4594.2,0,0.186,14069.96,36,0.085,1,590,0
ID_4143,37,High School,1.5,30502.99,1,8998.3,2743.55,0,0.213,28959.23,36,0.332,1,604,0
ID_4144,31,High School,1.2,35972.99,0,11599.08,2776.87,3,0.336,27104.93,36,0.264,3,421,0
ID_4145,44,High School,0.4,77014.33,1,14281.83,2356.41,0,0.284,25977.57,24,0.177,0,679,1
ID_4146,44,High School,4.1,89072.43,0,9387.53,8131.25,0,0.523,7632.77,36,0.03,3,504,0
ID_4147,30,Bachelor,0.1,54662.2,0,0.0,3973.18,0,0.045,6543.68,48,0.031,3,508,0
ID_4148,30,Master,2.7,186774.43,1,39157.27,9170.77,0,0.453,13287.57,60,0.015,2,604,1
ID_4149,37,Master,0.4,81803.57,0,13805.44,4802.36,1,0.198,30222.02,12,0.388,1,567,0
ID_4150,28,Bachelor,2.6,47966.56,0,6166.26,1571.85,1,0.218,34891.31,36,0.255,1,553,0
ID_4151,49,High School,0.2,36031.43,1,8806.46,4716.7,0,0.475,51398.83,12,1.498,2,395,0
ID_4152,34,High School,9.0,33274.87,0,7824.44,2350.59,3,0.061,9939.71,24,0.157,0,627,0
ID_4153,18,High School,0.0,64068.66,0,13548.62,2663.41,1,0.423,38059.97,36,0.208,1,525,0
ID_4154,34,Bachelor,2.0,42430.02,0,3704.63,3088.97,2,0.398,1000.0,48,0.006,0,588,1
ID_4155,26,Bachelor,8.0,125100.4,1,6143.01,12692.54,0,0.291,31303.06,36,0.088,1,647,1
ID_4156,19,High School,1.0,112775.67,1,27955.06,7162.52,0,0.271,1000.0,60,0.002,1,648,1
ID_4157,24,High School,1.2,74349.58,0,18193.14,4330.24,1,0.284,2942.19,48,0.01,0,633,1
ID_4158,40,High School,0.4,30046.51,0,4195.28,2678.73,1,0.26,38553.7,24,0.674,0,543,0
ID_4159,54,Bachelor,6.3,38711.44,0,0.0,2350.75,0,0.475,27751.79,36,0.251,0,589,0
ID_4160,42,Bachelor,2.5,101502.51,1,23086.36,5659.62,4,0.272,19293.95,36,0.067,2,561,1
ID_4161,31,Bachelor,7.3,40882.89,0,0.0,3732.79,2,0.433,1000.0,48,0.006,2,483,0
ID_4162,44,Bachelor,2.9,94946.69,1,18857.36,10061.24,0,0.169,31643.95,24,0.175,0,717,1
ID_4163,33,PhD,2.1,68686.09,0,4176.91,5410.32,2,0.216,26558.02,24,0.203,0,601,0
ID_4164,30,High School,3.0,55595.58,0,13357.59,2408.21,1,0.254,38021.47,36,0.239,1,566,0
ID_4165,25,Bachelor,6.9,38123.4,0,6173.85,4137.27,0,0.425,1000.0,36,0.009,0,621,1
ID_4166,18,Bachelor,0.0,51682.68,1,15884.77,0.0,0,0.389,36162.11,36,0.245,3,476,0
ID_4167,34,Bachelor,0.3,59565.03,0,3987.92,3760.7,0,0.177,15240.02,24,0.134,1,592,0
ID_4168,40,Master,3.7,90786.82,1,16323.01,1657.67,0,0.608,30240.07,24,0.175,2,547,0
ID_4169,37,Bachelor,0.2,34791.63,1,8574.0,4328.75,0,0.245,23871.12,60,0.144,2,577,0
ID_4170,34,Bachelor,3.2,47505.06,0,13445.84,1858.81,1,0.333,9677.34,36,0.071,2,531,0
ID_4171,27,High School,9.0,55404.25,0,0.0,1957.02,0,0.46,17585.76,36,0.111,1,541,0
ID_4172,46,Bachelor,2.2,75458.58,0,3995.11,4569.42,0,0.101,9212.95,60,0.026,0,685,1
ID_4173,23,High School,5.0,34398.49,0,6748.64,3328.02,0,0.32,15545.8,12,0.475,1,527,0
ID_4174,48,High School,5.0,28049.19,0,3623.95,3684.96,0,0.358,8636.46,36,0.108,0,632,0
ID_4175,26,Bachelor,8.0,75885.63,0,9433.82,3508.06,0,0.139,32228.31,24,0.223,1,610,1
ID_4176,29,Bachelor,7.1,25362.46,0,6803.21,964.36,0,0.396,9522.2,24,0.197,2,508,0
ID_4177,21,High School,0.5,103000.58,0,0.0,8504.1,1,0.417,35039.86,36,0.119,4,384,0
ID_4178,32,Bachelor,1.3,50113.06,0,10222.43,4293.21,0,0.176,83783.65,24,0.878,3,422,1
ID_4179,50,Bachelor,2.5,24990.09,1,5626.23,3968.69,0,0.507,20375.76,48,0.214,0,632,1
ID_4180,45,High School,0.9,42607.68,1,0.0,2804.14,2,0.278,1000.0,36,0.008,1,585,0
ID_4181,50,Bachelor,3.4,65484.05,0,14973.4,2586.41,0,0.412,62872.62,36,0.336,2,529,0
ID_4182,45,Bachelor,3.2,41508.33,1,11604.94,2459.19,0,0.138,31282.03,60,0.158,1,656,1
ID_4183,25,Bachelor,7.0,54721.66,0,13773.09,0.0,0,0.254,22657.17,36,0.145,3,498,0
ID_4184,35,Bachelor,2.8,78436.07,0,12594.74,1919.94,1,0.342,18259.28,36,0.081,2,535,0
ID_4185,29,High School,7.7,48967.14,0,12968.14,5593.84,3,0.562,6078.86,36,0.043,1,526,0
ID_4186,54,Bachelor,14.2,33910.2,0,8394.08,2688.39,0,0.031,18905.82,24,0.293,1,654,0
ID_4187,24,Master,6.0,46653.72,1,5334.55,2906.67,0,0.367,10961.81,24,0.123,1,601,1
ID_4188,49,Bachelor,1.2,109910.32,1,13375.38,9242.27,1,0.272,11127.77,36,0.035,1,657,1
ID_4189,49,High School,3.4,125810.51,1,33741.16,6571.76,0,0.176,35546.0,24,0.148,3,600,0
ID_4190,60,Bachelor,2.1,19732.79,0,3111.43,410.55,3,0.161,42483.06,36,0.754,1,488,0
ID_4191,34,Master,2.6,93481.04,0,9603.79,3639.64,1,0.292,20936.5,36,0.078,1,588,1
ID_4192,47,High School,2.2,61394.4,0,11936.21,0.0,0,0.453,34036.25,12,0.582,1,520,0
ID_4193,66,PhD,8.8,85990.43,1,4567.67,9316.4,0,0.258,62720.71,24,0.383,0,701,1
ID_4194,31,Master,3.0,41140.81,0,10671.35,0.0,0,0.079,9868.09,48,0.063,0,660,1
ID_4195,20,High School,2.0,22378.78,0,5528.0,1919.27,0,0.559,1000.0,24,0.023,0,570,0
ID_4196,18,Master,0.0,72565.46,1,6438.74,1966.57,1,0.26,39990.25,36,0.193,1,578,0
ID_4197,47,Bachelor,0.3,33843.81,0,10377.89,964.04,0,0.08,11792.03,36,0.122,1,622,1
ID_4198,18,Master,0.0,27061.13,0,2668.75,3250.49,0,0.275,15507.05,60,0.12,1,545,0
ID_4199,34,Bachelor,7.4,28023.52,0,8164.37,3102.84,0,0.268,27214.76,24,0.51,2,504,1
ID_4200,44,Bachelor,0.8,73163.86,0,16350.55,1034.1,1,0.345,47304.39,48,0.17,0,620,1
ID_4201,41,Bachelor,4.7,58088.69,0,14491.38,5874.21,0,0.301,27358.57,36,0.165,2,561,0
ID_4202,44,Bachelor,1.4,80116.17,0,16698.74,3385.46,0,0.544,1000.0,12,0.013,1,587,0
ID_4203,41,High School,10.1,75700.32,0,5997.21,2241.47,0,0.233,31448.2,24,0.218,1,612,1
ID_4204,54,Bachelor,2.0,43894.01,0,0.0,1494.49,0,0.704,29167.93,36,0.233,3,411,0
ID_4205,27,High School,2.0,52300.6,1,5200.72,4358.1,2,0.138,9515.79,60,0.038,1,613,0
ID_4206,30,High School,4.6,41951.99,0,1702.14,2345.34,1,0.316,1000.0,12,0.025,0,606,0
ID_4207,29,High School,1.0,48768.32,0,6551.63,0.0,0,0.297,18119.86,24,0.195,0,601,1
ID_4208,48,Bachelor,1.7,33402.05,0,7223.85,1738.85,4,0.252,1000.0,36,0.01,0,597,1
ID_4209,49,High School,2.7,65857.08,1,14367.52,5382.16,0,0.302,1000.0,60,0.003,1,666,1
ID_4210,44,High School,2.2,92740.48,1,11469.74,2039.87,1,0.445,1000.0,36,0.004,0,664,1
ID_4211,53,High School,3.7,36015.1,1,8861.99,1512.05,1,0.27,2453.04,36,0.024,2,596,0
ID_4212,24,High School,4.6,102809.68,1,0.0,3009.08,1,0.551,40824.99,24,0.208,2,486,0
ID_4213,59,Bachelor,4.2,57340.4,1,0.0,5529.43,0,0.285,22285.38,24,0.204,0,668,0
ID_4214,57,PhD,5.3,61116.64,0,12931.17,4899.78,2,0.345,31273.81,12,0.537,1,544,0
ID_4215,47,High School,1.8,23162.39,0,8864.58,0.0,1,0.232,28745.68,60,0.261,2,516,0
ID_4216,60,Master,0.7,21946.63,0,0.0,2811.51,0,0.248,1000.0,60,0.01,0,640,1
ID_4217,19,Bachelor,1.0,58224.31,0,14676.56,6270.95,0,0.271,14854.03,12,0.268,2,518,1
ID_4218,32,Bachelor,9.5,80407.77,0,15129.43,2821.47,0,0.101,20891.88,24,0.136,0,687,1
ID_4219,30,Bachelor,1.5,38727.68,0,7541.5,4887.7,0,0.149,22606.28,12,0.613,0,585,0
ID_4220,47,Master,2.6,124872.31,1,0.0,11488.27,0,0.088,33622.32,36,0.094,0,707,1
ID_4221,26,High School,3.5,78234.66,1,6412.65,0.0,0,0.303,41651.38,60,0.112,1,608,0
ID_4222,48,Bachelor,3.8,34400.6,0,7211.74,3166.04,1,0.131,31656.79,60,0.193,2,557,0
ID_4223,55,Bachelor,5.4,55018.48,1,7887.06,4671.53,1,0.44,56709.98,36,0.361,0,636,1
ID_4224,47,Bachelor,0.2,186925.34,0,22528.4,6700.54,0,0.236,32893.35,60,0.037,0,695,1
ID_4225,42,Master,6.4,29106.54,0,5750.13,2641.0,0,0.305,15380.0,48,0.139,2,546,0
ID_4226,27,High School,0.3,70554.09,0,0.0,2722.85,0,0.404,48113.39,24,0.358,3,413,0
ID_4227,28,Bachelor,3.2,46102.74,0,9117.45,4370.19,0,0.557,3047.84,60,0.014,1,557,1
ID_4228,53,Bachelor,8.8,77145.47,0,10508.72,7163.68,1,0.257,34614.01,36,0.157,2,580,0
ID_4229,48,Bachelor,3.0,102092.73,1,13855.08,2619.7,0,0.193,22297.4,36,0.076,1,675,0
ID_4230,38,High School,0.8,44662.14,1,6418.78,2690.65,1,0.071,9553.0,60,0.045,0,690,1
ID_4231,33,Bachelor,15.0,94793.5,0,17305.18,4209.37,0,0.417,28767.21,36,0.106,1,619,1
ID_4232,18,Master,0.0,164489.45,0,32627.77,15146.67,0,0.178,19861.36,36,0.042,0,675,1
ID_4233,26,Bachelor,7.4,56001.7,0,5642.13,3095.29,4,0.302,1000.0,60,0.004,0,584,0
ID_4234,61,Master,2.7,80213.28,0,16109.82,6699.44,0,0.323,28315.58,12,0.371,0,649,0
ID_4235,23,Bachelor,1.0,40327.13,0,0.0,1841.23,0,0.491,6420.63,36,0.056,1,514,0
ID_4236,41,High School,14.2,54700.58,0,13683.45,5133.55,2,0.477,27204.71,48,0.131,1,576,0
ID_4237,51,High School,3.8,49595.85,0,0.0,3505.04,0,0.244,22711.18,12,0.481,3,456,0
ID_4238,23,High School,5.0,80697.91,0,0.0,2229.86,2,0.524,32749.5,24,0.213,1,480,0
ID_4239,41,Bachelor,2.1,98946.84,1,10250.24,0.0,0,0.333,1000.0,24,0.005,1,640,1
ID_4240,50,High School,2.0,51285.97,0,3374.65,4230.69,2,0.173,7163.82,60,0.029,1,596,1
ID_4241,39,Bachelor,21.0,116635.79,0,0.0,11687.54,0,0.116,26934.02,36,0.081,3,570,0
ID_4242,73,Bachelor,3.7,116427.46,0,7022.4,8791.01,3,0.532,76893.95,24,0.347,3,454,0
ID_4243,18,High School,0.0,82737.39,1,7386.58,6016.89,1,0.123,27498.81,60,0.07,1,622,1
ID_4244,51,High School,1.2,41855.85,1,8599.02,5531.93,0,0.174,17079.39,24,0.214,1,647,0
ID_4245,36,High School,3.3,39898.16,0,6719.75,5111.21,2,0.048,40716.31,36,0.357,1,567,0
ID_4246,48,Bachelor,0.2,36091.38,1,10280.93,2091.05,0,0.526,14396.69,36,0.14,1,592,0
ID_4247,44,High School,3.1,87080.05,0,9487.76,6243.2,1,0.222,32786.73,12,0.395,1,576,0
ID_4248,30,High School,2.7,29558.18,0,11702.11,3798.12,1,0.151,25935.92,48,0.23,1,575,1
ID_4249,41,Master,7.6,75994.7,0,20498.2,5247.64,1,0.13,44295.96,36,0.204,1,627,1
ID_4250,18,Master,0.0,31553.67,0,9745.13,3294.88,0,0.242,36909.2,36,0.409,0,576,0
ID_4251,46,High School,20.2,81778.78,1,20781.21,2770.82,3,0.202,16375.01,24,0.105,1,668,1
ID_4252,42,Bachelor,1.0,54644.82,1,11626.97,4870.63,1,0.11,1000.0,60,0.004,1,662,1
ID_4253,46,Bachelor,4.5,105537.25,0,0.0,5162.32,0,0.193,5754.39,24,0.029,1,616,0
ID_4254,51,Bachelor,0.5,95867.98,0,14665.78,2764.96,0,0.224,30335.21,24,0.166,1,622,1
ID_4255,43,Bachelor,6.6,111027.45,0,15879.41,10496.61,1,0.173,24067.87,36,0.076,0,687,1
ID_4256,40,High School,22.0,112466.35,0,0.0,8537.01,2,0.452,25491.1,24,0.119,0,622,1
ID_4257,28,Bachelor,8.6,58210.17,1,10449.47,2566.97,1,0.409,29574.83,24,0.267,2,539,0
ID_4258,30,Bachelor,4.1,30351.57,1,5360.14,2616.8,0,0.467,10260.66,36,0.118,1,584,0
ID_4259,53,High School,3.3,32007.91,0,0.0,1914.42,0,0.333,23119.69,60,0.152,1,565,0
ID_4260,56,Bachelor,9.0,19083.43,0,4401.28,1146.36,1,0.2,24819.99,60,0.273,0,633,0
ID_4261,36,Bachelor,13.7,31513.37,0,10665.1,2278.88,0,0.266,1000.0,24,0.017,0,675,1
ID_4262,39,High School,21.0,56073.12,0,4259.69,2758.01,0,0.226,13988.81,36,0.087,1,647,1
ID_4263,28,High School,2.5,40952.7,1,10552.94,2479.23,1,0.461,32045.7,48,0.205,1,564,0
ID_4264,53,Bachelor,23.5,49510.11,0,7705.06,5269.92,0,0.232,37581.54,24,0.399,4,505,0
ID_4265,46,High School,0.8,69310.92,1,17931.77,2462.05,0,0.332,10459.97,12,0.158,3,544,0
ID_4266,62,Bachelor,1.5,46535.34,1,3487.8,1057.94,0,0.516,33989.72,60,0.153,1,601,1
ID_4267,28,High School,0.5,30917.75,0,8842.14,4653.87,1,0.201,13939.95,24,0.237,1,557,0
ID_4268,34,High School,1.6,52753.38,0,4912.68,5472.33,1,0.568,9176.46,36,0.061,2,488,0
ID_4269,41,Bachelor,7.3,34570.46,1,2389.73,453.73,1,0.253,59383.25,24,0.902,2,470,0
ID_4270,46,Bachelor,9.6,47316.14,0,7017.41,2324.47,1,0.279,17528.8,12,0.389,1,570,0
ID_4271,36,Master,7.5,106020.58,0,14054.47,9288.37,0,0.233,1000.0,36,0.003,0,692,0
ID_4272,28,Bachelor,5.0,47322.79,1,0.0,3488.9,2,0.182,17115.37,36,0.127,0,623,0
ID_4273,49,High School,3.6,131331.35,0,10290.16,10544.24,1,0.258,20207.39,48,0.04,0,675,0
ID_4274,47,Bachelor,6.2,110837.23,0,15855.38,6801.65,2,0.684,41429.02,60,0.078,1,551,0
ID_4275,28,Bachelor,2.5,40552.28,0,6784.37,4180.0,3,0.26,18538.17,24,0.24,0,567,1
ID_4276,55,High School,9.2,31083.68,1,0.0,3279.21,1,0.136,31811.16,24,0.537,1,588,1
ID_4277,53,Master,5.7,52771.31,0,2354.71,838.34,2,0.063,44130.31,60,0.176,0,643,0
ID_4278,40,High School,6.0,96438.8,0,10807.77,4388.85,0,0.034,14498.0,36,0.053,1,664,1
ID_4279,39,PhD,3.8,42400.04,1,8362.98,4337.06,0,0.346,30236.46,60,0.15,0,665,1
ID_4280,45,Master,10.8,85309.85,1,20407.3,3164.88,0,0.08,23866.74,36,0.098,0,754,1
ID_4281,28,Bachelor,1.5,99133.23,1,25983.62,2083.57,1,0.237,29054.44,36,0.103,0,674,1
ID_4282,39,Master,2.4,36790.21,1,10365.2,1168.85,1,0.133,26816.68,48,0.191,2,578,0
ID_4283,18,Bachelor,0.0,38637.34,0,5784.86,3986.06,3,0.431,27630.53,12,0.751,4,300,0
ID_4284,49,High School,3.4,77368.19,0,19305.61,5770.42,1,0.404,19860.26,36,0.09,2,553,0
ID_4285,20,Bachelor,2.0,58449.81,0,12217.05,888.06,1,0.332,25452.95,36,0.152,0,591,0
ID_4286,57,High School,2.1,38444.44,0,0.0,3897.12,2,0.203,20089.52,12,0.549,3,425,0
ID_4287,35,Bachelor,2.3,45429.17,0,8819.13,3615.81,1,0.295,66961.79,36,0.516,0,570,0
ID_4288,36,Bachelor,11.0,52299.4,0,14793.2,5238.77,0,0.355,35892.95,36,0.24,1,597,0
ID_4289,31,Bachelor,3.1,24774.56,0,0.0,3971.79,2,0.279,25041.27,12,1.061,5,300,1
ID_4290,35,High School,3.6,79445.1,1,17550.12,8790.62,1,0.314,18917.57,12,0.25,0,658,0
ID_4291,56,Bachelor,2.0,42644.51,0,5942.25,6008.2,1,0.194,42616.5,36,0.35,1,582,0
ID_4292,18,Master,0.0,15000.0,0,5132.18,1869.11,1,0.084,10324.2,24,0.361,1,528,0
ID_4293,54,High School,5.3,53533.59,1,10133.96,2876.76,0,0.212,1899.06,36,0.012,0,726,1
ID_4294,43,Bachelor,0.6,37392.09,1,5195.21,1247.23,0,0.417,1000.0,12,0.028,0,653,0
ID_4295,24,High School,6.0,126047.12,1,26655.0,8519.57,0,0.148,48354.85,24,0.201,0,708,1
ID_4296,26,Bachelor,7.6,40427.98,0,11196.1,858.44,0,0.182,47419.92,24,0.616,1,543,0
ID_4297,59,High School,1.1,31293.9,1,10053.0,3382.93,2,0.227,27876.91,12,0.935,5,348,0
ID_4298,27,Bachelor,5.9,69840.29,1,7136.61,1110.58,1,0.356,14915.23,48,0.056,1,604,0
ID_4299,25,High School,4.6,38939.96,1,10743.13,2441.67,0,0.195,15109.04,60,0.081,0,680,0
ID_4300,52,High School,1.0,36690.45,0,6691.93,1478.15,0,0.126,61757.18,36,0.589,2,519,0
ID_4301,43,Master,1.6,69895.09,0,4789.76,6651.53,1,0.511,23365.58,60,0.07,1,556,0
ID_4302,27,High School,2.6,32201.44,0,8733.32,2065.96,0,0.232,31174.81,24,0.508,0,580,0
ID_4303,41,Bachelor,6.0,26143.69,0,0.0,2964.9,0,0.424,17080.43,36,0.229,3,445,0
ID_4304,26,High School,5.1,128411.98,0,3447.91,3260.72,0,0.266,26627.51,24,0.109,0,638,1
ID_4305,52,Bachelor,3.8,72384.64,1,12164.51,6384.21,1,0.27,31801.44,60,0.092,0,697,0
ID_4306,51,Bachelor,7.3,47472.0,0,10512.12,3085.64,2,0.328,57512.62,12,1.272,1,448,0
ID_4307,45,High School,7.1,54082.25,1,7452.02,2591.11,2,0.204,23435.01,36,0.152,0,670,1
ID_4308,43,High School,4.8,69768.1,0,0.0,8461.0,1,0.3,34300.02,24,0.258,2,507,0
ID_4309,60,Bachelor,7.7,88138.85,0,24504.01,4184.76,1,0.446,18568.49,12,0.221,2,558,0
ID_4310,38,Bachelor,2.0,37123.76,1,4730.88,2119.95,1,0.15,28351.51,48,0.2,0,656,1
ID_4311,24,Bachelor,6.0,65060.52,1,5560.92,5374.85,0,0.26,31153.84,12,0.503,1,580,0
ID_4312,44,Bachelor,4.8,42051.4,1,14085.92,4901.29,0,0.273,21318.76,12,0.532,1,600,1
ID_4313,64,Bachelor,8.6,49291.62,1,7707.48,6534.52,0,0.438,29264.14,60,0.125,1,654,1
ID_4314,26,High School,4.0,58708.89,0,0.0,4908.77,0,0.232,12233.62,24,0.109,0,612,1
ID_4315,34,High School,1.2,53995.76,0,6259.08,5135.55,0,0.325,34048.91,60,0.132,5,398,0
ID_4316,43,High School,3.9,78259.34,1,15734.38,3490.17,1,0.227,26001.28,60,0.07,2,606,0
ID_4317,38,High School,2.3,69116.12,0,0.0,6226.53,0,0.062,15056.84,48,0.057,1,612,1
ID_4318,27,High School,6.0,25486.79,0,9349.56,2074.2,0,0.468,22886.56,24,0.471,3,421,0
ID_4319,52,Bachelor,3.2,27476.56,0,7051.95,1586.54,1,0.351,48534.57,24,0.927,6,300,0
ID_4320,66,Bachelor,9.0,45032.59,0,0.0,4864.04,1,0.241,23118.21,24,0.27,2,543,0
ID_4321,41,Master,5.7,135173.26,0,34615.87,3789.62,0,0.311,32696.98,36,0.085,0,682,1
ID_4322,28,High School,5.8,35390.69,0,13553.39,0.0,1,0.125,32644.15,24,0.484,1,547,1
ID_4323,20,Bachelor,1.2,48819.67,0,3487.6,2735.56,1,0.201,35436.32,12,0.762,3,388,0
ID_4324,42,Master,20.8,41432.75,1,10185.33,2849.28,0,0.456,5116.9,36,0.043,1,662,1
ID_4325,52,Bachelor,9.2,41067.72,0,7182.95,2615.28,4,0.214,6366.52,36,0.054,1,580,0
ID_4326,44,High School,7.8,59226.23,0,10152.93,1559.84,0,0.125,11530.52,36,0.068,1,645,1
ID_4327,38,High School,2.0,109140.21,0,13695.01,1648.7,1,0.078,35923.96,36,0.115,1,622,0
ID_4328,31,High School,3.8,68049.06,0,8009.69,0.0,0,0.074,29715.18,36,0.153,0,655,1
ID_4329,25,High School,0.7,36251.44,1,4643.6,1854.48,0,0.391,28811.16,24,0.417,3,454,1
ID_4330,49,Bachelor,3.9,214617.95,1,34660.31,5416.62,0,0.371,22823.84,60,0.022,0,729,1
ID_4331,49,High School,0.8,56347.13,0,10048.88,5071.78,1,0.48,1154.93,60,0.004,0,623,0
ID_4332,20,High School,2.0,40594.57,0,4164.51,0.0,0,0.131,14193.17,36,0.122,0,619,1
ID_4333,58,Bachelor,5.2,109759.64,0,16595.32,7196.47,4,0.067,28801.01,12,0.276,2,556,0
ID_4334,45,Bachelor,2.5,42850.16,1,0.0,4015.94,1,0.1,21931.57,60,0.107,1,621,1
ID_4335,55,Bachelor,3.5,124424.8,0,0.0,9390.14,2,0.259,28216.03,48,0.06,1,586,1
ID_4336,22,Bachelor,4.0,35055.18,0,5635.47,1544.45,0,0.511,1000.0,12,0.03,2,498,0
ID_4337,22,Bachelor,0.6,110748.28,0,29370.79,11362.62,0,0.149,24762.31,36,0.078,0,673,1
ID_4338,37,High School,7.8,59905.51,1,0.0,6933.36,0,0.658,1000.0,36,0.006,1,575,1
ID_4339,45,Bachelor,0.9,103313.79,1,5728.22,2699.47,2,0.068,1528.76,24,0.008,0,698,1
ID_4340,60,Bachelor,0.2,140208.08,0,0.0,11356.11,0,0.251,7516.22,48,0.014,1,624,1
ID_4341,47,Master,1.0,30751.57,0,0.0,1433.4,3,0.089,1000.0,36,0.011,1,559,1
ID_4342,36,High School,7.2,102527.46,1,22894.55,2602.25,0,0.059,10571.71,60,0.022,2,659,0
ID_4343,26,Bachelor,2.6,26783.68,1,7541.73,0.0,2,0.111,29984.08,12,1.175,0,511,0
ID_4344,53,High School,10.3,32093.47,0,0.0,3182.88,1,0.173,45990.82,60,0.301,0,621,0
ID_4345,27,Bachelor,3.7,36253.65,0,5942.13,2996.7,1,0.239,15361.29,12,0.445,0,573,1
ID_4346,58,High School,0.1,69690.43,1,12556.72,4631.46,4,0.3,13179.2,12,0.199,2,541,0
ID_4347,35,High School,6.3,55078.13,1,7771.8,3482.47,2,0.189,22835.06,36,0.145,0,661,1
ID_4348,58,Master,0.6,49832.96,0,14285.47,3264.22,2,0.055,20174.87,36,0.142,0,666,1
ID_4349,47,Bachelor,7.8,58286.03,0,9947.74,2058.58,1,0.082,6767.0,24,0.061,1,642,0
ID_4350,37,Bachelor,0.9,72812.64,0,2213.87,8204.13,3,0.054,34748.96,60,0.1,0,621,1
ID_4351,32,High School,2.1,75669.02,0,16047.54,6229.5,1,0.226,19702.61,60,0.055,0,649,0
ID_4352,34,High School,7.2,93627.87,0,9918.59,5694.65,2,0.355,13137.63,24,0.074,3,489,0
ID_4353,44,Bachelor,15.4,134593.9,0,34476.02,8021.11,1,0.219,14761.71,36,0.038,1,673,0
ID_4354,39,Master,2.3,53600.78,0,7679.0,5388.94,1,0.282,67323.2,48,0.33,2,512,0
ID_4355,31,PhD,8.8,41750.03,0,8566.95,4086.6,1,0.17,38945.53,60,0.196,0,638,0
ID_4356,37,Bachelor,1.1,73627.07,1,5763.74,2258.78,1,0.204,18889.06,48,0.067,0,671,1
ID_4357,39,Bachelor,8.2,30573.0,0,4384.53,2735.24,0,0.192,1000.0,24,0.017,0,666,1
ID_4358,18,Master,0.0,38586.12,0,10493.46,2189.3,1,0.563,1000.0,48,0.007,2,473,0
ID_4359,44,Bachelor,1.1,89294.08,0,16097.71,9814.88,0,0.389,26556.83,36,0.104,0,650,0
ID_4360,27,Bachelor,1.8,50916.17,0,13783.63,2855.29,1,0.141,19767.35,36,0.136,0,634,0
ID_4361,25,High School,0.7,29611.08,0,7139.78,0.0,1,0.069,4262.13,60,0.03,0,629,1
ID_4362,18,Bachelor,0.0,25721.91,1,8502.18,2967.49,2,0.1,22624.55,36,0.308,0,610,1
ID_4363,18,Bachelor,0.0,55512.21,1,17662.3,1996.72,1,0.068,11595.42,60,0.044,0,678,1
ID_4364,22,Master,4.0,95889.16,1,12738.75,6503.97,1,0.283,13458.84,48,0.037,1,626,0
ID_4365,30,Bachelor,12.0,95251.2,0,14724.34,3417.23,0,0.428,21880.25,12,0.241,1,587,0
ID_4366,62,High School,0.1,57264.73,0,15817.87,0.0,2,0.276,6709.86,24,0.062,1,594,0
ID_4367,32,Bachelor,3.9,147924.12,0,0.0,3190.84,0,0.345,1000.0,36,0.002,1,580,0
ID_4368,41,Master,4.3,51410.09,0,15713.88,2563.16,2,0.475,1000.0,36,0.007,0,608,0
ID_4369,43,High School,12.3,50549.9,0,10907.46,2436.43,1,0.466,17709.09,60,0.074,0,634,1
ID_4370,40,High School,3.5,15007.15,0,5584.83,1440.73,0,0.135,1000.0,36,0.023,0,656,0
ID_4371,38,High School,3.9,43317.78,1,1615.65,1603.05,2,0.106,64423.87,60,0.312,2,539,0
ID_4372,24,Bachelor,3.2,82951.18,1,19735.05,1635.57,0,0.031,41802.79,24,0.265,0,693,0
ID_4373,56,Bachelor,1.6,118418.55,1,13447.09,11067.05,0,0.152,37956.38,60,0.067,0,743,1
ID_4374,60,Bachelor,0.3,35770.64,0,10470.95,3332.9,0,0.323,9067.81,36,0.089,2,566,0
ID_4375,18,High School,0.0,68263.2,1,10363.71,4888.34,3,0.463,9731.3,24,0.075,1,541,0
ID_4376,26,Master,0.3,91440.11,1,11674.68,4516.49,1,0.184,1000.0,36,0.004,2,591,0
ID_4377,35,High School,4.0,54480.82,0,14610.79,4822.3,2,0.351,58091.12,60,0.224,1,551,0
ID_4378,27,High School,1.8,17298.24,0,4110.35,1437.59,0,0.391,49181.03,60,0.597,3,392,0
ID_4379,45,Bachelor,3.8,61306.74,0,20052.08,7061.52,0,0.256,37101.78,12,0.635,1,565,0
ID_4380,30,Bachelor,0.7,79277.95,0,0.0,8330.64,1,0.307,22821.03,36,0.101,2,500,0
ID_4381,64,High School,13.5,33734.91,1,7667.61,3696.38,1,0.126,18012.09,60,0.112,0,737,1
ID_4382,53,High School,11.2,47711.26,1,12159.81,2293.76,1,0.192,34106.46,12,0.751,2,549,0
ID_4383,41,High School,1.1,30401.64,1,5776.29,734.25,1,0.128,53759.24,60,0.371,1,591,0
ID_4384,51,Bachelor,2.1,15000.0,1,726.25,2587.44,0,0.14,36570.87,36,0.853,4,405,0
ID_4385,52,Bachelor,4.8,90535.94,0,0.0,7132.31,0,0.05,4967.8,24,0.029,1,645,0
ID_4386,32,Bachelor,0.5,54074.92,0,13231.98,2678.21,1,0.154,11205.31,36,0.073,0,642,0
ID_4387,29,Bachelor,2.2,120431.63,1,18039.94,2589.1,0,0.517,33423.61,60,0.058,1,609,1
ID_4388,39,Bachelor,1.4,83171.59,1,24209.09,6531.21,2,0.458,9453.88,60,0.024,1,606,0
ID_4389,49,High School,12.4,45383.1,0,4311.13,5355.2,2,0.342,16522.97,24,0.191,0,623,1
ID_4390,40,PhD,9.6,51969.36,1,17404.41,0.0,2,0.628,52188.15,36,0.351,3,449,0
ID_4391,20,Master,2.0,71904.11,1,12971.62,1432.12,0,0.11,19345.68,60,0.057,0,691,0
ID_4392,29,High School,3.7,87854.89,0,0.0,4270.0,0,0.258,1000.0,60,0.002,0,629,1
ID_4393,38,High School,13.3,63661.5,0,11377.98,2637.1,1,0.229,76943.48,36,0.423,0,628,0
ID_4394,38,High School,13.5,94164.32,0,25716.43,10600.7,1,0.142,44578.02,60,0.099,1,658,0
ID_4395,62,High School,17.4,46707.76,0,8362.01,2769.26,2,0.136,23854.21,24,0.268,2,587,0
ID_4396,22,Bachelor,0.7,32906.59,1,6621.18,2616.83,2,0.246,24869.25,36,0.265,2,509,0
ID_4397,45,Bachelor,0.9,52448.94,0,2770.61,2186.31,0,0.131,1000.0,36,0.007,1,621,1
ID_4398,56,Bachelor,5.6,60029.56,1,12273.52,2786.58,4,0.257,17926.72,48,0.078,2,568,1
ID_4399,66,Bachelor,3.9,29709.8,0,0.0,3928.81,0,0.596,11605.41,24,0.205,3,449,0
ID_4400,34,Bachelor,0.1,27767.98,0,1629.89,3621.46,2,0.59,26759.38,36,0.337,2,413,0
ID_4401,44,Bachelor,0.3,67757.68,1,14742.12,2649.28,1,0.503,54298.27,36,0.28,1,573,0
ID_4402,45,High School,10.9,44215.1,1,4863.63,3219.33,1,0.02,32922.04,12,0.782,2,550,1
ID_4403,41,High School,10.2,49865.25,1,13804.78,3209.53,1,0.156,61545.49,36,0.432,1,624,1
ID_4404,37,Bachelor,2.2,45258.86,1,11975.04,4960.8,2,0.095,1000.0,24,0.012,0,688,1
ID_4405,44,High School,11.1,115878.84,1,15783.16,8914.18,1,0.456,1000.0,60,0.002,0,700,0
ID_4406,18,High School,0.0,101811.73,0,4965.82,2876.09,2,0.325,47356.86,60,0.098,1,533,0
ID_4407,47,Master,8.2,29182.46,0,8896.5,0.0,0,0.273,26872.66,24,0.483,3,472,0
ID_4408,40,Bachelor,2.8,41506.42,0,1681.23,5095.72,2,0.313,33411.54,60,0.169,4,405,0
ID_4409,36,High School,0.6,82867.82,1,12540.36,8525.47,4,0.247,24515.66,60,0.062,1,591,0
ID_4410,63,Bachelor,2.8,73201.28,1,7958.83,4665.33,1,0.453,28513.05,60,0.082,1,630,1
ID_4411,30,Bachelor,3.1,53064.9,1,9062.07,7081.53,3,0.055,37382.52,24,0.37,1,586,1
ID_4412,34,High School,4.0,30674.9,1,3023.66,0.0,0,0.5,29550.17,36,0.337,1,543,0
ID_4413,62,High School,0.6,38512.19,0,1986.91,3399.17,2,0.123,14716.14,24,0.201,2,539,0
ID_4414,29,Master,11.0,41840.34,1,3158.41,3975.96,0,0.245,66943.58,36,0.56,2,535,0
ID_4415,32,High School,1.4,62224.07,0,12276.78,0.0,1,0.308,26698.06,60,0.09,0,612,0
ID_4416,37,High School,1.1,126989.99,0,0.0,13375.48,1,0.319,21409.57,12,0.177,2,508,0
ID_4417,49,Bachelor,3.7,38428.7,0,7475.63,0.0,1,0.048,18781.27,36,0.171,1,610,1
ID_4418,41,Bachelor,3.9,32434.64,0,9685.84,3145.42,1,0.198,31135.9,36,0.336,0,614,1
ID_4419,23,High School,2.9,51313.38,0,15840.21,3128.01,0,0.047,20633.74,24,0.211,3,519,0
ID_4420,32,High School,7.4,90750.52,0,10375.47,4226.43,3,0.08,1000.0,24,0.006,0,655,0
ID_4421,31,High School,3.6,26279.87,0,6309.81,1904.88,0,0.156,20425.47,36,0.272,1,576,0
ID_4422,38,PhD,4.7,112063.07,1,0.0,7032.35,1,0.26,5502.23,60,0.01,0,667,0
ID_4423,44,High School,6.4,49711.14,0,5007.81,3130.07,2,0.364,29814.96,36,0.21,1,552,0
ID_4424,44,Bachelor,0.1,37527.9,1,3947.82,0.0,2,0.202,24458.77,12,0.684,3,433,0
ID_4425,18,Master,0.0,24340.71,0,5688.82,1166.22,1,0.047,13051.59,24,0.282,2,502,0
ID_4426,51,High School,10.8,77130.99,1,16296.73,7598.04,1,0.419,41938.89,60,0.114,0,694,1
ID_4427,42,PhD,0.1,49732.52,1,4985.08,1731.8,1,0.271,23729.54,36,0.167,0,645,1
ID_4428,55,Master,2.6,59003.54,1,0.0,3454.08,0,0.341,18215.73,12,0.324,0,634,1
ID_4429,44,Master,13.0,34530.36,1,10935.77,2498.1,0,0.21,18482.09,36,0.187,1,662,1
ID_4430,52,High School,2.2,46186.92,0,0.0,4660.78,1,0.441,18079.59,24,0.206,2,487,0
ID_4431,44,Bachelor,3.1,42476.63,0,2911.56,3480.05,1,0.091,34123.42,60,0.169,3,507,0
ID_4432,55,Bachelor,20.0,51518.87,0,5784.49,0.0,1,0.431,10970.45,24,0.112,0,653,1
ID_4433,45,PhD,1.1,38763.09,0,6157.2,3118.09,1,0.38,26265.32,12,0.711,5,311,1
ID_4434,37,High School,0.3,25157.45,1,6292.66,3163.71,1,0.147,15927.22,36,0.222,1,604,0
ID_4435,66,Bachelor,9.8,211980.56,1,45658.59,11199.54,0,0.177,13425.1,48,0.017,0,801,1
ID_4436,49,High School,10.1,27399.99,0,7833.72,3718.86,2,0.553,33506.93,24,0.642,2,441,0
ID_4437,45,High School,3.2,59321.64,0,7125.48,5662.48,2,0.28,8168.99,36,0.048,1,586,0
ID_4438,23,Bachelor,3.6,22336.69,0,5679.51,2849.46,0,0.435,34374.37,36,0.539,1,491,0
ID_4439,23,Bachelor,5.0,19959.82,0,2919.0,2046.75,1,0.288,30574.0,48,0.402,0,553,0
ID_4440,42,Bachelor,6.7,56892.18,1,9486.11,1775.02,1,0.594,48891.79,24,0.451,0,588,0
ID_4441,40,Bachelor,1.5,59111.68,0,0.0,5084.85,0,0.661,1000.0,12,0.018,0,569,0
ID_4442,31,PhD,0.1,101798.38,1,14075.88,9606.97,0,0.599,43342.76,36,0.149,1,585,1
ID_4443,40,Bachelor,3.3,66156.17,0,0.0,8302.68,0,0.499,19554.5,60,0.062,1,552,0
ID_4444,58,Bachelor,9.8,50266.53,1,16378.08,4091.25,1,0.204,1000.0,36,0.007,1,691,1
ID_4445,47,Bachelor,11.3,33698.21,0,9133.66,3707.71,0,0.173,13137.7,36,0.136,1,638,1
ID_4446,25,Bachelor,7.0,114634.72,0,9361.26,5607.93,0,0.099,34214.17,48,0.078,0,682,1
ID_4447,37,Bachelor,10.6,86200.01,0,0.0,7173.8,0,0.091,23453.41,36,0.095,4,492,0
ID_4448,29,Master,4.3,29051.79,0,2516.88,2185.81,0,0.075,49260.37,36,0.593,1,541,1
ID_4449,34,Bachelor,2.9,55214.55,0,11361.48,5987.99,1,0.203,18909.91,60,0.072,1,601,1
ID_4450,34,Bachelor,7.5,58222.44,0,14374.25,1307.62,1,0.307,24397.97,36,0.147,0,629,0
ID_4451,33,High School,6.7,45577.67,1,11583.75,1717.27,0,0.179,21671.6,24,0.25,3,543,0
ID_4452,23,High School,3.9,79692.06,0,15967.02,6761.71,1,0.158,6612.87,12,0.087,0,650,0
ID_4453,37,Bachelor,0.5,82114.23,0,17631.06,7955.81,0,0.073,24483.17,48,0.078,0,689,1
ID_4454,32,High School,13.0,49254.56,0,0.0,3748.78,1,0.09,21054.63,36,0.15,2,549,1
ID_4455,18,High School,0.0,47078.2,0,3779.25,3619.25,0,0.678,26576.9,36,0.198,4,351,0
ID_4456,63,Bachelor,2.3,114631.65,1,26251.25,10426.34,1,0.178,26067.82,60,0.048,0,744,1
ID_4457,52,High School,5.0,86372.05,1,16178.88,4698.21,0,0.111,25030.57,36,0.101,2,652,1
ID_4458,34,High School,5.6,56172.37,0,8221.32,1345.22,1,0.2,26736.41,12,0.5,3,456,0
ID_4459,39,Bachelor,1.2,23990.07,0,8725.27,3227.3,0,0.108,44791.55,36,0.653,0,591,0
ID_4460,24,Bachelor,6.0,64344.07,0,0.0,6976.85,0,0.261,7401.14,24,0.06,2,529,0
ID_4461,59,Master,1.7,76806.28,0,12496.4,4674.8,1,0.239,11970.23,36,0.055,1,629,1
ID_4462,61,Bachelor,1.0,15000.0,0,7546.15,0.0,1,0.38,50502.97,24,1.768,4,300,0
ID_4463,40,Bachelor,2.6,61447.27,0,5885.39,6584.31,0,0.14,47871.96,36,0.273,0,647,0
ID_4464,51,Master,6.6,43987.2,0,6059.44,3908.71,0,0.332,29661.91,60,0.142,0,650,1
ID_4465,41,Bachelor,16.8,48512.31,1,5118.97,852.57,1,0.168,61434.6,12,1.33,2,469,0
ID_4466,22,High School,4.0,34417.12,0,4996.3,1696.25,0,0.69,33798.02,24,0.516,5,300,0
ID_4467,34,High School,14.1,50307.29,0,8413.21,0.0,0,0.732,58730.23,36,0.409,1,507,0
ID_4468,40,Bachelor,0.8,108661.82,0,8414.92,2738.22,0,0.294,51275.39,48,0.124,0,644,1
ID_4469,33,Bachelor,0.4,43338.68,0,8231.9,3249.73,1,0.243,54295.67,36,0.438,0,578,0
ID_4470,36,Bachelor,4.1,87797.37,1,7663.95,6335.08,0,0.213,4326.57,24,0.026,1,662,1
ID_4471,37,Bachelor,1.7,36200.72,0,2827.44,1421.32,2,0.068,37028.03,24,0.537,1,523,0
ID_4472,38,Bachelor,8.8,79172.01,1,0.0,3393.23,2,0.471,23501.43,60,0.062,2,525,0
ID_4473,39,PhD,5.6,54221.24,0,0.0,3292.29,3,0.352,1000.0,60,0.004,3,443,0
ID_4474,26,Bachelor,8.0,64602.76,0,6577.55,2759.84,2,0.71,49050.01,60,0.159,0,539,0
ID_4475,30,High School,1.5,54370.48,0,0.0,4995.84,3,0.106,46497.98,36,0.299,3,426,1
ID_4476,23,Master,3.3,74668.43,0,9826.72,4258.95,2,0.151,22385.12,36,0.105,2,533,0
ID_4477,50,High School,3.5,15006.03,0,4833.25,906.99,0,0.449,13880.87,24,0.486,2,472,0
ID_4478,18,Bachelor,0.0,26637.82,0,0.0,2231.57,0,0.312,26044.44,36,0.342,5,314,0
ID_4479,52,PhD,4.5,66738.7,0,18276.77,2358.23,0,0.463,1000.0,60,0.003,0,659,0
ID_4480,55,Bachelor,2.9,19501.19,0,1421.06,958.92,1,0.061,1000.0,24,0.027,2,566,0
ID_4481,35,Bachelor,3.0,41552.37,1,9647.64,0.0,1,0.395,19608.31,24,0.248,1,569,0
ID_4482,18,Bachelor,0.0,52724.19,1,6745.37,854.78,2,0.205,36080.23,48,0.18,0,611,0
ID_4483,34,Bachelor,0.1,35808.12,0,6969.98,2609.4,3,0.132,21663.33,36,0.212,0,587,0
ID_4484,38,Bachelor,3.7,38338.86,0,7689.33,3724.89,0,0.574,14995.27,60,0.082,2,509,0
ID_4485,26,Bachelor,2.0,62055.91,0,17946.53,3127.54,1,0.335,10098.73,48,0.043,1,576,0
ID_4486,32,Bachelor,0.0,89737.81,1,10335.03,3879.6,1,0.308,68893.88,36,0.269,1,590,0
ID_4487,57,Bachelor,1.8,33549.44,0,10735.07,4278.62,1,0.413,5669.73,24,0.089,0,628,1
ID_4488,46,High School,1.6,40638.49,0,10872.44,4819.11,1,0.082,1000.0,48,0.006,0,677,1
ID_4489,27,Bachelor,2.5,37585.35,0,0.0,5155.16,2,0.21,14637.68,60,0.082,3,446,0
ID_4490,19,Bachelor,0.7,16144.1,0,4365.23,2357.35,2,0.114,34321.37,24,1.116,2,376,0
ID_4491,35,Bachelor,3.5,58154.35,0,8104.25,5881.81,0,0.104,26946.86,36,0.162,2,574,0
ID_4492,36,Bachelor,5.9,86453.23,0,5578.47,8661.65,0,0.265,11482.78,36,0.046,1,619,1
ID_4493,44,Bachelor,5.0,90068.12,1,9306.04,4369.24,1,0.375,28461.64,36,0.111,5,445,0
ID_4494,32,Bachelor,8.1,35053.01,0,3856.03,3388.91,1,0.211,44962.56,12,1.347,2,391,0
ID_4495,45,Bachelor,3.0,28973.91,1,3487.45,634.25,1,0.883,28673.05,36,0.346,2,439,0
ID_4496,62,Master,3.7,54764.79,0,10384.18,3236.87,4,0.349,27769.61,36,0.177,1,552,0
ID_4497,48,High School,8.3,82013.31,1,9404.42,3388.79,0,0.478,27829.54,24,0.178,0,672,1
ID_4498,38,PhD,2.8,58537.64,0,12649.04,2079.48,1,0.101,11575.33,36,0.069,0,663,1
ID_4499,36,High School,6.0,62608.25,1,5155.41,1674.12,3,0.082,33089.69,24,0.277,1,596,0
ID_4500,34,High School,2.9,95886.02,0,26351.35,4420.0,1,0.398,43753.68,24,0.24,2,522,1
ID_4501,53,Master,2.7,37437.63,1,5344.48,3438.14,1,0.139,49340.15,60,0.277,3,537,0
ID_4502,31,High School,7.1,48533.76,0,11465.03,3676.09,0,0.298,32734.3,36,0.236,3,495,0
ID_4503,39,Bachelor,1.0,122676.09,0,25056.8,5155.0,0,0.495,25264.5,36,0.072,1,593,1
ID_4504,39,Master,2.1,49099.02,0,4066.97,5486.04,0,0.201,58781.16,36,0.419,1,565,0
ID_4505,32,Master,1.3,28748.23,1,2947.22,1976.32,1,0.235,27166.03,36,0.331,1,565,0
ID_4506,22,PhD,2.2,38766.9,0,3385.77,4153.48,1,0.221,16285.84,36,0.147,0,598,0
ID_4507,42,High School,1.3,33891.18,1,6933.99,2728.57,2,0.379,12596.28,12,0.39,1,546,0
ID_4508,38,Bachelor,4.3,64768.93,0,7395.87,7310.96,0,0.112,10532.75,24,0.085,0,679,1
ID_4509,45,High School,8.0,34614.45,0,8842.11,3114.01,0,0.168,15940.79,60,0.097,0,677,1
ID_4510,32,Bachelor,7.7,62038.91,0,11447.53,6133.91,0,0.06,59677.04,24,0.505,1,597,0
ID_4511,53,Master,2.3,37495.17,1,9646.5,0.0,1,0.347,11379.41,12,0.319,1,586,0
ID_4512,28,Bachelor,10.0,18738.04,0,5038.73,887.62,3,0.364,52481.73,36,0.98,2,373,0
ID_4513,59,Bachelor,4.5,63152.64,0,14794.03,1073.31,2,0.468,21303.41,24,0.177,0,609,0
ID_4514,18,Bachelor,0.0,58351.0,1,6559.75,2156.48,1,0.19,43755.28,36,0.262,1,578,0
ID_4515,44,Bachelor,9.0,70184.23,0,9814.45,0.0,0,0.554,5584.72,60,0.017,1,586,1
ID_4516,44,PhD,6.5,38696.58,0,4723.88,3715.03,0,0.396,24679.13,24,0.335,0,604,0
ID_4517,29,High School,6.9,36688.83,0,2888.29,3396.07,2,0.344,1000.0,36,0.01,0,598,0
ID_4518,44,Bachelor,1.1,66219.71,0,14717.61,2948.48,1,0.16,25398.57,48,0.101,0,658,1
ID_4519,54,Master,3.2,115787.26,1,22453.28,10098.02,0,0.147,39162.3,24,0.178,1,693,1
ID_4520,18,Bachelor,0.0,54479.73,0,13566.67,0.0,1,0.408,42400.18,48,0.204,2,472,0
ID_4521,45,High School,3.5,66989.59,0,13523.7,2920.52,0,0.382,24917.55,36,0.13,2,553,0
ID_4522,18,Bachelor,0.0,46129.42,0,12063.51,3358.23,1,0.154,18548.84,36,0.141,1,569,0
ID_4523,27,High School,4.4,25038.87,0,0.0,1951.96,2,0.57,26569.11,36,0.371,2,397,0
ID_4524,58,High School,9.2,87878.87,0,13945.96,5840.76,0,0.178,14703.91,36,0.059,1,674,1
ID_4525,32,Master,1.7,85323.66,1,0.0,3077.68,1,0.262,14678.77,36,0.06,2,547,0
ID_4526,24,Bachelor,4.3,77295.19,0,0.0,4770.99,0,0.093,17652.83,24,0.12,0,633,1
ID_4527,36,Master,0.7,49465.33,1,10764.75,5941.12,4,0.44,29101.76,36,0.206,0,579,0
ID_4528,63,Master,5.9,73022.88,1,10523.69,8793.76,0,0.115,50851.15,48,0.183,0,743,1
ID_4529,18,Bachelor,0.0,84700.85,0,12694.32,0.0,1,0.32,48381.32,60,0.12,0,590,1
ID_4530,26,High School,0.2,121793.14,1,10020.56,9147.34,0,0.526,19264.13,36,0.055,1,600,0
ID_4531,56,Bachelor,5.6,88810.76,0,22898.18,2956.02,2,0.151,10324.12,60,0.024,0,689,0
ID_4532,61,High School,2.7,55933.04,1,18343.17,4093.52,0,0.421,11811.11,36,0.074,1,654,1
ID_4533,37,Master,0.7,28166.07,0,3898.11,3658.91,0,0.292,1000.0,24,0.019,1,584,0
ID_4534,24,High School,2.7,58561.29,0,12945.05,4998.91,0,0.127,38103.44,48,0.171,0,649,1
ID_4535,64,High School,1.1,61592.09,0,14684.61,0.0,1,0.384,1000.0,48,0.004,0,650,0
ID_4536,58,Bachelor,2.7,77227.81,1,23961.68,6549.27,0,0.359,1000.0,12,0.014,0,722,1
ID_4537,47,High School,2.4,106611.42,0,12147.6,8684.1,0,0.051,38120.96,36,0.125,0,703,1
ID_4538,29,High School,6.7,51659.26,0,0.0,1943.07,1,0.193,37338.6,60,0.152,2,512,0
ID_4539,38,Bachelor,7.4,154893.58,1,0.0,0.0,2,0.077,5543.52,60,0.008,0,677,1
ID_4540,37,High School,4.7,22479.44,0,3850.68,3144.52,1,0.059,30446.72,36,0.474,3,466,0
ID_4541,42,High School,0.1,66814.2,1,15314.06,4983.3,0,0.469,1265.81,48,0.005,0,672,1
ID_4542,56,Bachelor,13.4,36342.38,0,9776.74,2273.19,1,0.124,23247.26,12,0.672,1,581,0
ID_4543,49,Bachelor,5.8,20876.7,0,4124.43,2774.87,1,0.196,31460.14,24,0.791,3,424,0
ID_4544,26,Bachelor,0.2,48977.33,0,11017.78,2591.46,1,0.088,37484.65,48,0.201,0,625,1
ID_4545,55,Bachelor,8.5,26145.01,1,4663.27,2417.06,0,0.388,32131.37,36,0.43,1,595,0
ID_4546,42,Bachelor,1.1,49975.39,0,7156.7,673.93,3,0.101,1000.0,36,0.007,0,628,1
ID_4547,47,Bachelor,4.3,55126.43,0,8603.69,1351.22,0,0.354,30439.81,36,0.193,2,542,0
ID_4548,56,Master,3.1,94775.93,1,24999.31,2924.2,0,0.424,64255.84,36,0.237,1,638,1
ID_4549,25,High School,2.7,25494.23,0,6779.57,3222.29,0,0.093,32069.52,60,0.264,0,624,0
ID_4550,38,Bachelor,11.0,85324.98,0,17020.79,5610.97,3,0.35,1000.0,36,0.004,0,637,0
ID_4551,32,Master,2.9,56899.41,0,3034.53,4651.8,2,0.103,12217.5,60,0.045,0,631,0
ID_4552,20,Master,0.4,90619.49,0,8562.26,7142.26,2,0.414,15791.06,12,0.183,2,477,0
ID_4553,43,High School,14.7,43657.24,0,2883.49,2791.64,0,0.353,1000.0,60,0.005,0,665,1
ID_4554,69,High School,12.7,27830.22,1,0.0,2507.31,1,0.4,26811.23,36,0.337,1,595,1
ID_4555,18,Bachelor,0.0,29473.6,0,0.0,4659.0,0,0.278,18692.68,36,0.222,1,518,0
ID_4556,38,High School,3.2,28398.63,0,0.0,2279.14,3,0.228,19535.81,12,0.722,4,314,0
ID_4557,46,Master,0.5,68796.43,0,3805.87,1548.99,1,0.262,22758.64,12,0.347,0,596,0
ID_4558,40,Bachelor,7.8,113375.55,0,29790.26,6784.78,1,0.12,12002.43,12,0.111,1,650,1
ID_4559,37,Bachelor,0.4,40844.37,1,7365.41,0.0,0,0.361,40390.41,36,0.346,2,525,0
ID_4560,23,High School,0.4,74203.58,1,18401.19,8272.92,1,0.412,28311.21,36,0.134,0,634,1
ID_4561,41,Bachelor,3.9,25292.9,1,7331.82,1254.86,1,0.265,15391.93,36,0.213,0,644,1
ID_4562,29,Bachelor,0.9,59287.91,1,7027.7,4287.43,1,0.236,33009.59,36,0.195,1,599,0
ID_4563,18,Master,0.0,75680.92,1,8521.81,2593.25,1,0.251,31398.84,36,0.145,1,590,0
ID_4564,53,High School,2.8,26263.56,0,4145.81,0.0,1,0.25,7810.18,60,0.062,1,584,0
ID_4565,50,High School,0.7,48925.71,1,8764.22,565.81,1,0.133,21886.91,36,0.157,1,635,0
ID_4566,39,Bachelor,0.9,77494.22,0,10538.69,6320.29,2,0.309,21860.45,36,0.099,2,527,0
ID_4567,41,High School,0.4,15000.0,1,0.0,2630.7,0,0.092,14465.82,36,0.338,2,541,0
ID_4568,51,Bachelor,1.1,105633.05,0,0.0,0.0,0,0.314,1000.0,60,0.002,2,542,0
ID_4569,41,Master,6.3,64656.23,0,11318.85,1920.08,1,0.145,13907.28,36,0.075,0,667,0
ID_4570,49,Bachelor,8.3,77525.63,1,9859.33,5220.79,0,0.214,47794.13,36,0.216,0,710,1
ID_4571,35,Master,3.0,44074.66,0,11167.31,3649.67,0,0.731,13317.71,36,0.106,2,483,0
ID_4572,54,High School,3.5,22894.2,0,5866.92,1152.99,0,0.233,41181.73,24,0.944,3,416,0
ID_4573,42,High School,0.2,70758.75,0,13301.15,7180.73,1,0.263,24364.51,36,0.121,1,595,1
ID_4574,41,High School,0.4,51984.71,1,10980.29,2150.61,0,0.1,28018.07,48,0.141,2,609,0
ID_4575,23,High School,1.5,55053.34,0,2265.49,1693.56,1,0.527,2964.57,36,0.019,0,563,0
ID_4576,42,Master,3.9,93321.28,0,4881.36,5140.76,3,0.091,45951.07,24,0.259,1,574,0
ID_4577,29,High School,6.7,79303.06,1,7879.53,1282.87,1,0.424,62082.87,36,0.274,1,575,1
ID_4578,31,Bachelor,4.6,141579.79,0,0.0,11219.07,1,0.403,12432.6,60,0.018,2,517,0
ID_4579,29,Bachelor,2.5,58508.49,0,7138.86,3187.82,0,0.609,48463.31,12,0.87,2,399,0
ID_4580,26,Master,0.6,38345.55,0,5947.82,3714.02,0,0.414,2153.62,36,0.02,0,605,1
ID_4581,64,High School,7.6,49305.53,0,14727.84,3815.53,0,0.367,24031.47,60,0.102,1,635,1
ID_4582,54,High School,2.3,66691.43,1,11864.79,4265.73,3,0.202,3898.44,12,0.061,1,631,0
ID_4583,62,High School,6.7,90032.7,1,9407.82,2669.14,1,0.091,31793.2,60,0.074,0,741,1
ID_4584,24,Bachelor,3.6,26016.42,0,0.0,0.0,0,0.072,21326.41,24,0.43,2,483,0
ID_4585,39,High School,6.7,54408.13,1,11539.66,5296.63,1,0.269,24085.05,60,0.093,0,683,1
ID_4586,23,Master,5.0,121148.32,1,9510.72,4166.74,0,0.223,48614.99,36,0.14,0,683,0
ID_4587,30,Bachelor,12.0,48045.11,0,11468.67,2462.63,1,0.03,47383.46,48,0.259,1,616,1
ID_4588,27,Bachelor,3.8,86293.19,0,0.0,5823.13,0,0.352,21900.4,12,0.266,1,537,0
ID_4589,53,Bachelor,3.6,69324.85,1,10979.83,2257.84,0,0.095,44931.32,24,0.34,0,702,0
ID_4590,34,High School,1.5,87372.01,1,8928.64,7519.7,0,0.366,45706.46,60,0.11,1,623,0
ID_4591,51,Bachelor,13.7,36138.7,0,8452.36,0.0,0,0.168,44970.27,60,0.261,2,579,0
ID_4592,46,PhD,3.1,36217.55,0,3156.69,3592.83,1,0.076,27659.39,24,0.401,1,573,0
ID_4593,66,Master,0.7,54728.28,0,6034.13,5539.42,1,0.127,30950.63,36,0.198,1,622,0
ID_4594,21,Master,2.8,25182.11,0,0.0,4228.88,0,0.298,19894.33,12,0.83,2,406,0
ID_4595,54,Master,0.7,47340.89,0,12263.26,1335.78,1,0.395,67012.33,60,0.297,1,555,0
ID_4596,52,High School,3.5,61478.23,0,8175.5,1361.32,0,0.07,32182.08,60,0.11,1,645,0
ID_4597,27,High School,4.1,132232.6,1,31882.95,8449.76,1,0.041,23521.35,24,0.093,0,724,1
ID_4598,51,High School,2.1,66261.15,0,3527.1,4801.51,0,0.543,34056.81,36,0.18,0,603,1
ID_4599,43,High School,0.4,74058.77,0,2340.37,3473.16,0,0.092,29889.26,60,0.085,0,664,1
ID_4600,36,High School,14.4,96977.85,1,20173.92,0.0,0,0.291,62123.84,24,0.336,2,594,0
ID_4601,29,Bachelor,7.4,33445.46,1,2474.68,2059.27,1,0.205,24605.49,60,0.154,2,558,0
ID_4602,30,Bachelor,9.1,49884.15,1,5358.51,4791.12,3,0.385,38782.21,24,0.408,1,538,0
ID_4603,63,Master,2.3,182171.95,1,11369.71,3604.34,0,0.147,22849.32,12,0.132,1,699,1
ID_4604,39,Bachelor,7.2,52074.93,0,6239.4,3936.09,0,0.363,1000.0,24,0.01,0,651,1
ID_4605,48,Master,3.3,94675.96,0,8135.49,10625.56,0,0.092,25026.34,48,0.069,0,702,1
ID_4606,29,High School,1.1,87716.82,1,19265.7,7722.01,0,0.128,40362.41,24,0.242,0,690,1
ID_4607,29,High School,0.7,25872.69,0,5692.43,990.8,0,0.174,27447.17,12,1.114,1,458,0
ID_4608,51,Bachelor,2.1,63274.62,0,16489.07,1457.0,0,0.26,4187.65,48,0.017,2,587,0
ID_4609,22,High School,0.7,58300.95,0,13825.98,4739.96,2,0.123,53534.83,36,0.321,0,595,0
ID_4610,34,High School,16.0,63893.91,0,14992.96,6891.15,0,0.205,3585.51,60,0.012,1,661,1
ID_4611,39,High School,0.3,37158.35,0,10260.79,4201.03,1,0.232,11086.36,36,0.104,4,449,0
ID_4612,40,High School,2.9,30993.73,1,9289.1,3707.26,0,0.475,4749.02,12,0.161,3,504,0
ID_4613,36,Bachelor,3.0,42701.74,1,5734.46,2096.97,0,0.188,6346.71,12,0.156,1,629,0
ID_4614,43,Bachelor,1.8,51591.0,1,8169.83,5108.01,1,0.215,25809.97,48,0.131,1,629,0
ID_4615,47,Bachelor,4.2,97977.41,1,19374.28,8554.29,1,0.104,35997.26,60,0.077,0,730,1
ID_4616,47,Bachelor,0.8,134410.71,1,9482.82,13948.56,0,0.107,14435.08,60,0.023,0,741,1
ID_4617,27,Bachelor,7.7,108912.37,0,0.0,7665.54,0,0.146,35158.18,36,0.113,4,466,0
ID_4618,35,High School,2.0,83290.74,0,13570.61,6309.31,0,0.081,38843.44,36,0.163,1,630,1
ID_4619,53,High School,4.5,32788.39,0,6239.62,2351.71,0,0.438,19079.07,12,0.611,7,300,0
ID_4620,49,High School,6.3,44158.99,0,9949.82,4749.12,3,0.382,1000.0,48,0.006,3,483,0
ID_4621,22,Bachelor,4.0,60172.04,0,0.0,0.0,1,0.444,52251.24,24,0.456,2,418,0
ID_4622,43,Bachelor,9.0,39489.12,0,14007.64,1925.6,3,0.475,12928.63,60,0.069,1,549,0
ID_4623,18,Bachelor,0.0,72301.69,0,19888.53,5027.76,0,0.24,1000.0,36,0.005,0,646,1
ID_4624,39,High School,2.5,77671.45,1,16161.33,8570.09,1,0.407,17997.28,36,0.081,2,575,0
ID_4625,61,Bachelor,3.5,70837.59,1,3173.68,6019.95,0,0.782,35507.06,24,0.263,1,564,0
ID_4626,27,Bachelor,7.3,90451.34,0,0.0,6110.74,2,0.297,38204.96,36,0.148,3,449,1
ID_4627,28,Bachelor,10.0,34465.17,1,4787.43,2780.19,0,0.194,4534.34,12,0.138,1,635,0
ID_4628,48,Bachelor,0.5,86371.61,1,20635.38,6538.73,1,0.532,1000.0,12,0.012,1,618,0
ID_4629,20,Bachelor,2.0,38260.65,0,7024.94,2326.33,0,0.279,30506.18,36,0.279,2,500,0
ID_4630,31,Bachelor,7.5,33844.51,1,5555.85,2773.87,1,0.301,34304.53,60,0.213,1,594,0
ID_4631,46,Bachelor,2.8,70689.91,1,5135.0,4203.34,1,0.215,45122.59,48,0.168,2,584,0
ID_4632,31,High School,2.0,99502.37,0,17407.18,10097.42,1,0.231,43057.99,24,0.227,0,633,1
ID_4633,36,Bachelor,2.6,69148.16,0,18344.43,8721.34,0,0.033,27640.13,36,0.14,1,646,1
ID_4634,47,High School,4.6,54742.85,0,2947.8,3178.19,1,0.197,8465.42,24,0.081,2,557,0
ID_4635,44,High School,26.0,63264.33,0,4724.15,6234.43,0,0.394,16312.76,36,0.09,1,647,1
ID_4636,42,PhD,3.4,58000.88,1,0.0,3407.02,0,0.217,20626.76,24,0.187,2,566,0
ID_4637,34,PhD,1.2,30854.09,1,7389.3,2808.67,1,0.126,8523.58,36,0.097,0,669,1
ID_4638,43,High School,0.9,29105.72,0,8018.19,1668.22,3,0.113,44457.57,60,0.321,3,452,0
ID_4639,37,Bachelor,0.2,52082.64,0,14463.06,1187.1,3,0.403,43501.47,36,0.292,3,416,0
ID_4640,44,High School,4.1,56383.31,1,0.0,5958.8,0,0.22,1000.0,36,0.006,0,684,1
ID_4641,33,Bachelor,3.9,54484.21,1,6384.31,5649.11,2,0.204,19209.78,60,0.074,0,659,1
ID_4642,36,Master,1.1,75966.73,1,19835.56,5297.14,2,0.667,62119.23,36,0.286,1,534,0
ID_4643,27,PhD,5.9,48642.92,0,0.0,3520.28,0,0.29,45931.89,48,0.248,2,499,0
ID_4644,38,Bachelor,6.8,71789.22,1,12355.98,0.0,1,0.332,28387.84,36,0.138,1,615,0
ID_4645,29,Bachelor,1.5,50397.99,0,11598.92,5921.85,2,0.256,44725.77,24,0.466,0,565,0
ID_4646,25,Bachelor,2.1,134817.8,1,33638.09,4910.14,1,0.248,54689.1,60,0.085,0,684,1
ID_4647,42,High School,23.3,56407.47,0,0.0,2920.03,0,0.115,26702.99,36,0.166,2,597,0
ID_4648,41,Master,2.3,174618.92,0,8870.24,14097.45,1,0.292,1000.0,12,0.006,0,665,1
ID_4649,48,Master,7.2,64602.33,0,0.0,7397.09,0,0.305,40474.09,48,0.164,1,587,1
ID_4650,33,Bachelor,3.0,48686.71,0,14169.07,968.8,0,0.215,41406.51,24,0.446,1,561,0
ID_4651,43,High School,7.9,34553.91,0,0.0,3302.57,2,0.536,6896.65,24,0.105,3,423,0
ID_4652,45,High School,7.3,26332.41,1,8842.87,3160.52,0,0.604,29689.21,36,0.395,0,606,1
ID_4653,44,High School,5.5,33000.53,0,6131.03,2202.47,2,0.138,10768.11,36,0.114,0,635,1
ID_4654,29,Master,9.6,34898.42,0,2351.23,3308.94,0,0.541,1000.0,48,0.008,2,513,0
ID_4655,40,Bachelor,14.0,66000.0,0,0.0,6438.12,1,0.293,28972.59,48,0.115,2,542,0
ID_4656,43,High School,4.3,41644.2,0,13642.55,0.0,1,0.442,51138.45,36,0.43,1,522,0
ID_4657,39,Bachelor,1.4,59484.05,0,9935.22,4226.15,1,0.204,30782.26,36,0.181,1,587,0
ID_4658,18,Master,0.0,102846.12,0,1734.79,9278.4,2,0.037,28183.93,36,0.096,1,573,0
ID_4659,40,High School,7.1,51849.25,0,12496.83,1746.29,2,0.232,1012.64,12,0.021,0,645,1
ID_4660,65,Master,5.3,153212.07,1,21475.32,9443.3,1,0.434,36308.95,36,0.083,1,667,1
ID_4661,34,Master,1.0,30094.4,0,7092.14,1043.08,0,0.153,15036.41,12,0.525,2,498,0
ID_4662,30,Master,0.3,50247.11,0,11647.45,3490.72,1,0.283,10996.25,60,0.046,0,622,0
ID_4663,43,Bachelor,5.7,41371.34,0,2302.69,2919.18,0,0.112,40880.14,36,0.346,1,590,0
ID_4664,42,High School,1.4,86530.59,0,15620.46,6023.8,0,0.213,3118.91,60,0.008,0,683,1
ID_4665,53,Bachelor,3.5,17678.49,0,7968.98,1948.73,0,0.26,21187.22,24,0.629,2,497,0
ID_4666,23,High School,5.0,26329.42,0,4559.91,2005.73,0,0.196,4338.43,36,0.058,2,541,0
ID_4667,47,High School,4.1,51345.19,0,0.0,3438.01,0,0.248,19609.32,24,0.201,2,531,1
ID_4668,46,Bachelor,0.4,117675.82,1,8732.93,10413.9,0,0.335,1000.0,36,0.003,2,613,1
ID_4669,37,Bachelor,1.0,60652.79,0,7694.38,4988.26,0,0.726,34748.93,36,0.201,1,516,0
ID_4670,43,Master,1.2,27562.91,1,4835.98,456.28,0,0.305,32023.22,36,0.407,2,528,0
ID_4671,51,High School,1.5,29774.77,0,8543.48,3927.47,0,0.09,64183.08,48,0.566,0,622,1
ID_4672,49,Bachelor,4.2,125053.24,1,18134.93,11153.44,1,0.192,29362.1,36,0.082,1,678,1
ID_4673,25,Bachelor,3.5,39712.95,1,5318.46,4243.75,0,0.364,8760.82,36,0.077,1,602,1
ID_4674,48,Bachelor,1.1,33810.22,0,0.0,0.0,0,0.294,42850.09,12,1.331,2,367,0
ID_4675,38,Master,0.3,113401.09,1,0.0,2913.28,0,0.174,42440.21,36,0.131,0,665,1
ID_4676,39,Bachelor,0.9,89818.7,0,0.0,9510.06,0,0.306,48520.9,36,0.189,3,474,0
ID_4677,39,Master,20.8,102439.72,1,6459.24,1816.33,2,0.21,1000.0,36,0.003,0,720,1
ID_4678,37,High School,3.2,33690.77,1,9198.41,0.0,0,0.327,12380.81,24,0.193,1,601,0
ID_4679,53,Bachelor,10.1,25271.87,1,0.0,2013.81,1,0.267,8663.79,24,0.18,1,606,1
ID_4680,37,High School,9.4,57906.4,0,13484.1,6640.02,0,0.444,52515.06,60,0.19,1,589,1
ID_4681,25,High School,3.6,64059.21,0,0.0,3818.87,0,0.461,39499.75,60,0.129,2,483,0
ID_4682,34,High School,6.1,65010.29,0,4180.97,0.0,0,0.102,45348.22,36,0.244,0,641,1
ID_4683,41,High School,1.1,113447.1,1,26463.4,9893.83,0,0.179,5470.92,12,0.051,0,729,1
ID_4684,53,High School,5.8,22768.12,0,6236.66,1423.46,0,0.414,27386.24,36,0.421,1,548,0
ID_4685,46,High School,1.6,83270.33,1,19658.15,1181.04,1,0.027,1000.0,36,0.004,0,731,1
ID_4686,28,High School,8.9,31309.83,0,5820.75,2534.99,2,0.216,5158.45,60,0.035,2,532,0
ID_4687,68,Master,0.4,83105.62,1,9170.49,2052.69,0,0.103,27223.51,36,0.115,0,738,1
ID_4688,42,High School,7.4,42724.24,1,8683.91,1728.75,0,0.221,28990.73,60,0.142,1,648,0
ID_4689,54,Bachelor,0.5,36062.69,1,2871.23,2667.56,0,0.299,32080.41,36,0.311,1,601,1
ID_4690,37,High School,10.7,39936.61,1,5120.37,0.0,0,0.136,13294.88,36,0.117,0,698,1
ID_4691,45,Master,1.8,26296.6,0,0.0,4313.89,2,0.345,32656.71,36,0.435,2,443,0
ID_4692,49,Master,5.3,55282.65,0,7154.03,2611.38,4,0.315,25082.99,36,0.159,0,588,0
ID_4693,53,Bachelor,3.3,36815.1,0,3389.68,3121.74,0,0.349,53260.58,12,1.519,7,300,0
ID_4694,51,Bachelor,2.3,80269.83,0,6697.62,7048.5,1,0.114,17320.87,48,0.057,1,635,1
ID_4695,49,High School,5.2,74609.87,0,0.0,6380.81,1,0.309,1000.0,60,0.003,2,543,0
ID_4696,35,PhD,14.7,126005.21,0,13577.65,9824.83,1,0.301,36101.93,48,0.075,0,678,0
ID_4697,32,Master,0.2,65066.41,0,3299.59,3431.16,0,0.186,31045.28,24,0.25,0,618,0
ID_4698,42,Master,12.6,70286.77,1,0.0,6629.45,0,0.42,8982.74,60,0.027,3,538,1
ID_4699,50,Bachelor,4.7,109103.24,1,21796.77,4269.44,1,0.249,19122.98,36,0.061,1,669,1
ID_4700,36,High School,8.2,39583.54,0,7706.75,1705.91,1,0.137,28490.69,36,0.252,1,590,0
ID_4701,51,Master,2.4,25741.79,0,0.0,2298.9,3,0.326,18170.81,12,0.741,6,300,0
ID_4702,56,High School,3.2,59876.96,0,6326.28,5226.76,1,0.094,5011.92,36,0.029,0,688,0
ID_4703,28,Bachelor,10.0,26600.45,0,6320.67,0.0,0,0.078,21405.24,36,0.282,0,637,0
ID_4704,28,High School,2.7,184788.89,1,43783.05,13257.75,4,0.139,40918.0,36,0.078,0,675,1
ID_4705,37,Master,3.8,112167.56,1,15019.14,10380.99,0,0.612,18490.87,48,0.043,1,615,0
ID_4706,42,High School,0.1,159849.52,0,11480.34,15101.17,0,0.021,28811.69,36,0.063,0,712,1
ID_4707,32,High School,0.9,55894.62,0,5013.38,3023.65,1,0.363,21733.58,24,0.204,1,541,0
ID_4708,55,Bachelor,5.1,71345.3,1,20787.33,2327.18,0,0.308,2768.79,60,0.008,0,724,1
ID_4709,44,Bachelor,6.3,43056.23,0,8516.86,4024.07,2,0.1,23085.47,48,0.141,1,605,1
ID_4710,39,Bachelor,4.4,84243.14,1,10712.43,7726.08,0,0.248,16985.5,36,0.071,1,660,0
ID_4711,21,High School,0.8,29502.44,0,6099.94,2487.35,0,0.201,38653.41,36,0.459,4,394,0
ID_4712,23,High School,2.9,15190.92,0,6210.58,1431.78,0,0.317,47236.0,60,0.653,4,352,0
ID_4713,42,Bachelor,2.2,36484.57,1,2991.28,1934.73,1,0.318,40870.51,12,1.176,2,423,0
ID_4714,18,PhD,0.0,26167.23,0,6317.7,2108.72,0,0.217,11766.97,60,0.094,2,519,0
ID_4715,51,Master,10.2,113432.52,1,23072.15,11769.49,0,0.234,4069.56,36,0.013,1,714,1
ID_4716,37,Bachelor,7.5,134300.99,0,16498.11,3037.57,1,0.103,1000.0,12,0.008,0,697,1
ID_4717,75,Master,0.4,26863.81,0,2829.1,3387.01,0,0.312,28048.55,36,0.365,3,490,0
ID_4718,66,Bachelor,11.1,103348.06,1,7236.83,4998.36,0,0.091,12235.01,48,0.031,0,779,1
ID_4719,36,Bachelor,3.2,87176.71,0,20654.23,0.0,1,0.366,4967.26,36,0.02,1,586,0
ID_4720,37,Bachelor,6.8,24713.67,0,3836.56,4108.42,0,0.733,60314.03,36,0.854,2,387,0
ID_4721,50,Bachelor,0.8,44572.23,1,10381.16,4649.44,2,0.187,33751.88,60,0.159,1,622,0
ID_4722,59,Bachelor,5.6,40534.88,1,7128.65,4403.31,0,0.214,31051.18,36,0.268,1,651,1
ID_4723,19,Bachelor,1.0,78747.18,1,19846.29,7194.99,0,0.16,30152.96,36,0.134,0,685,0
ID_4724,18,High School,0.0,29307.84,0,7742.47,0.0,0,0.467,54137.95,24,0.97,1,417,0
ID_4725,31,High School,0.1,51563.21,1,10168.56,4786.72,0,0.327,21993.32,24,0.224,2,555,0
ID_4726,45,High School,0.8,38446.88,0,7414.09,1885.14,2,0.491,36120.79,36,0.329,1,504,1
ID_4727,44,Bachelor,0.5,68642.74,0,0.0,5825.55,1,0.317,41261.06,24,0.316,0,575,1
ID_4728,51,High School,1.4,48610.94,0,9885.42,4974.23,0,0.296,58439.36,24,0.631,1,547,0
ID_4729,24,High School,0.5,41455.55,0,9593.02,2888.2,0,0.274,24973.54,60,0.127,2,526,0
ID_4730,18,Bachelor,0.0,48695.98,0,13216.63,5651.23,0,0.391,47222.83,12,1.018,1,448,0
ID_4731,49,Bachelor,0.1,149944.64,0,9564.03,9048.45,1,0.104,1000.0,12,0.007,0,693,0
ID_4732,29,Bachelor,4.8,43982.64,1,7537.88,0.0,1,0.256,63113.09,36,0.502,1,555,0
ID_4733,18,Bachelor,0.0,32192.78,0,7348.02,1170.54,0,0.021,32606.94,36,0.355,0,608,0
ID_4734,40,Master,14.5,72527.19,0,7951.96,7887.42,0,0.098,38594.76,48,0.14,0,706,1
ID_4735,48,Master,13.5,50424.76,0,10790.39,6230.16,1,0.465,1890.07,60,0.008,3,521,0
ID_4736,37,Master,1.3,26699.04,0,0.0,0.0,1,0.572,1000.0,24,0.02,4,362,0
ID_4737,33,Bachelor,4.8,165338.17,0,31141.5,8888.63,0,0.124,13368.95,12,0.085,0,704,1
ID_4738,37,High School,0.1,45422.39,0,12403.51,0.0,0,0.246,25356.48,36,0.195,3,487,0
ID_4739,34,PhD,13.4,44849.39,1,0.0,2988.8,2,0.119,20418.87,60,0.096,1,618,1
ID_4740,22,High School,3.7,58683.72,1,13093.03,4936.08,1,0.418,17620.33,36,0.105,0,634,1
ID_4741,30,High School,0.2,128676.71,0,23480.54,4118.88,0,0.12,21455.54,36,0.058,0,682,1
ID_4742,45,Bachelor,2.1,23391.48,1,1337.73,3908.83,0,0.124,1000.0,36,0.015,2,602,0
ID_4743,42,High School,0.4,62192.7,0,11514.92,1689.3,3,0.645,32677.23,24,0.276,0,524,0
ID_4744,41,PhD,2.5,153835.03,1,14670.22,13559.19,1,0.415,21942.96,48,0.037,3,547,0
ID_4745,27,Bachelor,5.5,57778.06,0,0.0,2381.72,1,0.061,42119.94,36,0.255,0,606,1
ID_4746,36,Bachelor,3.2,29211.95,0,2690.22,2755.97,0,0.075,16434.07,48,0.148,1,601,0
ID_4747,18,Bachelor,0.0,39767.35,0,3823.4,3709.07,2,0.334,18303.59,36,0.161,2,465,0
ID_4748,41,Bachelor,0.6,60080.54,0,12995.14,5922.53,1,0.227,27845.54,60,0.097,0,644,0
ID_4749,56,High School,1.4,105387.78,1,18454.53,8451.56,0,0.196,37312.48,60,0.074,0,736,1
ID_4750,21,Bachelor,0.5,45721.87,0,2799.57,1510.16,0,0.246,45711.77,60,0.21,2,502,0
ID_4751,31,Bachelor,8.2,81905.87,0,6167.41,3233.53,0,0.047,24267.7,36,0.104,0,685,1
ID_4752,42,Bachelor,0.7,26431.6,0,6551.16,4046.95,1,0.255,32713.98,36,0.433,2,491,0
ID_4753,54,Bachelor,4.5,26321.49,0,5379.84,2804.99,1,0.656,25595.26,36,0.34,1,507,0
ID_4754,33,High School,2.1,42557.0,1,3600.87,4213.85,1,0.038,19710.25,36,0.162,0,673,1
ID_4755,30,High School,1.3,111192.07,0,16805.06,5260.14,1,0.272,1000.0,36,0.003,1,603,0
ID_4756,18,High School,0.0,56074.55,0,0.0,5010.15,1,0.639,28706.76,48,0.134,2,423,0
ID_4757,40,Bachelor,3.1,62624.11,0,8053.29,3973.33,0,0.3,8607.9,12,0.144,0,641,1
ID_4758,63,Master,2.6,62257.84,0,0.0,3626.24,0,0.302,40673.38,36,0.229,1,582,1
ID_4759,42,Master,4.5,94334.66,1,12028.09,3474.25,0,0.562,9373.68,36,0.035,1,620,1
ID_4760,38,Bachelor,3.4,39930.26,0,1176.32,2366.07,0,0.376,14772.1,60,0.078,0,609,1
ID_4761,42,Bachelor,1.8,76430.92,0,19798.0,4794.5,3,0.148,10205.05,36,0.047,0,644,1
ID_4762,38,Bachelor,4.1,35759.05,1,8040.13,426.18,0,0.329,34598.35,36,0.339,0,633,0
ID_4763,29,High School,5.5,146040.07,0,12055.22,8138.93,1,0.36,19542.02,24,0.07,2,549,0
ID_4764,48,High School,0.1,36308.4,1,7320.24,4385.83,2,0.215,35230.2,24,0.509,2,519,0
ID_4765,41,PhD,3.1,34849.89,0,10057.63,3488.9,0,0.197,1000.0,36,0.01,0,668,1
ID_4766,39,Bachelor,0.3,71313.07,0,11494.86,1721.7,1,0.079,60894.74,36,0.299,1,589,0
ID_4767,27,PhD,1.0,56381.38,1,9305.4,3398.99,0,0.194,6814.36,24,0.063,1,635,1
ID_4768,54,High School,4.1,63794.75,0,0.0,5030.37,0,0.197,38836.21,36,0.213,2,550,0
ID_4769,46,Bachelor,10.1,60697.45,1,8102.05,2836.71,1,0.406,33999.14,24,0.294,0,649,1
ID_4770,32,High School,10.7,31407.56,0,6314.34,1117.04,0,0.405,37810.11,60,0.253,2,514,0
ID_4771,51,High School,0.4,121379.77,1,0.0,6836.47,0,0.227,10279.57,60,0.018,1,646,1
ID_4772,33,Bachelor,2.7,84691.55,0,3214.57,6578.4,0,0.148,18898.56,24,0.117,1,609,0
ID_4773,29,High School,4.4,106881.39,0,26661.53,9167.75,2,0.089,32170.67,12,0.316,2,548,0
ID_4774,29,High School,0.8,41599.13,0,3498.08,5341.23,0,0.141,25071.11,60,0.127,2,545,0
ID_4775,18,High School,0.0,66720.12,0,9119.05,6681.99,0,0.297,8631.9,36,0.045,1,579,0
ID_4776,44,High School,6.8,59795.41,1,9516.08,3256.3,0,0.266,35320.54,24,0.31,1,630,0
ID_4777,18,Bachelor,0.0,95225.34,1,21353.76,7465.98,1,0.387,66106.99,60,0.146,0,634,1
ID_4778,24,Bachelor,0.0,96773.07,0,10669.19,6081.51,1,0.237,17408.41,60,0.038,0,632,0
ID_4779,18,High School,0.0,59666.46,0,15951.66,0.0,0,0.287,33786.67,12,0.595,3,416,1
ID_4780,37,High School,8.8,25362.44,1,0.0,3783.5,2,0.052,29101.43,24,0.602,3,464,0
ID_4781,37,High School,5.6,131904.17,1,23242.04,10917.44,1,0.213,18325.62,60,0.029,0,719,1
ID_4782,35,Bachelor,11.2,71538.69,0,17990.27,5497.12,1,0.162,39513.11,24,0.29,0,656,0
ID_4783,26,High School,0.3,39965.88,0,9595.6,272.22,0,0.144,39267.17,36,0.344,2,514,0
ID_4784,24,Bachelor,4.5,66387.97,0,0.0,0.0,0,0.272,15103.35,12,0.239,2,489,0
ID_4785,44,High School,4.2,25449.55,1,6304.54,3863.47,3,0.607,50793.92,60,0.419,1,500,0
ID_4786,32,High School,0.2,91828.37,0,6641.82,4662.05,2,0.418,25192.2,36,0.096,2,496,0
ID_4787,42,Master,3.6,25962.13,1,5004.04,0.0,1,0.205,44360.05,36,0.598,1,553,0
ID_4788,28,Bachelor,4.7,48512.79,0,7655.57,2444.17,1,0.278,31198.04,60,0.135,1,568,1
ID_4789,41,High School,1.1,61219.88,0,3803.96,1468.11,0,0.372,25712.48,36,0.147,1,568,1
ID_4790,54,Master,1.6,91073.29,0,23569.29,7290.12,3,0.177,24850.47,24,0.143,1,604,0
ID_4791,46,Bachelor,5.1,57140.72,0,15405.25,1321.24,1,0.435,37171.78,36,0.228,0,609,1
ID_4792,34,Master,3.2,74420.11,1,5160.0,8793.4,0,0.203,5201.21,36,0.024,0,699,1
ID_4793,42,Bachelor,9.8,53418.72,0,10244.07,5708.8,2,0.52,31683.87,36,0.208,3,457,0
ID_4794,36,Bachelor,2.1,53311.48,0,14544.66,0.0,0,0.359,48583.91,24,0.478,3,444,0
ID_4795,39,PhD,1.6,56541.98,1,4472.57,2413.37,0,0.33,34190.45,24,0.317,1,590,0
ID_4796,35,High School,17.0,49289.73,0,7010.16,2503.77,1,0.262,1000.0,48,0.005,0,670,1
ID_4797,37,Bachelor,12.1,23311.8,0,0.0,328.37,1,0.389,1000.0,36,0.015,0,598,1
ID_4798,41,Bachelor,0.1,36895.26,0,5969.4,943.31,1,0.203,25378.18,12,0.722,5,323,0
ID_4799,27,High School,7.4,61229.69,0,13442.59,4839.04,1,0.108,10834.96,60,0.037,0,669,1
ID_4800,26,High School,0.6,47831.49,0,12592.3,4832.86,0,0.231,41014.14,24,0.45,4,414,0
ID_4801,22,High School,0.1,50115.99,0,5049.72,5708.44,0,0.495,16463.7,48,0.086,0,583,0
ID_4802,19,Bachelor,1.0,46088.7,0,9997.32,0.0,1,0.072,34923.7,12,0.796,1,494,0
ID_4803,24,Bachelor,1.6,35178.87,0,7396.25,3843.41,0,0.328,59908.59,60,0.358,5,354,0
ID_4804,40,Bachelor,8.6,42338.42,0,0.0,4780.34,1,0.256,25414.27,60,0.126,2,525,0
ID_4805,28,High School,6.2,46471.02,0,11121.66,2910.72,1,0.156,6787.42,24,0.077,2,557,1
ID_4806,45,Bachelor,20.0,54315.86,1,5792.45,2933.69,3,0.286,32124.94,12,0.621,2,527,0
ID_4807,39,Master,6.2,65952.44,0,18691.27,6184.47,0,0.126,30089.19,12,0.479,0,646,0
ID_4808,18,Bachelor,0.0,49499.85,0,3574.06,6479.43,0,0.242,29500.57,60,0.125,0,608,0
ID_4809,46,Bachelor,6.0,32375.99,1,3703.96,223.44,4,0.34,49624.49,12,1.609,5,300,0
ID_4810,48,Bachelor,30.0,26929.0,1,6061.48,1692.14,0,0.076,3649.07,48,0.036,1,737,1
ID_4811,27,Bachelor,6.2,198534.59,0,0.0,7998.73,1,0.355,42990.77,60,0.045,0,613,0
ID_4812,44,Bachelor,7.2,30794.53,0,9078.43,2066.09,0,0.08,14088.63,36,0.16,2,586,1
ID_4813,28,Master,10.0,41801.5,0,11527.75,0.0,2,0.449,49850.67,48,0.313,1,515,0
ID_4814,40,Bachelor,0.6,70157.65,0,3819.58,4152.28,1,0.155,1000.0,60,0.003,0,652,0
ID_4815,23,Master,5.0,64888.8,1,5895.03,7543.8,3,0.122,65151.12,48,0.264,2,538,0
ID_4816,18,High School,0.0,70293.38,0,12118.15,7706.86,0,0.267,20125.22,24,0.15,1,576,1
ID_4817,34,High School,15.4,43418.52,1,0.0,4303.7,1,0.065,3214.98,36,0.026,1,656,1
ID_4818,37,High School,1.2,61039.66,0,2170.39,2389.53,1,0.449,41335.86,12,0.711,1,465,0
ID_4819,34,Bachelor,3.5,55863.8,0,3628.38,2058.99,1,0.223,34209.55,36,0.214,1,564,0
ID_4820,24,Bachelor,5.7,46348.04,0,12031.0,0.0,0,0.12,33157.4,36,0.25,0,633,0
ID_4821,34,High School,1.4,61249.13,0,14496.89,6220.33,0,0.253,41732.78,60,0.143,1,601,1
ID_4822,42,High School,4.6,91828.94,0,7132.08,2481.06,0,0.117,25655.07,12,0.293,1,613,0
ID_4823,38,Master,1.5,53578.33,0,3817.73,4891.74,0,0.466,19733.91,36,0.129,0,602,0
ID_4824,41,Master,2.0,53756.85,0,13412.0,2991.73,1,0.209,4130.95,48,0.02,1,610,0
ID_4825,30,Bachelor,2.9,92418.32,0,26694.02,1956.11,0,0.316,22950.68,36,0.087,2,559,1
ID_4826,53,Bachelor,3.8,87612.61,0,10840.96,2751.83,1,0.579,15793.98,24,0.095,0,613,1
ID_4827,24,Bachelor,3.0,119607.19,1,28078.35,9570.09,1,0.505,24849.43,36,0.073,2,558,1
ID_4828,44,Bachelor,3.4,22513.83,0,4233.83,2252.38,0,0.753,27032.66,60,0.252,2,453,0
ID_4829,53,Master,1.8,85183.21,0,0.0,2748.63,0,0.134,56272.73,12,0.694,2,495,0
ID_4830,44,High School,0.9,73188.24,1,7784.28,0.0,0,0.26,11548.38,24,0.083,0,680,1
ID_4831,36,Bachelor,0.2,34793.08,0,9271.09,2829.88,1,0.199,22461.03,36,0.226,0,612,0
ID_4832,32,High School,1.1,61438.62,1,9445.84,3126.49,1,0.491,17162.65,36,0.098,1,578,0
ID_4833,51,Bachelor,4.4,91634.29,0,23449.89,9249.55,1,0.548,1000.0,36,0.004,2,554,0
ID_4834,21,Bachelor,3.0,35789.88,0,0.0,2641.0,3,0.71,77411.12,12,2.271,6,300,0
ID_4835,27,Bachelor,0.9,67594.45,0,0.0,3303.56,0,0.44,8149.7,24,0.063,0,580,0
ID_4836,34,High School,0.6,83757.15,0,21773.91,5702.55,1,0.215,31649.2,60,0.079,2,561,1
ID_4837,53,Bachelor,6.9,31713.26,0,7110.38,1875.29,1,0.238,55603.92,12,1.841,10,300,0
ID_4838,43,High School,1.8,50456.01,1,10470.99,6010.82,0,0.271,2691.17,36,0.019,0,698,1
ID_4839,27,High School,9.0,62974.44,1,11689.36,6449.45,3,0.102,40769.07,36,0.227,1,612,1
ID_4840,35,High School,6.3,36385.81,1,9664.19,5043.3,3,0.2,1000.0,36,0.01,0,660,1
ID_4841,31,Bachelor,2.0,34906.33,0,12610.86,3337.3,0,0.857,10556.81,24,0.159,1,494,0
ID_4842,30,Bachelor,1.7,50639.02,1,919.45,2377.75,0,0.442,35103.69,24,0.364,2,497,0
ID_4843,50,Bachelor,3.7,80887.93,0,16985.93,7615.62,2,0.138,20091.02,24,0.13,0,666,1
ID_4844,22,Bachelor,0.4,74747.2,0,17220.24,4505.12,1,0.256,51181.34,36,0.24,2,515,1
ID_4845,58,Bachelor,0.6,35217.33,0,10772.06,4444.36,1,0.281,27313.08,24,0.407,2,519,0
ID_4846,48,Bachelor,1.0,75063.07,1,16055.56,8322.23,0,0.178,34377.94,60,0.096,1,674,0
ID_4847,52,Bachelor,7.5,35668.75,0,0.0,0.0,0,0.224,12582.62,48,0.093,0,637,0
ID_4848,33,Bachelor,3.6,24219.54,1,6150.31,2830.88,0,0.122,6306.31,12,0.273,3,529,0
ID_4849,37,Bachelor,0.1,45090.56,0,10376.43,4313.58,1,0.337,4192.79,48,0.024,0,623,1
ID_4850,21,Bachelor,3.0,94985.99,0,24195.45,2620.16,2,0.341,8170.97,60,0.018,2,523,0
ID_4851,32,Master,2.8,75205.55,1,21167.57,5763.35,1,0.523,12490.95,60,0.035,2,556,1
ID_4852,44,Master,3.6,54133.8,1,12663.44,3773.09,1,0.192,45827.8,36,0.296,4,488,0
ID_4853,54,High School,1.2,43986.91,0,4618.39,0.0,0,0.326,32261.23,60,0.154,0,626,0
ID_4854,25,High School,4.0,44583.49,0,3690.7,2935.12,0,0.16,2000.83,48,0.012,1,602,1
ID_4855,34,Bachelor,16.0,57204.76,0,12337.77,4676.25,1,0.476,17586.39,12,0.323,0,608,0
ID_4856,37,High School,0.4,31754.23,0,8437.65,3089.51,1,0.372,24453.54,60,0.162,0,593,0
ID_4857,22,High School,1.7,45521.79,0,8665.14,4135.54,3,0.086,77802.14,36,0.598,1,500,0
ID_4858,46,Master,1.4,48640.67,0,3692.91,3045.14,0,0.282,25154.41,36,0.181,0,629,1
ID_4859,30,High School,1.4,27569.43,0,0.0,4176.2,0,0.256,33165.31,60,0.253,0,579,0
ID_4860,36,Master,2.4,35624.04,0,8678.46,2122.27,3,0.453,7137.4,12,0.21,2,459,0
ID_4861,33,Bachelor,8.5,66519.7,0,18357.49,5795.75,0,0.427,37971.68,24,0.3,1,576,1
ID_4862,29,Bachelor,11.0,54434.64,1,15766.34,4800.55,0,0.292,49848.09,36,0.321,0,669,1
ID_4863,38,High School,1.1,46426.19,0,8577.44,2101.44,1,0.44,22285.23,36,0.168,0,588,0
ID_4864,36,High School,3.9,34347.56,1,3781.82,2350.19,1,0.119,36078.94,36,0.368,0,640,1
ID_4865,34,Bachelor,5.1,119184.13,1,15727.22,0.0,1,0.288,35358.64,36,0.104,2,581,0
ID_4866,30,High School,3.7,35632.39,0,8231.0,4031.91,0,0.085,26250.16,60,0.155,1,609,1
ID_4867,42,High School,2.8,61438.77,0,10977.17,5980.83,2,0.202,48237.43,24,0.412,0,600,0
ID_4868,58,High School,1.1,42449.29,1,0.0,4221.87,1,0.313,10623.59,36,0.088,2,559,0
ID_4869,40,High School,3.3,55168.07,0,4404.06,2833.3,0,0.165,9300.83,36,0.059,1,617,0
ID_4870,50,High School,2.6,68104.93,0,0.0,5439.15,0,0.42,25080.11,36,0.129,0,609,0
ID_4871,22,Bachelor,4.0,27306.27,1,5034.94,3180.82,2,0.567,18279.89,12,0.703,2,413,0
ID_4872,40,High School,7.2,53997.44,0,3640.22,3334.79,0,0.215,1000.0,36,0.006,0,669,1
ID_4873,25,High School,0.7,98259.22,0,17016.44,4157.99,1,0.069,11835.95,12,0.126,0,654,1
ID_4874,21,Bachelor,0.5,130711.9,1,12213.37,5102.26,0,0.436,1000.0,36,0.003,1,614,1
ID_4875,30,PhD,11.9,50766.55,0,9414.22,0.0,0,0.084,19229.16,24,0.199,1,620,0
ID_4876,53,High School,3.8,55317.28,0,5549.0,2039.4,0,0.337,37838.21,36,0.239,2,542,0
ID_4877,50,High School,9.8,163679.66,0,26661.9,1865.91,1,0.202,25974.54,48,0.042,1,661,1
ID_4878,41,Bachelor,0.3,95555.46,1,0.0,9791.94,0,0.044,27401.75,60,0.06,0,700,1
ID_4879,20,Master,2.0,39789.48,0,8550.38,5266.09,3,0.354,22199.93,36,0.195,0,551,0
ID_4880,36,Bachelor,3.9,39755.69,1,10516.24,3891.46,0,0.284,28810.28,36,0.254,0,659,1
ID_4881,42,Bachelor,9.9,87402.11,1,22406.54,8199.38,1,0.507,75848.78,24,0.456,1,587,0
ID_4882,41,High School,0.5,32678.79,1,3775.41,1888.64,0,0.221,18661.55,36,0.2,1,611,0
ID_4883,18,Bachelor,0.0,93326.87,0,6327.13,6796.84,2,0.181,24761.39,12,0.279,0,584,0
ID_4884,28,High School,2.6,64032.75,0,5792.06,5973.92,2,0.186,9438.41,60,0.031,0,624,1
ID_4885,38,Bachelor,10.0,70182.93,1,11395.63,6752.43,0,0.207,1000.0,36,0.005,0,730,1
ID_4886,45,Bachelor,14.0,47649.77,1,11355.44,938.02,1,0.106,29779.58,36,0.219,1,663,1
ID_4887,18,PhD,0.0,39540.77,0,881.01,2927.09,0,0.086,45371.39,36,0.402,1,535,0
ID_4888,37,High School,16.0,112532.4,1,27280.23,1110.8,1,0.384,66760.85,60,0.125,0,696,1
ID_4889,40,High School,0.0,47888.53,0,5724.13,0.0,2,0.181,21624.24,48,0.119,0,606,0
ID_4890,49,Bachelor,0.2,44114.0,0,13463.52,2533.91,0,0.326,20334.79,24,0.242,0,628,1
ID_4891,47,Bachelor,0.8,52048.51,0,14936.04,4817.8,0,0.019,41839.66,48,0.211,1,638,0
ID_4892,45,Bachelor,2.1,59665.61,0,16333.99,4563.71,0,0.179,55819.5,36,0.327,0,649,1
ID_4893,29,High School,8.9,32357.06,0,11045.46,2656.74,0,0.297,2756.91,36,0.03,2,560,1
ID_4894,18,High School,0.0,40846.0,1,3913.1,0.0,0,0.106,36962.11,48,0.238,1,590,0
ID_4895,34,Bachelor,1.0,39774.61,0,11415.72,4396.44,0,0.679,57901.38,36,0.51,3,391,0
ID_4896,51,High School,4.8,82672.32,0,8775.89,2767.59,0,0.037,20518.85,12,0.261,1,641,1
ID_4897,55,Master,12.5,34787.68,0,11919.17,2458.09,2,0.116,4153.35,24,0.063,0,684,1
ID_4898,47,Bachelor,3.1,22519.03,0,6885.3,2359.36,0,0.501,39133.76,60,0.365,1,531,0
ID_4899,44,Bachelor,0.5,20260.99,0,5535.49,1568.61,0,0.094,1000.0,36,0.017,0,663,1
ID_4900,43,Bachelor,3.1,25972.93,0,6150.13,2015.11,0,0.043,46425.86,60,0.375,0,638,1
ID_4901,32,Bachelor,2.4,107019.8,1,2437.2,10949.17,3,0.403,60832.09,36,0.199,0,598,0
ID_4902,37,High School,4.3,54617.15,1,3264.68,0.0,1,0.382,15997.92,36,0.103,0,631,0
ID_4903,59,Master,2.9,69607.29,0,0.0,3627.97,0,0.146,54844.65,48,0.207,2,561,0
ID_4904,27,High School,0.1,70844.59,0,12929.8,3854.51,1,0.12,36362.92,24,0.269,2,532,0
ID_4905,58,Bachelor,25.6,55719.86,1,11725.03,4848.39,1,0.613,49947.31,12,0.941,4,420,0
ID_4906,35,High School,3.9,52188.08,0,9047.39,5536.13,3,0.188,13302.26,36,0.089,1,571,1
ID_4907,54,Bachelor,3.2,91332.61,0,22566.15,1964.82,2,0.166,36221.38,36,0.139,0,663,1
ID_4908,22,High School,4.0,58279.05,0,6769.84,2002.57,0,0.243,29359.31,12,0.529,2,487,0
ID_4909,46,High School,0.8,109048.58,1,18499.2,10158.0,1,0.424,10858.78,36,0.035,1,634,0
ID_4910,30,PhD,1.0,73896.07,0,18325.13,6912.01,1,0.204,18665.18,36,0.088,0,645,1
ID_4911,22,High School,4.0,39779.3,0,7604.07,4661.73,3,0.235,35370.13,24,0.467,5,317,0
ID_4912,41,Bachelor,1.5,42253.1,1,7624.2,3087.03,0,0.401,4751.31,12,0.118,0,654,0
ID_4913,51,PhD,8.0,37656.75,0,2124.14,3460.37,0,0.167,3373.9,60,0.019,0,680,0
ID_4914,28,High School,1.6,99585.72,0,4909.8,5963.72,1,0.236,2012.56,60,0.004,1,592,1
ID_4915,21,Bachelor,0.2,44243.98,0,4490.8,3148.72,0,0.259,11037.58,36,0.087,1,566,1
ID_4916,37,High School,3.6,36343.24,1,3538.13,3906.94,1,0.46,30153.17,24,0.436,4,403,0
ID_4917,37,High School,1.1,63569.5,0,3596.98,2071.14,0,0.136,15882.26,36,0.087,0,652,1
ID_4918,45,Bachelor,7.1,51607.2,1,9317.28,2503.6,3,0.012,47998.48,24,0.488,1,601,1
ID_4919,50,Master,5.1,62773.25,0,7183.72,0.0,2,0.175,1000.0,36,0.006,0,651,1
ID_4920,38,High School,12.9,139372.7,0,30303.66,8322.52,1,0.628,34235.81,12,0.258,1,571,0
ID_4921,61,Bachelor,7.6,85522.55,1,20097.01,6892.47,0,0.158,18394.68,60,0.045,0,763,1
ID_4922,41,Bachelor,1.0,54912.99,0,7709.76,0.0,2,0.38,23114.1,12,0.442,1,501,0
ID_4923,34,Master,8.1,26790.12,0,0.0,1247.5,0,0.239,37318.75,36,0.488,3,435,1
ID_4924,19,High School,1.0,42193.39,0,14843.33,1631.6,0,0.125,1000.0,36,0.008,1,606,1
ID_4925,35,Bachelor,5.5,77305.71,0,15051.92,8162.26,3,0.176,1000.0,36,0.005,0,645,1
ID_4926,34,Bachelor,8.9,30166.26,1,7833.91,4597.81,1,0.437,23872.04,24,0.415,0,606,1
ID_4927,50,Bachelor,4.3,158021.31,1,7803.0,5287.13,0,0.256,20995.1,36,0.047,2,633,1
ID_4928,44,Master,3.1,54568.29,1,14743.21,1218.56,3,0.058,1000.0,36,0.006,0,688,1
ID_4929,24,Master,5.1,55515.87,0,8341.95,1328.25,3,0.076,61093.38,24,0.578,7,300,0
ID_4930,41,High School,1.8,38819.48,0,5271.82,2701.41,2,0.157,4145.3,36,0.037,0,630,0
ID_4931,47,Bachelor,1.0,69450.45,0,20677.57,4020.54,0,0.403,15418.61,24,0.117,0,644,1
ID_4932,57,Bachelor,4.8,30363.58,1,0.0,2658.31,0,0.225,45699.99,12,1.58,3,365,0
ID_4933,49,High School,1.3,159922.77,0,16340.23,13369.34,0,0.199,12848.4,12,0.084,0,698,1
ID_4934,48,Bachelor,0.4,104681.29,1,29015.45,9930.63,1,0.216,9378.73,36,0.031,0,717,1
ID_4935,39,Bachelor,0.0,88623.14,0,6005.89,1695.35,4,0.228,32003.18,48,0.095,0,586,0
ID_4936,43,Bachelor,4.7,27032.24,0,7894.59,2026.29,3,0.231,11624.12,60,0.09,1,561,1
ID_4937,53,PhD,2.2,60036.42,1,4800.69,0.0,2,0.22,32107.25,36,0.187,0,649,0
ID_4938,23,High School,5.0,99165.28,0,7576.14,1961.6,0,0.223,34235.37,24,0.181,0,634,0
ID_4939,34,Master,2.4,72878.77,1,17736.66,6847.18,1,0.357,31826.69,24,0.229,1,602,1
ID_4940,29,Bachelor,3.3,32824.99,0,5552.7,2233.56,2,0.562,46221.48,36,0.493,1,457,0
ID_4941,43,Bachelor,2.6,39142.07,0,1634.23,2697.13,0,0.1,18054.53,12,0.484,2,518,0
ID_4942,53,Master,5.3,43218.85,0,5417.03,2042.86,0,0.181,15927.02,24,0.193,1,616,1
ID_4943,31,Bachelor,2.2,40065.91,0,5496.13,4845.07,1,0.186,23460.49,36,0.205,0,613,1
ID_4944,18,Bachelor,0.0,116353.64,0,23873.19,10286.89,0,0.284,1000.0,36,0.003,0,653,0
ID_4945,34,Bachelor,13.8,20733.24,0,0.0,2072.61,3,0.151,28846.29,36,0.487,3,416,0
ID_4946,49,Bachelor,9.4,75203.99,0,19629.55,8105.07,0,0.096,19066.46,60,0.053,1,681,1
ID_4947,45,Master,12.6,28391.59,0,3019.49,2557.63,1,0.284,31884.21,36,0.393,2,515,0
ID_4948,44,Master,3.0,33502.46,1,0.0,3709.96,4,0.259,8866.23,36,0.093,2,506,0
ID_4949,35,High School,3.8,19833.61,0,5341.42,1439.95,4,0.146,49215.07,60,0.521,1,486,0
ID_4950,23,High School,5.0,41170.32,1,10074.95,3272.81,1,0.244,21260.35,36,0.181,0,645,0
ID_4951,45,Bachelor,6.0,115308.43,1,5305.3,11004.1,2,0.723,40040.08,36,0.122,8,300,0
ID_4952,28,High School,10.0,61846.58,1,8325.66,5769.86,3,0.433,15865.13,36,0.09,5,397,0
ID_4953,65,Bachelor,6.3,29756.99,1,2898.51,3863.9,2,0.197,33400.44,60,0.236,3,533,0
ID_4954,45,High School,27.0,90090.85,1,24207.14,7860.18,1,0.413,1000.0,24,0.006,1,703,1
ID_4955,32,Bachelor,2.1,100273.04,1,3145.14,2601.06,1,0.119,1000.0,24,0.005,0,686,1
ID_4956,31,High School,8.9,57069.39,0,12508.97,3494.07,1,0.057,21275.49,60,0.078,0,677,1
ID_4957,37,High School,6.0,149847.68,1,8717.4,2518.73,1,0.223,24637.75,36,0.058,0,697,1
ID_4958,36,Bachelor,5.9,81697.78,1,4782.11,3413.84,2,0.479,23268.67,36,0.1,2,533,0
ID_4959,52,Bachelor,2.0,76215.97,0,8411.95,4679.85,1,0.227,19794.36,36,0.091,1,614,0
ID_4960,41,PhD,7.7,36254.2,1,0.0,2020.34,2,0.596,17771.58,24,0.257,1,517,0
ID_4961,30,Master,11.5,74139.17,1,0.0,3722.85,0,0.295,37156.57,36,0.175,0,655,0
ID_4962,61,Bachelor,1.2,60378.94,1,15375.82,5703.29,1,0.542,57110.08,24,0.497,2,522,0
ID_4963,39,High School,4.9,70256.95,1,3603.94,7430.49,0,0.169,71573.39,60,0.214,3,551,1
ID_4964,48,Master,2.5,38472.82,1,5530.74,924.09,1,0.313,44701.0,36,0.407,0,619,1
ID_4965,31,Master,13.0,57759.87,0,6985.41,1578.8,1,0.163,1000.0,60,0.004,2,580,1
ID_4966,43,Master,3.3,36010.62,0,5129.31,726.88,2,0.827,43916.05,24,0.64,2,367,0
ID_4967,42,High School,1.3,18516.8,0,5466.72,3276.16,0,0.184,43686.9,36,0.826,1,510,0
ID_4968,18,PhD,0.0,89246.04,0,23782.72,6421.01,0,0.009,23186.38,24,0.136,0,672,0
ID_4969,63,High School,5.3,25560.55,0,2446.88,0.0,2,0.227,41690.27,24,0.856,4,355,0
ID_4970,54,Bachelor,0.4,57159.06,0,11795.38,5823.89,3,0.555,31482.91,36,0.193,0,567,0
ID_4971,34,Master,4.6,63991.21,1,5927.89,6793.39,0,0.29,24734.72,36,0.135,0,675,1
ID_4972,25,High School,7.0,63785.52,0,9032.32,1569.88,0,0.563,29558.44,36,0.162,2,498,0
ID_4973,43,Master,9.5,47026.21,1,9559.25,2964.19,0,0.217,15026.25,24,0.168,2,612,1
ID_4974,40,High School,0.4,62044.41,0,9999.37,7081.35,1,0.652,1000.0,12,0.017,1,542,0
ID_4975,43,PhD,25.0,68561.3,0,5412.45,2807.74,1,0.688,1000.0,48,0.004,2,548,0
ID_4976,41,High School,6.0,78235.78,0,4682.53,4694.88,1,0.157,41505.41,36,0.186,0,648,0
ID_4977,45,PhD,0.9,128890.78,0,13978.5,5647.58,1,0.665,6535.39,36,0.018,1,560,0
ID_4978,56,High School,0.1,60906.62,0,14303.08,3661.72,1,0.165,1000.0,12,0.017,1,634,0
ID_4979,45,Bachelor,0.9,55939.41,1,5494.2,5443.95,0,0.128,1000.0,24,0.009,1,669,1
ID_4980,26,Bachelor,8.0,34428.35,0,0.0,2251.95,1,0.029,16430.82,36,0.167,0,620,1
ID_4981,55,Bachelor,0.1,67371.22,0,0.0,6272.37,1,0.206,52285.78,36,0.272,1,565,1
ID_4982,58,High School,1.3,75636.3,0,17169.78,6491.29,2,0.171,22387.59,36,0.104,0,666,1
ID_4983,75,Bachelor,7.1,49209.82,1,7651.52,4001.17,3,0.404,1000.0,36,0.007,0,680,1
ID_4984,25,High School,4.4,71132.97,0,6733.85,0.0,1,0.338,51670.96,60,0.153,1,548,0
ID_4985,41,Bachelor,7.6,46804.84,0,15486.17,5025.07,0,0.097,30878.79,36,0.231,1,633,1
ID_4986,18,High School,0.0,75772.93,0,0.0,7779.22,0,0.068,18762.7,60,0.052,0,630,1
ID_4987,45,PhD,0.3,85502.52,0,17465.15,6921.07,1,0.243,33738.21,36,0.138,1,605,0
ID_4988,32,High School,11.2,84907.18,0,0.0,4724.79,0,0.339,25210.13,24,0.156,3,485,0
ID_4989,62,High School,1.3,57464.47,0,0.0,2815.24,0,0.451,12087.68,24,0.11,2,522,0
ID_4990,29,High School,4.0,32209.47,0,10284.23,303.23,0,0.401,15158.92,36,0.165,0,598,0
ID_4991,18,Bachelor,0.0,39896.48,0,12501.86,1164.47,3,0.228,2736.5,24,0.036,0,579,1
ID_4992,33,High School,0.9,72953.58,0,16590.52,2976.99,0,0.157,16545.07,36,0.079,1,620,0
ID_4993,18,Bachelor,0.0,184315.85,0,45282.41,4035.73,0,0.519,41746.26,36,0.079,0,618,1
ID_4994,48,Master,3.3,45690.22,0,7038.2,1871.54,3,0.294,41253.18,36,0.316,1,532,0
ID_4995,18,Bachelor,0.0,68044.61,0,0.0,1235.95,1,0.082,21833.74,36,0.112,1,550,0
ID_4996,39,Bachelor,13.8,41026.51,0,12444.43,2468.07,0,0.164,22031.19,60,0.113,0,688,1
ID_4997,18,High School,0.0,33290.14,0,5351.69,2443.67,2,0.528,6397.25,36,0.067,1,492,1
ID_4998,35,Bachelor,6.0,38632.23,1,6532.51,4741.67,0,0.121,32127.73,36,0.291,2,589,0
ID_4999,58,High School,3.7,19125.24,0,2573.16,2243.81,2,0.235,1000.0,36,0.018,1,585,0
ID_5000,43,Bachelor,9.0,106587.07,0,0.0,7842.13,1,0.046,39971.54,24,0.197,1,613,1
ID_5001,28,High School,0.2,17764.1,0,4542.26,2225.55,0,0.309,32536.31,12,1.923,10,300,0
ID_5002,38,Bachelor,1.6,47481.05,0,11253.38,1957.09,1,0.056,20226.96,36,0.149,2,563,1
ID_5003,39,Bachelor,3.2,30059.56,0,4309.6,3557.94,1,0.216,32838.29,60,0.229,1,566,1
ID_5004,44,Master,0.4,34815.22,0,5800.26,3369.43,1,0.151,18858.37,60,0.114,0,638,1
ID_5005,22,High School,4.0,107824.62,1,0.0,2388.34,2,0.297,28396.41,36,0.092,0,609,0
ID_5006,46,Bachelor,2.5,59906.09,1,19484.85,3124.93,0,0.313,28867.38,48,0.126,1,645,1
ID_5007,18,High School,0.0,33433.11,0,0.0,3808.58,0,0.327,45998.96,60,0.289,1,503,0
ID_5008,31,Bachelor,0.0,40345.75,0,5123.23,3182.79,4,0.365,33809.78,60,0.176,0,537,0
ID_5009,33,Master,6.4,36947.73,0,5388.69,2748.4,1,0.32,43875.58,36,0.416,3,442,0
ID_5010,46,Bachelor,9.0,53009.54,1,15288.36,0.0,1,0.181,32076.62,36,0.212,0,687,0
ID_5011,39,Bachelor,2.5,59068.07,0,0.0,6105.44,0,0.453,23967.65,24,0.213,2,490,0
ID_5012,22,Master,4.0,139774.74,1,0.0,11215.15,0,0.31,34266.34,12,0.257,3,494,0
ID_5013,27,Bachelor,1.3,20782.15,0,4442.82,3409.41,1,0.043,31208.66,36,0.526,0,578,1
ID_5014,41,Bachelor,4.9,53241.52,0,9592.67,6075.12,0,0.547,18498.04,36,0.122,0,614,1
ID_5015,38,Bachelor,0.1,46268.48,0,5318.95,2869.66,0,0.321,1000.0,12,0.023,2,542,0
ID_5016,32,Bachelor,3.4,86966.15,0,19417.44,6074.57,1,0.484,15599.75,24,0.094,0,612,0
ID_5017,33,High School,5.2,64693.05,0,17065.31,7092.98,0,0.226,15466.37,36,0.084,0,668,1
ID_5018,47,Master,12.5,72778.88,0,0.0,2832.88,1,0.678,34994.34,48,0.126,7,300,0
ID_5019,32,Bachelor,2.4,64379.02,0,5743.0,3074.3,1,0.415,23828.6,36,0.13,0,594,0
ID_5020,37,High School,7.2,33996.21,0,8453.22,2109.78,0,0.305,10374.48,36,0.107,3,506,0
ID_5021,65,Bachelor,4.6,99273.38,1,23034.17,3868.22,1,0.184,22037.06,12,0.233,1,675,1
ID_5022,21,Bachelor,3.0,80761.24,1,4135.93,2530.7,0,0.178,19228.68,60,0.05,0,676,0
ID_5023,18,High School,0.0,85627.77,1,13894.29,7425.99,4,0.167,8461.11,60,0.021,0,630,1
ID_5024,48,Bachelor,1.9,101928.32,1,0.0,9403.81,3,0.078,51407.83,36,0.177,1,604,1
ID_5025,30,Master,10.9,66758.54,0,16781.45,1406.76,1,0.411,21648.47,36,0.113,0,625,0
ID_5026,35,Master,0.3,113606.52,0,0.0,9077.73,0,0.175,10747.59,48,0.025,3,510,0
ID_5027,29,PhD,0.7,65435.47,0,17130.61,5657.54,3,0.421,1000.0,60,0.003,1,542,0
ID_5028,35,Master,0.4,48555.89,0,6956.33,2359.32,4,0.174,26574.38,36,0.192,1,529,0
ID_5029,58,High School,9.3,53997.77,0,10571.1,1439.6,1,0.53,34325.85,48,0.167,1,577,0
ID_5030,48,Bachelor,0.1,53534.31,0,4302.81,0.0,1,0.372,13270.84,24,0.13,1,554,0
ID_5031,49,Master,9.9,41785.49,1,13298.24,3244.77,0,0.051,27525.2,24,0.346,1,671,1
ID_5032,22,Bachelor,3.0,122509.57,0,24585.13,5890.08,0,0.343,5355.16,48,0.011,0,653,0
ID_5033,25,Bachelor,0.0,62827.47,0,5965.54,3540.67,1,0.185,20871.93,60,0.07,0,622,1
ID_5034,18,Bachelor,0.0,56804.41,0,0.0,2018.1,1,0.174,44524.42,36,0.274,0,562,0
ID_5035,29,Bachelor,1.0,65784.34,0,12474.69,6065.61,0,0.136,20797.2,36,0.111,0,659,1
ID_5036,50,Master,4.9,240368.22,1,0.0,18454.36,0,0.51,13402.98,36,0.02,2,585,0
ID_5037,45,Bachelor,5.7,30765.15,0,0.0,3342.52,1,0.334,49159.36,60,0.336,1,527,0
ID_5038,36,Bachelor,3.3,35506.84,0,5301.51,3605.54,0,0.625,28560.95,60,0.169,2,482,0
ID_5039,38,PhD,0.2,27165.81,0,7625.58,2233.54,1,0.158,15944.13,60,0.123,1,581,1
ID_5040,30,Bachelor,5.3,48228.26,1,3339.22,4923.34,1,0.276,9419.56,24,0.103,0,651,1
ID_5041,41,High School,9.2,61252.46,0,8987.92,2977.65,1,0.525,4320.21,48,0.019,1,578,1
ID_5042,48,Bachelor,6.4,42930.54,1,11271.56,2590.55,0,0.101,32682.08,48,0.2,1,669,1
ID_5043,19,Master,1.0,41362.78,0,8752.98,3980.83,1,0.458,38806.24,24,0.493,0,525,0
ID_5044,42,Bachelor,1.1,58174.5,0,5718.95,6487.61,0,0.413,25002.0,36,0.15,0,618,1
ID_5045,50,Bachelor,11.0,42148.15,1,13082.93,1991.97,2,0.464,21428.38,12,0.534,0,603,1
ID_5046,34,Bachelor,1.9,63265.02,1,0.0,1241.11,0,0.042,35589.17,36,0.197,0,664,1
ID_5047,47,High School,0.1,94572.04,0,18114.67,4736.33,0,0.556,1000.0,36,0.004,4,456,0
ID_5048,72,Master,9.3,76002.02,0,0.0,6248.8,0,0.379,26366.08,24,0.182,3,519,0
ID_5049,37,Master,14.2,84162.66,1,0.0,2598.09,1,0.288,25309.95,24,0.158,1,613,0
ID_5050,43,High School,5.3,93242.53,0,6469.72,7449.94,1,0.685,32463.56,36,0.122,2,496,0
ID_5051,30,High School,1.3,62405.84,1,6026.09,5882.65,0,0.077,33620.53,60,0.113,0,695,1
ID_5052,41,PhD,1.5,50045.08,1,15216.75,1236.81,1,0.34,17656.57,24,0.185,1,601,0
ID_5053,44,Master,3.1,36822.84,0,10213.04,0.0,0,0.668,58379.52,60,0.333,2,463,0
ID_5054,41,Master,11.4,44551.94,1,8013.06,713.4,1,0.313,5476.45,48,0.032,0,683,1
ID_5055,26,Master,0.8,41695.86,0,0.0,3475.76,0,0.51,16422.92,36,0.138,3,418,0
ID_5056,41,Bachelor,8.7,78107.09,1,0.0,7926.72,2,0.209,40444.7,24,0.272,3,502,0
ID_5057,56,Bachelor,1.7,64433.65,0,8594.44,3159.26,3,0.087,13571.44,60,0.044,0,655,1
ID_5058,44,Bachelor,8.3,76755.39,0,12345.1,2125.5,4,0.499,27005.82,36,0.123,1,531,0
ID_5059,50,High School,12.6,30328.15,0,5699.29,0.0,2,0.544,15415.09,36,0.178,0,582,0
ID_5060,36,Bachelor,2.8,110843.52,0,11783.51,1871.16,0,0.432,17956.62,36,0.057,2,544,0
ID_5061,47,Bachelor,2.3,43761.5,0,8925.12,4052.19,0,0.301,1699.72,36,0.014,1,614,0
ID_5062,42,Bachelor,8.1,31256.78,0,7570.67,3105.8,0,0.193,38693.68,60,0.26,3,512,0
ID_5063,27,Bachelor,3.8,43494.56,1,5747.89,2946.73,0,0.083,39093.94,12,0.944,3,453,0
ID_5064,42,Bachelor,5.8,187565.42,1,45440.96,10710.4,0,0.229,39031.83,36,0.073,0,746,1
ID_5065,27,High School,4.9,44629.11,1,7684.53,2917.39,1,0.418,17272.75,36,0.135,2,537,0
ID_5066,31,High School,0.8,46048.56,0,8284.56,1695.51,1,0.312,30978.73,24,0.353,0,575,0
ID_5067,41,High School,9.3,49214.7,0,7472.51,4996.15,2,0.444,60912.47,36,0.433,3,433,0
ID_5068,42,High School,1.1,50296.45,1,10595.36,1716.26,1,0.236,30223.07,36,0.21,3,521,0
ID_5069,24,PhD,6.0,36653.42,0,5048.52,675.04,1,0.216,4188.38,24,0.06,1,572,0
ID_5070,51,High School,1.4,58198.02,1,7776.51,4613.95,0,0.503,9627.78,24,0.087,2,570,1
ID_5071,45,High School,6.6,92762.47,0,0.0,0.0,2,0.231,8778.63,12,0.099,1,562,0
ID_5072,30,Bachelor,1.7,63395.28,1,4644.39,3737.39,2,0.063,48776.01,48,0.202,1,607,0
ID_5073,20,Bachelor,1.9,31083.03,0,6974.74,2334.46,0,0.34,32097.5,24,0.542,0,547,0
ID_5074,37,High School,1.9,45607.48,1,12326.55,2731.65,0,0.233,1000.0,48,0.006,0,695,1
ID_5075,33,Bachelor,6.9,41119.44,1,5577.62,1777.69,0,0.371,48452.72,60,0.247,0,640,0
ID_5076,40,Bachelor,4.1,55629.55,0,6310.53,4522.83,1,0.163,35199.97,24,0.332,1,578,0
ID_5077,34,High School,10.7,105369.22,1,9376.16,10974.52,0,0.563,28139.43,24,0.14,2,573,0
ID_5078,18,High School,0.0,50289.85,0,11493.63,4332.7,1,0.272,52310.72,24,0.546,4,369,1
ID_5079,34,Master,5.9,51840.27,0,0.0,4665.88,1,0.174,20877.23,36,0.141,4,434,0
ID_5080,35,Master,7.0,131771.21,1,27527.45,5012.12,1,0.187,49514.88,60,0.079,0,716,1
ID_5081,46,Bachelor,0.8,83960.61,0,16870.28,8073.74,2,0.239,1000.0,24,0.006,1,610,1
ID_5082,30,High School,2.6,72188.83,1,12705.31,5349.41,1,0.215,11806.17,24,0.086,1,631,0
ID_5083,59,Bachelor,3.3,144215.76,1,33203.44,10019.54,1,0.387,39252.13,36,0.095,1,666,1
ID_5084,18,Bachelor,0.0,69210.35,1,6328.53,7556.05,0,0.233,55207.66,60,0.168,0,651,1
ID_5085,54,High School,1.9,20065.08,0,4764.72,0.0,1,0.135,3079.89,60,0.032,0,648,0
ID_5086,36,Bachelor,5.8,82152.53,1,18005.29,5205.85,1,0.481,17474.51,36,0.074,0,659,0
ID_5087,49,Bachelor,1.2,24440.47,0,4568.89,2014.95,3,0.139,27991.77,48,0.301,1,541,0
ID_5088,39,High School,6.2,67914.35,0,6271.58,6668.5,1,0.132,8090.76,36,0.042,1,626,1
ID_5089,52,Bachelor,13.7,22997.21,0,4644.11,3343.24,1,0.03,20261.42,48,0.231,1,633,1
ID_5090,34,Master,4.2,42897.65,0,11097.43,0.0,1,0.687,53484.19,36,0.436,2,427,0
ID_5091,25,High School,4.7,45166.36,0,10580.25,3375.39,0,0.249,6435.07,24,0.075,1,596,0
ID_5092,56,Master,0.4,36862.15,0,11245.02,4361.49,0,0.238,20673.24,36,0.196,0,654,0
ID_5093,37,High School,10.0,45504.84,1,10535.67,0.0,0,0.362,29913.79,48,0.173,0,665,1
ID_5094,41,Master,1.7,90787.86,0,23136.06,3615.6,0,0.067,33377.95,48,0.097,0,696,1
ID_5095,53,High School,4.8,37912.02,0,11720.52,2553.49,0,0.292,9434.67,24,0.131,3,524,0
ID_5096,26,High School,8.0,71151.77,0,9537.56,5774.04,1,0.175,21790.67,36,0.107,1,605,0
ID_5097,46,Bachelor,4.5,33428.87,1,8049.81,1782.27,2,0.182,19782.83,60,0.124,0,665,1
ID_5098,31,Bachelor,6.4,49278.85,1,9197.41,2641.09,2,0.495,30465.37,48,0.162,1,563,1
ID_5099,37,Master,2.9,63698.71,0,18388.93,5220.34,0,0.348,3829.0,36,0.021,1,611,0
ID_5100,39,Bachelor,0.3,32916.71,1,2724.7,4637.35,0,0.534,47885.47,24,0.764,4,359,0
ID_5101,20,High School,2.0,28117.28,0,3891.34,1346.49,0,0.05,29644.75,36,0.369,2,512,0
ID_5102,29,Bachelor,0.2,69281.91,1,5255.86,6665.16,0,0.397,44207.98,36,0.223,0,631,1
ID_5103,55,Bachelor,6.0,94991.26,0,8912.16,6381.48,0,0.71,14717.42,48,0.041,4,446,0
ID_5104,49,High School,0.1,52076.42,0,9312.05,5324.06,1,0.515,3036.44,36,0.02,1,567,0
ID_5105,38,Bachelor,9.9,43102.81,1,6136.69,3471.96,0,0.346,7818.25,36,0.063,0,685,1
ID_5106,41,Bachelor,0.9,58561.79,1,13227.29,3786.4,0,0.243,37612.07,36,0.225,1,630,0
ID_5107,35,Master,3.6,55700.25,0,17108.16,5093.28,1,0.281,17065.74,12,0.322,1,566,0
ID_5108,55,PhD,4.5,61172.39,1,0.0,2183.5,0,0.165,1000.0,48,0.004,1,657,1
ID_5109,36,High School,3.1,15304.12,0,0.0,2391.9,1,0.098,28248.9,60,0.388,2,485,0
ID_5110,41,Bachelor,2.1,31743.65,0,7296.58,2555.01,0,0.286,19225.83,12,0.636,2,481,1
ID_5111,52,Bachelor,3.2,35503.44,1,9167.9,3065.33,0,0.125,19684.07,36,0.194,1,659,1
ID_5112,29,Bachelor,1.9,58421.18,0,4441.24,1320.57,0,0.095,1000.0,60,0.004,0,660,1
ID_5113,57,Bachelor,2.9,59452.86,0,0.0,2213.87,0,0.539,1000.0,36,0.006,0,609,1
ID_5114,20,PhD,2.0,74465.43,0,19538.19,2616.96,0,0.5,15136.04,36,0.071,2,514,0
ID_5115,58,Bachelor,4.2,61623.03,1,5551.62,4954.54,0,0.424,8304.39,12,0.141,1,634,1
ID_5116,34,PhD,1.4,28272.15,0,7459.95,2844.54,0,0.229,14751.69,48,0.137,2,538,0
ID_5117,36,Master,18.0,111692.22,0,0.0,3448.38,1,0.24,39985.25,36,0.125,1,603,0
ID_5118,18,Master,0.0,102330.1,0,3902.81,2395.17,0,0.43,5845.77,36,0.02,1,553,1
ID_5119,33,Master,1.1,28879.91,1,7732.22,3400.54,0,0.118,8697.24,12,0.316,1,613,0
ID_5120,26,Bachelor,3.2,63981.72,1,5884.27,0.0,1,0.385,15511.96,36,0.085,0,625,0
ID_5121,31,High School,10.1,40226.76,0,5030.02,3694.29,1,0.43,7659.75,12,0.2,2,505,0
ID_5122,37,Bachelor,0.1,58071.6,0,8628.05,2868.53,0,0.192,21122.79,60,0.076,2,562,0
ID_5123,50,High School,5.7,91734.62,0,15439.17,7713.52,0,0.149,43497.66,60,0.1,0,704,0
ID_5124,41,Bachelor,4.0,157165.1,1,0.0,13626.64,1,0.277,19825.13,36,0.044,0,671,0
ID_5125,42,Bachelor,0.9,78876.52,0,3022.85,0.0,0,0.316,29647.88,60,0.079,0,625,0
ID_5126,25,Bachelor,7.0,62784.74,0,15374.91,2820.88,1,0.074,1000.0,36,0.006,0,674,0
ID_5127,28,PhD,2.3,45710.78,0,10320.16,2478.64,1,0.404,26467.69,24,0.304,1,526,0
ID_5128,60,Master,1.7,59341.69,1,16827.99,2284.75,1,0.626,51564.68,36,0.304,2,528,0
ID_5129,30,High School,8.8,106925.32,0,0.0,11834.5,0,0.296,26768.72,36,0.088,0,635,1
ID_5130,58,Bachelor,5.1,52978.72,0,8160.43,3285.61,2,0.041,27307.67,48,0.135,1,629,1
ID_5131,36,Bachelor,11.4,34785.07,1,0.0,2845.99,3,0.282,30139.83,36,0.303,2,503,0
ID_5132,39,Bachelor,5.0,24104.53,0,6171.94,2589.43,0,0.229,53224.14,60,0.464,1,555,1
ID_5133,51,Bachelor,6.8,70019.14,0,15980.72,4874.52,0,0.325,49368.02,60,0.148,1,625,1
ID_5134,54,Bachelor,9.1,61306.68,0,3334.91,5248.67,1,0.136,6604.78,36,0.038,1,641,0
ID_5135,37,Bachelor,0.3,39224.07,0,0.0,1446.2,1,0.289,46647.39,48,0.312,1,512,0
ID_5136,34,Master,7.5,90491.13,0,5995.13,4164.84,1,0.456,49769.3,36,0.192,0,602,1
ID_5137,38,Master,4.8,43875.51,1,752.73,5929.44,2,0.214,1000.0,60,0.005,0,653,0
ID_5138,43,High School,0.4,50649.16,1,8062.87,1330.78,0,0.064,25470.11,12,0.528,0,654,1
ID_5139,49,Bachelor,3.6,53726.84,0,0.0,2447.49,1,0.236,34459.9,48,0.168,1,566,0
ID_5140,39,Bachelor,0.4,45457.07,1,13790.59,4519.09,0,0.266,1000.0,36,0.008,1,647,1
ID_5141,46,High School,6.7,60957.52,0,18265.67,5031.52,0,0.6,12753.44,12,0.22,3,478,0
ID_5142,58,High School,4.0,96351.44,0,20449.41,0.0,0,0.132,12116.06,48,0.033,1,665,1
ID_5143,43,Bachelor,15.3,30600.12,1,3959.73,2888.5,1,0.249,13388.05,36,0.153,4,503,0
ID_5144,42,Bachelor,1.0,69165.68,0,7370.79,1504.65,1,0.416,43803.38,36,0.222,1,547,0
ID_5145,20,High School,2.0,59046.43,0,0.0,5023.5,0,0.126,23982.01,48,0.107,0,616,0
ID_5146,18,Bachelor,0.0,58505.84,1,8350.54,6601.31,1,0.136,32581.39,24,0.292,0,636,1
ID_5147,43,Bachelor,4.8,83777.71,0,9059.71,0.0,1,0.304,26610.07,24,0.167,1,580,0
ID_5148,37,High School,6.4,55528.34,0,8280.87,4523.21,0,0.081,69426.05,36,0.438,1,597,1
ID_5149,32,High School,6.4,68879.55,0,10741.41,3302.23,0,0.671,42935.56,48,0.164,0,585,0
ID_5150,41,Master,8.4,77492.18,0,18834.85,1890.26,0,0.174,24683.75,60,0.067,0,693,1
ID_5151,38,High School,9.6,42100.61,1,11918.46,2819.58,1,0.319,20247.61,36,0.168,2,577,0
ID_5152,52,Master,0.4,62918.26,1,12342.72,4912.84,1,0.253,12462.3,36,0.069,0,691,1
ID_5153,40,Bachelor,2.1,47791.65,1,11316.59,5486.52,1,0.356,7482.17,36,0.055,1,618,1
ID_5154,30,High School,5.8,50698.88,0,6111.51,4009.81,0,0.113,3455.68,60,0.014,0,673,0
ID_5155,50,High School,3.5,46118.49,1,0.0,0.0,2,0.263,42676.9,60,0.194,0,615,1
ID_5156,36,High School,1.1,68565.19,1,16764.1,2125.18,0,0.528,8889.92,24,0.068,3,513,0
ID_5157,45,High School,4.0,56433.73,0,14480.17,3217.07,1,0.395,36556.62,36,0.227,1,569,0
ID_5158,33,High School,2.6,65990.89,1,7715.61,6858.46,0,0.115,15936.57,60,0.051,0,708,1
ID_5159,31,Bachelor,2.5,53703.92,1,8686.71,5020.17,1,0.402,11480.35,36,0.075,0,641,0
ID_5160,40,High School,8.3,24292.9,0,9825.42,1426.26,1,0.213,19055.3,36,0.275,0,622,0
ID_5161,39,Bachelor,2.6,55032.78,1,9972.52,3889.01,1,0.209,57254.42,60,0.218,0,664,1
ID_5162,44,Bachelor,0.1,55925.12,0,6239.43,2992.49,1,0.462,79678.28,24,0.748,3,385,0
ID_5163,35,High School,0.3,61163.02,1,15848.76,3443.42,0,0.106,18403.08,24,0.158,0,697,1
ID_5164,18,High School,0.0,40260.87,0,7892.6,0.0,0,0.234,16752.78,60,0.087,1,562,0
ID_5165,33,High School,15.0,29800.04,0,4994.79,3367.61,3,0.257,42190.18,36,0.496,1,521,0
ID_5166,48,High School,5.8,74035.75,0,8874.38,3042.42,0,0.159,27748.52,24,0.197,2,584,0
ID_5167,35,Bachelor,2.3,47249.47,0,13306.96,0.0,0,0.242,13240.46,36,0.098,0,639,0
ID_5168,36,High School,14.0,59019.43,0,0.0,2180.19,0,0.263,33834.08,60,0.12,1,594,0
ID_5169,50,Bachelor,5.4,47064.3,0,0.0,5439.78,0,0.195,38815.36,12,0.866,4,377,0
ID_5170,30,Bachelor,9.3,54012.41,0,2006.87,3751.4,0,0.367,20679.7,24,0.201,0,611,0
ID_5171,20,Bachelor,2.0,43276.17,0,8697.36,4397.9,1,0.656,21182.89,36,0.171,1,494,1
ID_5172,37,Bachelor,2.4,33388.21,0,3287.52,4396.2,1,0.366,55869.59,24,0.878,3,370,0
ID_5173,33,Bachelor,3.3,68656.14,0,4400.41,2642.31,0,0.369,10224.67,60,0.031,3,493,0
ID_5174,27,High School,1.0,40072.27,1,6140.12,4401.54,4,0.587,15279.37,36,0.133,0,545,0
ID_5175,36,High School,1.7,58804.62,0,2046.31,4908.42,1,0.259,16674.28,36,0.099,0,615,1
ID_5176,44,Bachelor,7.5,66518.15,0,0.0,3717.23,1,0.304,55582.98,12,0.877,5,300,0
ID_5177,38,High School,11.2,40400.35,0,3526.6,3382.12,1,0.092,1000.0,36,0.009,0,676,1
ID_5178,42,Bachelor,6.4,29674.91,1,7022.76,3722.75,1,0.518,39803.38,24,0.704,4,380,0
ID_5179,60,Bachelor,3.1,182233.26,1,10227.56,10788.8,0,0.17,24469.02,60,0.028,1,711,0
ID_5180,34,Bachelor,0.5,41610.76,1,11028.07,3519.21,1,0.11,57642.82,36,0.485,4,452,0
ID_5181,42,Bachelor,0.3,73991.73,0,0.0,5385.85,2,0.462,31401.32,36,0.149,2,466,0
ID_5182,32,Bachelor,2.3,142875.91,1,22299.56,0.0,0,0.344,1000.0,36,0.002,2,598,0
ID_5183,28,Bachelor,3.1,80414.83,0,0.0,7414.08,1,0.673,54006.79,48,0.176,1,485,0
ID_5184,31,Bachelor,4.7,46619.71,1,13565.38,5773.0,1,0.271,20751.83,48,0.117,0,666,1
ID_5185,33,Bachelor,0.0,52388.47,1,12593.93,2231.21,0,0.011,1000.0,24,0.01,0,719,1
ID_5186,43,Bachelor,22.9,35728.23,0,0.0,3030.56,2,0.261,17702.34,24,0.26,2,529,0
ID_5187,67,Master,2.3,84191.41,0,4137.83,0.0,0,0.078,25649.85,12,0.32,1,624,1
ID_5188,30,Bachelor,9.4,71907.46,1,17788.3,2823.77,0,0.129,6115.3,60,0.018,1,685,1
ID_5189,34,Bachelor,3.8,41889.36,0,6378.49,0.0,2,0.363,1000.0,36,0.008,1,549,0
ID_5190,38,Bachelor,0.7,32173.96,1,6458.98,1497.86,1,0.178,30338.65,24,0.495,3,478,0
ID_5191,43,Bachelor,8.0,27983.86,1,0.0,4039.64,1,0.037,2611.27,36,0.033,1,646,0
ID_5192,42,High School,6.2,88721.45,0,20776.71,7115.63,1,0.337,6532.83,12,0.077,1,613,0
ID_5193,54,Master,3.7,57537.18,0,15098.45,3618.98,0,0.298,49432.06,60,0.18,1,616,1
ID_5194,18,High School,0.0,60324.42,0,0.0,3585.08,0,0.4,19050.01,24,0.166,2,469,0
ID_5195,18,Bachelor,0.0,35901.19,0,8797.39,2428.05,4,0.253,3090.36,36,0.03,0,559,0
ID_5196,33,Bachelor,5.3,26062.39,0,6508.92,996.34,0,0.44,8879.52,60,0.072,2,516,0
ID_5197,52,PhD,12.1,87667.52,1,10356.75,8348.64,1,0.114,31951.74,24,0.191,0,731,1
ID_5198,20,High School,0.5,55327.18,1,18642.79,2614.27,0,0.502,32594.55,24,0.309,1,556,1
ID_5199,18,Bachelor,0.0,85273.36,1,7131.91,6044.66,2,0.125,36982.83,36,0.152,1,597,0
ID_5200,45,Bachelor,11.6,44668.93,0,7298.17,3466.6,3,0.387,39476.99,60,0.186,2,509,1
ID_5201,41,High School,1.7,48126.64,1,3955.77,0.0,0,0.526,31003.42,60,0.135,0,619,1
ID_5202,25,High School,5.3,77392.8,1,4455.79,0.0,1,0.521,35944.38,36,0.163,0,598,1
ID_5203,27,Bachelor,3.8,78133.49,0,13415.87,6684.17,2,0.626,16438.94,60,0.044,1,527,0
ID_5204,27,Bachelor,4.5,80723.32,1,8125.45,4194.07,2,0.351,4879.24,36,0.021,0,644,1
ID_5205,40,High School,2.7,46742.05,1,9755.68,4796.63,0,0.115,49443.34,36,0.37,2,585,0
ID_5206,31,Bachelor,1.8,73664.3,1,13530.27,2981.2,0,0.237,40844.58,36,0.194,0,672,1
ID_5207,44,Bachelor,0.2,94329.55,1,16974.63,0.0,0,0.387,19934.15,36,0.074,1,628,0
ID_5208,18,Bachelor,0.0,51411.34,0,6915.33,3243.58,1,0.448,13041.41,48,0.067,0,573,0
ID_5209,28,Master,6.9,41909.0,0,7943.26,3483.56,4,0.065,66150.51,60,0.331,2,493,0
ID_5210,25,Bachelor,5.6,106019.02,1,22279.53,9995.78,1,0.065,8719.32,36,0.029,0,723,0
ID_5211,35,PhD,5.2,39056.99,1,3787.24,1965.4,0,0.206,29090.14,60,0.156,1,625,1
ID_5212,32,Master,1.4,74216.24,0,12535.38,1188.63,0,0.272,12935.66,36,0.061,0,643,1
ID_5213,48,High School,0.1,52616.7,0,10013.95,3441.21,3,0.466,17598.58,60,0.07,2,491,0
ID_5214,18,High School,0.0,21573.42,0,5492.2,2054.47,1,0.542,11495.84,36,0.187,4,350,0
ID_5215,39,Bachelor,3.4,95253.5,0,17206.9,0.0,1,0.294,1000.0,48,0.003,1,602,1
ID_5216,45,Bachelor,1.8,15000.0,1,4261.93,2309.77,1,0.169,32022.93,12,2.242,3,300,0
ID_5217,61,Bachelor,0.5,20089.17,0,0.0,1762.38,2,0.318,36822.17,60,0.385,0,552,1
ID_5218,33,Bachelor,0.3,70520.95,0,17712.95,7202.23,0,0.542,13036.76,60,0.039,3,481,0
ID_5219,42,Bachelor,2.1,70511.82,1,14508.99,3007.47,0,0.603,71913.37,60,0.214,7,314,0
ID_5220,18,Bachelor,0.0,39387.75,0,7944.84,2711.35,2,0.313,30099.41,48,0.201,0,560,0
ID_5221,18,High School,0.0,58332.29,0,15041.91,5459.09,1,0.458,28010.94,48,0.126,2,488,0
ID_5222,49,Master,11.4,15279.77,1,6334.68,0.0,0,0.252,31965.11,24,1.098,7,300,0
ID_5223,38,High School,12.6,77148.52,0,18094.13,1697.77,0,0.522,14326.48,12,0.195,2,541,0
ID_5224,53,PhD,11.9,61381.44,0,16461.08,4924.67,0,0.147,7403.07,24,0.063,0,720,1
ID_5225,22,High School,3.7,52953.98,1,15213.69,2475.54,4,0.185,11295.78,36,0.075,0,624,1
ID_5226,45,PhD,1.2,54743.87,1,8945.49,4147.82,0,0.213,15188.41,24,0.146,0,689,1
ID_5227,61,High School,8.0,69329.59,0,16126.48,6320.94,2,0.315,35091.63,60,0.106,1,618,1
ID_5228,44,High School,1.2,53399.1,1,0.0,0.0,0,0.232,18199.7,60,0.072,0,653,0
ID_5229,42,High School,1.6,21225.79,0,3394.06,1499.99,0,0.213,36137.13,48,0.447,0,589,1
ID_5230,39,Bachelor,1.3,162456.59,0,25972.86,9210.92,2,0.512,2291.35,36,0.005,1,577,0
ID_5231,20,Master,2.0,98755.31,0,21387.65,1682.33,2,0.393,13402.67,24,0.071,2,503,0
ID_5232,55,Bachelor,1.9,28496.25,0,6256.38,2525.43,0,0.095,12178.71,60,0.09,0,678,1
ID_5233,31,Master,0.8,45589.44,0,8553.79,3396.42,0,0.545,1000.0,60,0.005,0,600,1
ID_5234,45,Bachelor,3.0,48145.5,0,1741.59,4681.89,1,0.233,16756.59,24,0.183,1,574,0
ID_5235,20,Bachelor,2.0,92913.55,0,16336.24,5479.07,0,0.431,6323.09,12,0.071,3,484,0
ID_5236,24,Master,4.2,18404.78,0,8647.59,455.33,3,0.353,33228.11,60,0.379,0,522,0
ID_5237,56,High School,10.5,42213.52,1,9336.87,4061.47,0,0.219,38187.09,60,0.19,1,672,1
ID_5238,34,Bachelor,1.1,22464.28,0,7260.52,2037.58,1,0.362,1000.0,60,0.009,0,604,1
ID_5239,56,Master,0.9,46978.82,1,12096.32,2464.85,0,0.498,20582.0,36,0.153,1,612,0
ID_5240,38,Master,4.3,42776.73,0,10074.3,5214.27,0,0.565,1965.05,36,0.016,3,481,0
ID_5241,18,PhD,0.0,56378.72,1,14172.07,6524.28,1,0.342,30840.76,60,0.115,0,632,1
ID_5242,49,Master,5.4,40037.14,0,8112.2,2425.17,0,0.29,12633.41,36,0.11,1,610,1
ID_5243,31,High School,7.9,37215.79,0,0.0,3890.71,1,0.673,15387.15,36,0.145,3,400,1
ID_5244,47,Master,7.0,73852.74,1,18392.7,5225.13,1,0.249,21097.71,36,0.1,1,660,1
ID_5245,39,Bachelor,14.3,68004.99,0,10308.8,2114.64,0,0.2,30146.49,12,0.465,3,510,0
ID_5246,20,PhD,2.0,71374.73,0,8918.61,2795.58,1,0.307,25991.84,60,0.076,0,607,1
ID_5247,40,Bachelor,1.2,49590.27,0,0.0,3450.72,2,0.487,32077.64,60,0.136,4,366,0
ID_5248,65,Bachelor,4.0,40706.0,1,7661.68,2694.9,0,0.501,37937.85,36,0.326,2,558,1
ID_5249,44,Bachelor,0.6,51050.66,0,12619.44,5940.44,3,0.194,22603.99,36,0.155,0,614,1
ID_5250,38,High School,1.7,69604.26,0,7254.43,2030.69,0,0.497,6359.31,36,0.032,1,571,0
ID_5251,51,High School,1.2,18244.34,0,3382.22,1767.11,0,0.472,1000.0,36,0.019,2,521,0
ID_5252,41,Master,2.5,65976.64,1,10221.38,7477.78,0,0.256,11268.98,12,0.179,1,640,0
ID_5253,41,Master,0.6,63232.21,0,13889.95,5341.68,4,0.577,29047.22,36,0.161,1,495,0
ID_5254,25,High School,0.2,55886.35,0,12293.13,3502.48,0,0.477,1000.0,24,0.009,0,608,0
ID_5255,41,Bachelor,5.3,50279.03,1,6930.5,5292.53,0,0.342,44328.12,36,0.309,1,608,1
ID_5256,51,Bachelor,4.7,15017.03,1,1506.82,1527.29,2,0.273,6084.04,36,0.142,1,585,0
ID_5257,28,Bachelor,6.2,43480.74,0,1778.0,2948.66,2,0.344,22967.67,36,0.185,1,526,0
ID_5258,56,High School,5.4,132550.55,1,2936.83,6493.94,3,0.125,51573.85,36,0.136,0,685,1
ID_5259,37,Master,0.6,54526.97,0,6577.2,5920.54,1,0.197,21719.58,60,0.084,1,591,0
ID_5260,28,Bachelor,1.7,46460.38,0,13104.15,0.0,1,0.065,5342.44,24,0.06,0,645,1
ID_5261,50,Bachelor,0.7,54636.26,0,16169.72,4929.24,0,0.3,1000.0,60,0.004,0,671,1
ID_5262,35,Bachelor,9.3,64691.59,1,6772.68,6686.72,1,0.214,32310.73,60,0.105,2,599,0
ID_5263,48,High School,6.9,75313.16,0,14192.29,5454.92,0,0.102,30583.43,48,0.107,0,705,1
ID_5264,35,Bachelor,1.1,48318.02,0,11824.48,0.0,1,0.269,35369.56,24,0.384,1,536,0
ID_5265,38,High School,2.1,67000.8,0,0.0,2683.86,0,0.495,27035.63,60,0.085,2,494,0
ID_5266,44,High School,17.0,125282.37,0,30598.7,6849.93,2,0.145,15343.32,48,0.032,0,716,1
ID_5267,42,Bachelor,4.5,89601.33,1,6113.12,3392.29,0,0.304,10845.38,60,0.025,1,651,0
ID_5268,18,Master,0.0,174582.05,1,13863.3,1267.62,1,0.217,25751.03,36,0.052,2,576,0
ID_5269,25,Bachelor,1.5,39011.62,0,2000.31,0.0,1,0.047,42819.37,60,0.23,2,510,0
ID_5270,50,High School,1.2,125253.47,0,21336.79,10257.91,0,0.5,1000.0,24,0.004,1,616,1
ID_5271,37,Bachelor,7.7,36485.24,0,8784.5,2347.42,0,0.149,41896.45,36,0.402,1,587,0
ID_5272,32,Master,5.8,64652.57,0,0.0,7174.81,0,0.502,19771.03,36,0.107,2,497,0
ID_5273,22,Bachelor,4.0,78138.51,0,19831.73,4522.21,3,0.117,21989.47,60,0.059,2,538,0
ID_5274,26,Master,4.0,41965.85,0,9401.35,4360.13,3,0.258,37514.31,60,0.188,1,534,0
ID_5275,18,Bachelor,0.0,56612.33,1,0.0,969.47,0,0.377,21926.1,48,0.102,0,599,0
ID_5276,37,Bachelor,6.7,85411.03,0,0.0,9734.27,0,0.172,29064.25,24,0.179,2,552,1
ID_5277,31,High School,1.6,37981.88,0,5362.23,1376.53,1,0.256,1000.0,60,0.006,1,574,1
ID_5278,27,High School,2.2,124827.96,0,0.0,2027.13,1,0.328,20006.42,36,0.056,0,592,0
ID_5279,38,Bachelor,10.3,27111.19,1,2272.37,2159.35,0,0.473,34115.3,60,0.264,2,534,0
ID_5280,43,Bachelor,1.8,142892.19,1,31279.34,3579.02,2,0.345,17950.37,60,0.026,1,636,1
ID_5281,64,Master,4.0,89380.97,1,5675.05,5255.53,2,0.441,19030.54,36,0.075,0,666,1
ID_5282,20,Master,2.0,51799.57,0,11056.55,6010.39,0,0.323,27952.83,48,0.142,0,614,1
ID_5283,52,High School,34.0,44296.72,0,2833.2,3124.59,1,0.226,32759.8,60,0.155,0,710,1
ID_5284,50,High School,2.9,42044.58,1,0.0,5098.1,0,0.474,52389.87,24,0.654,2,477,0
ID_5285,29,Bachelor,2.8,50620.01,0,15665.11,4167.93,1,0.36,32912.04,60,0.137,0,609,0
ID_5286,41,High School,9.2,52878.5,0,13028.37,6737.65,2,0.473,49327.28,24,0.49,1,521,0
ID_5287,33,Bachelor,8.2,101479.61,0,11953.66,3033.0,1,0.053,23253.84,12,0.241,1,620,1
ID_5288,41,Master,6.6,144976.52,1,37597.34,3936.0,1,0.025,1000.0,60,0.001,0,759,1
ID_5289,57,PhD,3.1,59855.58,1,13930.27,1418.02,3,0.431,17294.11,60,0.061,2,553,1
ID_5290,46,Bachelor,2.0,35496.37,0,5676.93,1669.94,1,0.677,10418.51,12,0.308,3,404,0
ID_5291,45,Master,4.7,41238.89,1,12200.96,2282.34,0,0.673,23865.1,60,0.122,0,629,1
ID_5292,33,Bachelor,10.4,49437.01,0,7378.58,3259.77,0,0.141,19218.83,36,0.136,0,670,1
ID_5293,21,High School,3.0,32368.43,0,5581.82,1394.97,1,0.332,29741.24,36,0.322,1,514,0
ID_5294,36,Bachelor,0.6,30047.34,1,0.0,2088.92,0,0.145,12933.92,36,0.151,2,556,1
ID_5295,53,Bachelor,2.8,154594.93,1,16104.97,7651.17,0,0.492,28882.4,36,0.065,1,651,1
ID_5296,20,Bachelor,2.0,63026.26,0,0.0,3973.83,2,0.225,31654.85,36,0.176,1,518,1
ID_5297,26,High School,8.0,35718.84,0,5077.37,1572.4,0,0.555,25637.55,36,0.251,3,433,1
ID_5298,40,Bachelor,5.7,81495.39,1,20913.62,6479.26,1,0.202,1000.0,60,0.003,0,716,1
ID_5299,27,Bachelor,2.6,30056.28,0,9144.19,3244.25,0,0.382,41087.78,60,0.287,1,541,0
ID_5300,29,PhD,0.1,31319.43,0,0.0,2767.83,2,0.204,36155.19,36,0.404,1,489,0
ID_5301,33,Bachelor,4.2,36260.3,0,0.0,4562.24,2,0.195,21556.4,48,0.156,1,539,0
ID_5302,22,Bachelor,0.5,123903.29,0,15052.74,10998.04,3,0.362,1000.0,36,0.003,0,598,0
ID_5303,27,Bachelor,9.0,47741.67,1,10192.09,1782.86,0,0.579,30436.34,60,0.134,1,585,1
ID_5304,47,High School,7.0,15980.85,0,4192.47,1077.96,0,0.193,15497.67,12,1.018,3,406,0
ID_5305,23,Bachelor,3.1,99213.86,0,24658.59,9887.66,1,0.22,15108.37,48,0.04,1,610,1
ID_5306,19,Master,1.0,46481.48,0,6847.33,4926.53,2,0.253,23591.46,24,0.266,1,523,0
ID_5307,31,Bachelor,11.4,21488.99,0,3987.72,1957.98,0,0.424,51195.5,24,1.251,1,430,0
ID_5308,47,Master,1.7,46242.67,1,8930.62,4879.91,0,0.185,27644.89,48,0.157,0,695,1
ID_5309,36,High School,1.4,70298.23,0,16145.53,2828.0,0,0.238,23008.08,60,0.069,2,568,1
ID_5310,33,High School,14.0,66305.26,1,8582.17,7052.91,1,0.266,15613.29,36,0.082,0,697,1
ID_5311,39,Master,8.3,133146.79,0,19350.51,4338.85,1,0.185,25559.81,36,0.067,0,685,1
ID_5312,18,Master,0.0,35369.89,1,5110.59,3092.71,1,0.334,24979.68,60,0.148,4,427,0
ID_5313,44,PhD,1.1,55456.82,1,5501.53,3577.81,0,0.41,35854.51,12,0.679,1,543,0
ID_5314,43,Bachelor,0.8,38185.66,0,0.0,2609.54,1,0.255,15433.41,48,0.106,0,598,0
ID_5315,34,Master,0.1,25056.88,0,10390.56,2692.62,1,0.329,10383.02,12,0.435,0,562,0
ID_5316,51,Master,1.4,84352.83,1,1878.43,5378.02,0,0.36,17028.43,24,0.106,0,671,1
ID_5317,25,Master,7.0,68297.93,0,7942.1,5478.33,1,0.299,23432.96,36,0.12,0,623,1
ID_5318,52,Bachelor,1.4,62432.37,0,10726.58,4513.67,1,0.65,24617.78,36,0.138,0,588,0
ID_5319,40,Bachelor,6.5,67063.49,0,14291.63,2550.92,0,0.313,24824.39,24,0.194,0,647,1
ID_5320,34,Master,1.5,38455.75,0,5593.95,3907.12,3,0.282,7162.93,36,0.065,1,541,0
ID_5321,38,Bachelor,2.5,32766.19,1,4974.96,3175.18,0,0.462,23461.93,60,0.15,0,632,1
ID_5322,37,Bachelor,19.0,55205.82,0,11743.56,3480.72,2,0.085,37305.32,36,0.237,1,625,1
ID_5323,53,Bachelor,1.4,96819.69,0,20869.23,7499.25,1,0.286,47900.56,36,0.173,3,521,0
ID_5324,26,Bachelor,2.4,121059.64,0,3219.5,7630.66,1,0.158,42719.51,24,0.185,1,581,1
ID_5325,29,Bachelor,1.8,80637.28,0,7648.53,2056.39,0,0.151,23906.02,36,0.104,0,651,1
ID_5326,51,High School,0.6,54972.44,0,9962.94,4001.89,2,0.361,22150.4,12,0.423,1,531,0
ID_5327,31,Master,3.4,62000.14,0,0.0,0.0,0,0.306,47374.83,60,0.16,2,499,0
ID_5328,49,Bachelor,2.4,54491.33,0,7235.79,5638.39,1,0.749,23022.29,24,0.222,1,512,0
ID_5329,59,Bachelor,5.9,32436.13,0,6871.83,3204.29,2,0.231,40608.13,60,0.263,1,580,0
ID_5330,34,High School,8.5,54848.15,0,16885.92,2905.13,0,0.327,24476.27,36,0.156,0,647,1
ID_5331,47,High School,3.9,27794.31,1,0.0,0.0,2,0.12,1000.0,60,0.008,0,650,1
ID_5332,25,High School,0.2,50917.47,0,9244.84,5616.26,1,0.089,36952.36,36,0.254,1,575,0
ID_5333,48,Bachelor,4.8,122768.11,0,13566.72,5406.99,1,0.097,42392.57,24,0.181,1,638,1
ID_5334,41,High School,0.3,81750.7,1,22307.37,9509.46,2,0.287,19094.77,36,0.082,1,625,1
ID_5335,44,Master,4.8,34147.35,0,4721.27,4657.21,1,0.233,4168.76,24,0.064,2,552,0
ID_5336,31,High School,5.8,52249.49,0,0.0,0.0,0,0.112,52388.71,36,0.351,1,553,1
ID_5337,19,High School,1.0,35696.64,0,9248.73,4381.79,1,0.291,22374.58,36,0.219,2,493,0
ID_5338,45,High School,8.6,52509.17,0,14075.96,4054.84,1,0.248,18812.01,36,0.125,2,570,0
ID_5339,18,High School,0.0,91176.63,1,20270.75,4398.13,0,0.38,33079.7,36,0.127,0,648,1
ID_5340,35,Bachelor,8.4,75094.6,0,11333.44,8313.92,0,0.24,74253.47,24,0.519,2,532,0
ID_5341,50,Master,1.8,187600.89,1,23463.82,8670.99,0,0.24,33714.03,24,0.094,0,732,1
ID_5342,41,Bachelor,4.4,98345.17,1,10478.26,1982.5,0,0.283,28208.55,36,0.1,2,604,0
ID_5343,62,High School,12.3,59994.02,0,10150.37,3146.18,1,0.42,26256.04,48,0.115,2,572,1
ID_5344,51,High School,1.9,76006.56,1,14499.34,7080.63,0,0.419,54773.9,24,0.378,1,608,0
ID_5345,31,Bachelor,8.6,48960.95,1,10346.93,2668.69,0,0.211,34491.84,24,0.37,0,663,1
ID_5346,39,PhD,0.0,30830.13,0,4326.45,1454.87,0,0.269,40548.7,36,0.46,0,578,0
ID_5347,38,High School,0.0,104077.21,0,19445.76,10003.08,3,0.28,30470.75,60,0.061,0,621,1
ID_5348,20,Bachelor,2.0,89724.19,0,23407.54,4636.96,0,0.236,34645.44,36,0.135,1,598,0
ID_5349,27,Bachelor,7.2,48024.8,0,12884.08,3757.99,1,0.128,19988.86,60,0.087,0,655,1
ID_5350,32,High School,7.8,62128.98,0,13343.76,1905.51,0,0.085,28047.86,60,0.095,0,683,0
ID_5351,18,Bachelor,0.0,100757.27,1,19379.31,4056.82,0,0.111,12649.81,36,0.044,1,654,0
ID_5352,39,High School,0.6,82716.61,0,14674.52,2985.16,0,0.244,15855.51,36,0.067,0,660,1
ID_5353,36,Bachelor,1.3,26067.62,0,4647.81,2068.76,0,0.39,33827.96,48,0.341,0,574,0
ID_5354,18,High School,0.0,61194.34,0,3731.93,6544.82,0,0.332,12335.27,36,0.071,1,559,1
ID_5355,43,Bachelor,1.0,49820.62,0,10353.96,5542.18,1,0.396,27349.08,60,0.115,1,570,0
ID_5356,47,High School,5.7,94513.73,0,9150.4,3923.03,1,0.258,18382.67,36,0.068,1,618,1
ID_5357,41,PhD,3.8,90718.93,1,15049.64,8110.98,1,0.445,4765.8,60,0.011,0,674,1
ID_5358,35,High School,0.4,104747.08,1,17365.31,3115.82,0,0.28,29099.59,48,0.073,2,599,0
ID_5359,46,Master,1.7,30978.63,1,8713.44,1129.23,1,0.309,38958.34,24,0.66,1,543,0
ID_5360,47,Master,3.7,36605.15,0,5303.81,4191.04,0,0.308,1325.98,24,0.019,0,653,1
ID_5361,42,PhD,9.6,94564.86,0,0.0,2759.78,1,0.092,35961.2,36,0.133,1,607,0
ID_5362,29,Bachelor,6.1,40302.83,0,0.0,3912.91,0,0.569,4929.01,36,0.043,1,527,0
ID_5363,42,Bachelor,4.9,25318.32,0,5268.82,908.96,1,0.247,49400.0,12,2.049,2,300,0
ID_5364,53,Bachelor,3.4,70706.89,0,19012.35,2354.4,2,0.292,35207.08,60,0.105,1,597,0
ID_5365,31,High School,1.8,41208.13,0,8392.03,2672.83,1,0.552,1325.11,24,0.017,2,492,0
ID_5366,64,Bachelor,0.6,132573.88,1,11699.39,4210.2,0,0.473,40353.54,60,0.064,0,697,1
ID_5367,32,High School,2.6,62823.99,0,5722.08,2026.42,2,0.569,13961.67,36,0.078,2,470,0
ID_5368,39,PhD,0.1,58696.16,0,9879.99,2922.8,0,0.442,7622.08,36,0.045,0,623,0
ID_5369,30,High School,1.2,45043.23,0,8804.04,3139.48,1,0.327,37991.68,36,0.295,1,537,0
ID_5370,41,Bachelor,2.8,120020.48,0,0.0,10007.8,0,0.03,46721.73,60,0.082,0,674,1
ID_5371,18,Bachelor,0.0,64814.02,0,16103.26,6761.98,0,0.414,33573.75,36,0.181,1,552,1
ID_5372,32,Bachelor,0.2,44167.75,0,9592.18,0.0,1,0.584,18310.63,36,0.145,0,553,0
ID_5373,25,Bachelor,4.4,36423.09,0,6662.85,2300.05,0,0.169,28052.12,36,0.27,0,619,1
ID_5374,40,High School,4.0,52222.23,0,0.0,3225.99,2,0.282,14521.17,36,0.097,2,499,0
ID_5375,50,Bachelor,0.4,33228.94,0,4475.21,2873.92,0,0.137,21861.17,36,0.23,1,599,0
ID_5376,46,High School,14.3,90620.77,0,0.0,1191.87,0,0.208,32345.32,36,0.125,0,663,1
ID_5377,18,Master,0.0,21934.78,0,7700.3,2531.91,0,0.098,1000.0,48,0.012,0,637,0
ID_5378,63,Bachelor,9.6,50525.98,1,5383.96,5420.84,1,0.174,33033.57,60,0.137,0,719,1
ID_5379,42,PhD,0.0,73501.92,1,0.0,5168.28,2,0.146,1000.0,60,0.003,1,610,0
ID_5380,29,High School,10.7,64283.59,0,0.0,5837.13,1,0.372,2072.36,24,0.017,2,520,0
ID_5381,40,High School,0.1,37848.95,1,6603.36,2274.9,0,0.03,36769.32,36,0.34,1,629,1
ID_5382,41,High School,7.1,75367.34,0,18128.08,7136.11,1,0.468,9806.91,36,0.046,0,639,0
ID_5383,30,High School,2.2,34786.35,0,0.0,667.83,2,0.235,7160.88,24,0.108,2,477,0
ID_5384,41,High School,6.7,53573.38,0,5478.16,6479.37,0,0.529,19679.12,48,0.096,1,574,0
ID_5385,31,Bachelor,2.6,75050.82,0,16405.74,1371.07,0,0.284,14355.24,60,0.04,0,650,0
ID_5386,34,High School,0.4,68285.75,0,8351.93,7155.07,1,0.411,29164.93,24,0.224,0,590,0
ID_5387,30,Bachelor,7.3,38656.9,0,0.0,3242.91,2,0.242,28143.98,24,0.382,3,418,0
ID_5388,21,Master,0.4,98592.18,0,13729.72,7287.29,1,0.624,7259.51,60,0.015,1,534,0
ID_5389,40,Bachelor,12.8,56576.4,0,6707.3,5164.23,0,0.411,1000.0,36,0.006,0,663,1
ID_5390,46,Bachelor,0.3,78550.55,1,0.0,1215.57,0,0.208,21348.97,36,0.095,3,530,0
ID_5391,45,Bachelor,3.3,116372.38,1,8684.03,5495.97,0,0.228,44809.39,48,0.101,1,664,0
ID_5392,48,Bachelor,6.4,94727.56,0,7392.15,10647.4,3,0.296,23815.08,24,0.132,1,581,1
ID_5393,42,High School,2.5,94851.21,0,16382.04,5393.73,2,0.281,18743.16,36,0.069,1,594,0
ID_5394,32,Bachelor,1.2,59655.4,0,0.0,6077.48,1,0.435,56146.48,24,0.494,2,432,0
ID_5395,49,Bachelor,7.1,80576.92,0,22268.55,1563.06,1,0.303,38546.93,36,0.167,0,655,1
ID_5396,22,Master,4.0,60282.57,0,9315.94,4738.28,1,0.225,1000.0,24,0.009,0,636,0
ID_5397,28,Bachelor,10.0,29594.32,0,5960.9,1091.58,0,0.341,19978.54,48,0.177,2,525,0
ID_5398,27,Bachelor,2.4,63030.37,1,15959.14,4634.41,1,0.372,29015.12,24,0.242,1,585,0
ID_5399,51,Bachelor,3.5,61585.42,0,7088.56,2956.31,2,0.182,5782.61,36,0.033,2,563,0
ID_5400,50,High School,2.3,72537.92,0,18245.04,3758.96,0,0.312,19727.58,36,0.095,3,531,0
ID_5401,44,Bachelor,1.5,50817.78,0,13258.71,0.0,0,0.12,25383.33,36,0.175,0,658,1
ID_5402,51,Bachelor,7.0,37022.17,0,7229.08,2402.16,0,0.541,20972.95,60,0.119,1,575,0
ID_5403,28,High School,2.1,75226.06,0,0.0,3329.45,0,0.274,3205.68,36,0.015,2,526,0
ID_5404,43,High School,2.8,28095.48,0,5254.93,2896.3,1,0.277,51427.73,48,0.48,1,530,0
ID_5405,37,High School,2.6,112353.96,0,0.0,7949.15,0,0.04,29802.8,60,0.056,0,668,0
ID_5406,49,Bachelor,6.2,48256.75,0,12437.79,1190.94,1,0.159,9534.21,36,0.069,0,671,1
ID_5407,37,High School,12.5,61252.75,0,5234.93,5763.57,1,0.209,40769.59,36,0.233,3,510,0
ID_5408,34,Bachelor,5.5,71630.7,1,0.0,7044.05,2,0.175,23541.94,60,0.069,3,513,0
ID_5409,45,Bachelor,3.2,72790.74,1,0.0,0.0,2,0.621,42851.58,12,0.618,5,300,0
ID_5410,49,Bachelor,7.6,26782.6,0,9336.64,1632.59,1,0.316,23122.72,36,0.302,2,524,0
ID_5411,30,Master,5.1,81800.88,0,12136.47,5749.74,0,0.219,1000.0,60,0.003,0,673,1
ID_5412,38,Master,0.3,63043.29,0,18503.97,1367.92,0,0.216,5790.59,36,0.032,0,663,1
ID_5413,26,Bachelor,0.5,39433.43,0,7956.1,3741.81,1,0.246,45539.48,36,0.404,0,573,1
ID_5414,18,High School,0.0,37241.04,0,2436.51,1933.43,0,0.148,43589.72,24,0.614,3,415,0
ID_5415,41,Bachelor,3.1,45842.8,0,6562.05,1937.05,2,0.123,1071.86,60,0.005,1,600,0
ID_5416,46,Bachelor,8.7,28300.34,1,5169.08,2332.42,0,0.114,50074.67,60,0.372,0,680,1
ID_5417,42,Bachelor,1.9,128172.68,1,16529.01,12731.69,2,0.568,43464.07,60,0.071,2,549,0
ID_5418,18,Bachelor,0.0,113899.94,0,18772.7,10479.17,1,0.142,13584.12,12,0.125,3,506,1
ID_5419,34,High School,12.0,67903.99,1,11483.49,1971.81,2,0.428,23595.06,24,0.182,1,594,0
ID_5420,18,Bachelor,0.0,48450.64,0,0.0,5330.36,2,0.161,1000.0,36,0.007,1,538,0
ID_5421,55,High School,5.5,49091.74,0,0.0,1336.75,0,0.054,12386.31,24,0.132,1,621,0
ID_5422,25,Bachelor,1.6,79144.68,0,12702.41,7742.1,1,0.468,21194.03,36,0.094,2,507,0
ID_5423,54,High School,0.6,130471.94,0,14215.74,9148.53,0,0.097,30567.57,60,0.049,1,670,1
ID_5424,50,Bachelor,0.1,40733.32,0,9569.94,4539.77,4,0.15,22916.15,24,0.295,0,587,1
ID_5425,28,High School,0.6,30983.4,0,7626.39,1607.98,1,0.163,27497.48,12,0.932,0,517,0
ID_5426,25,Bachelor,1.7,117456.15,0,24689.74,6018.06,0,0.541,7572.55,60,0.014,0,623,0
ID_5427,43,Bachelor,4.0,22168.57,0,0.0,2252.99,2,0.088,30829.28,36,0.487,2,473,0
ID_5428,28,High School,0.3,32719.76,0,6556.32,0.0,0,0.065,55296.71,12,1.775,3,303,0
ID_5429,40,Bachelor,0.7,47885.65,1,4069.36,2079.27,0,0.215,32910.02,36,0.241,2,567,0
ID_5430,33,Bachelor,1.0,24829.39,0,0.0,3405.6,1,0.111,25610.34,48,0.271,0,584,0
ID_5431,18,Bachelor,0.0,94473.49,0,20190.61,6780.56,2,0.428,11669.65,60,0.026,0,591,0
ID_5432,18,Bachelor,0.0,83154.25,0,9777.1,4990.95,2,0.236,18582.85,36,0.078,2,511,0
ID_5433,41,Bachelor,4.0,40643.87,0,0.0,2097.83,1,0.203,1381.99,36,0.012,0,622,0
ID_5434,32,Bachelor,1.4,102724.62,1,16796.66,5181.99,0,0.158,1000.0,36,0.003,2,627,1
ID_5435,32,Bachelor,2.3,111820.06,1,13351.95,9815.95,0,0.529,23738.88,36,0.074,2,567,0
ID_5436,47,Bachelor,0.5,51195.9,0,11520.05,3983.27,0,0.448,34979.47,60,0.143,1,577,0
ID_5437,53,Bachelor,1.3,43246.25,0,7168.55,5269.05,0,0.149,9598.12,60,0.047,0,682,1
ID_5438,35,High School,11.4,167678.04,0,36725.58,13338.33,1,0.053,46523.63,36,0.097,0,722,1
ID_5439,34,High School,16.0,77697.7,1,17572.65,6331.31,1,0.229,14904.9,36,0.067,1,675,1
ID_5440,45,High School,5.2,61584.3,0,3157.5,3248.42,1,0.407,23381.4,36,0.133,0,611,0
ID_5441,22,High School,4.0,107127.28,1,0.0,1936.26,0,0.381,42018.63,36,0.137,0,620,0
ID_5442,41,Bachelor,5.1,63004.74,0,8131.06,5119.25,0,0.358,19364.6,60,0.065,2,559,0
ID_5443,45,Bachelor,0.2,42074.19,1,8926.66,1275.72,0,0.465,36296.45,36,0.302,0,622,0
ID_5444,47,High School,28.7,56391.85,0,0.0,7220.78,1,0.711,35307.92,36,0.219,0,601,1
ID_5445,18,PhD,0.0,91064.85,0,9973.29,8379.48,1,0.258,12869.26,36,0.049,1,576,0
ID_5446,29,Bachelor,5.7,20008.4,0,6381.51,1792.19,0,0.125,13353.04,24,0.35,1,571,1
ID_5447,28,Master,1.5,46909.93,0,4793.34,2376.54,0,0.288,47002.72,60,0.21,3,469,0
ID_5448,40,Bachelor,2.5,108177.5,1,4394.13,0.0,1,0.524,48759.06,36,0.158,0,614,1
ID_5449,44,Bachelor,5.2,41942.96,0,7024.91,4564.14,1,0.137,36259.67,36,0.303,1,590,0
ID_5450,56,High School,2.9,117366.2,1,19769.62,9830.68,0,0.207,9380.79,12,0.084,0,740,0
ID_5451,33,High School,1.4,109905.03,0,13583.68,0.0,1,0.117,40632.59,36,0.129,2,556,0
ID_5452,33,High School,2.0,52430.06,0,5982.91,5551.82,1,0.236,19994.65,60,0.08,0,628,0
ID_5453,52,Bachelor,2.1,40771.16,0,10239.38,3410.74,0,0.445,2163.97,36,0.019,2,552,0
ID_5454,42,High School,16.0,46925.69,1,0.0,1280.01,0,0.512,13539.48,36,0.101,1,601,0
ID_5455,54,Bachelor,8.0,205316.35,1,18687.63,8542.05,0,0.607,20972.92,36,0.036,2,613,0
ID_5456,42,High School,3.1,138304.38,0,31258.6,8470.31,0,0.025,44557.89,36,0.113,0,720,1
ID_5457,25,Master,1.1,57681.71,0,14138.17,3057.76,0,0.292,10554.54,36,0.064,1,588,1
ID_5458,23,High School,5.0,39971.55,1,4703.53,2655.72,0,0.348,7616.49,24,0.1,1,599,0
ID_5459,20,High School,0.9,57441.4,0,17227.05,1800.55,0,0.198,16310.41,60,0.06,0,641,1
ID_5460,46,High School,1.2,61200.67,0,5190.79,7584.23,2,0.046,22805.96,36,0.13,0,651,0
ID_5461,53,Bachelor,2.3,29094.97,1,3588.82,1493.63,0,0.305,37114.45,36,0.446,1,585,1
ID_5462,61,High School,10.6,56388.51,0,0.0,2322.29,0,0.614,35267.63,60,0.131,0,606,1
ID_5463,49,Bachelor,0.7,104946.1,0,27338.73,3585.95,0,0.078,1000.0,36,0.003,1,672,1
ID_5464,52,High School,0.7,22033.55,1,5179.86,2121.31,3,0.252,18595.32,36,0.295,0,608,1
ID_5465,32,Bachelor,3.4,81903.09,0,5395.17,6579.4,1,0.12,27230.3,36,0.116,2,559,0
ID_5466,25,Master,1.6,107731.68,0,3941.66,9770.09,1,0.746,9332.86,24,0.045,2,463,0
ID_5467,49,High School,4.2,40934.21,1,7767.18,3193.39,1,0.168,10951.98,60,0.056,1,653,0
ID_5468,44,Master,3.0,126384.97,1,28906.1,8354.89,0,0.214,36242.46,36,0.1,0,728,1
ID_5469,40,PhD,2.9,38362.34,0,6260.2,2479.53,3,0.191,37297.18,12,1.021,2,405,0
ID_5470,43,High School,0.6,67544.46,0,12080.82,4993.97,0,0.354,21810.28,60,0.068,0,646,1
ID_5471,42,High School,0.8,46472.39,1,9026.84,1079.98,1,0.312,32234.86,36,0.243,0,635,1
ID_5472,54,Bachelor,8.6,46467.19,0,0.0,4785.16,0,0.027,33337.37,36,0.251,0,668,0
ID_5473,54,Bachelor,10.9,39789.19,0,2089.46,1382.1,1,0.228,5257.25,60,0.028,1,617,0
ID_5474,45,Bachelor,1.3,76825.18,1,16270.38,8336.96,0,0.209,5498.23,36,0.025,2,630,1
ID_5475,49,Bachelor,0.6,82818.17,0,19882.49,0.0,1,0.087,17921.51,36,0.076,1,629,0
ID_5476,45,Bachelor,0.3,52459.09,0,5891.54,0.0,0,0.416,12526.17,24,0.125,0,608,0
ID_5477,33,High School,4.7,27447.1,1,0.0,2455.58,1,0.145,14259.89,60,0.109,1,598,0
ID_5478,48,Master,6.3,66276.13,0,14028.06,6660.23,0,0.112,23287.68,36,0.123,0,699,1
ID_5479,22,Bachelor,2.3,66903.54,0,4241.2,3686.04,2,0.065,23349.94,36,0.122,1,573,0
ID_5480,51,Bachelor,5.7,48612.82,1,7573.73,3539.99,0,0.359,1000.0,36,0.007,1,653,0
ID_5481,24,Master,6.0,137807.86,1,22242.16,5275.89,1,0.34,26720.83,48,0.051,2,588,0
ID_5482,42,Bachelor,13.7,24786.03,1,0.0,1736.71,1,0.572,20465.1,36,0.289,1,543,0
ID_5483,28,High School,0.3,17878.57,0,4394.27,1922.26,2,0.465,29061.18,36,0.569,3,354,0
ID_5484,45,Bachelor,1.1,37593.35,1,6687.49,0.0,2,0.282,13463.16,36,0.125,0,633,0
ID_5485,38,Bachelor,0.4,77281.68,0,15855.25,8054.45,3,0.465,13562.46,24,0.092,2,493,0
ID_5486,19,High School,1.0,31954.8,0,6673.79,2909.02,0,0.179,17970.28,36,0.197,0,610,0
ID_5487,44,PhD,7.9,33173.76,1,6746.42,2040.45,0,0.188,44234.25,48,0.35,2,581,0
ID_5488,32,High School,4.3,87160.86,0,11132.4,1376.54,0,0.305,17497.66,36,0.07,2,556,0
ID_5489,49,Bachelor,0.4,68273.29,1,13256.95,4389.32,1,0.171,44994.96,12,0.692,1,581,0
ID_5490,39,Bachelor,1.6,65416.54,1,6915.68,3711.68,0,0.531,42587.84,36,0.228,1,579,0
ID_5491,43,High School,1.8,80074.64,1,8755.32,6925.37,1,0.131,18909.21,60,0.05,0,705,0
ID_5492,27,Master,4.1,43800.63,0,4451.6,0.0,0,0.442,15801.25,24,0.189,1,534,0
ID_5493,31,Master,1.5,44824.4,0,2448.28,5303.2,0,0.077,16428.7,24,0.192,1,593,0
ID_5494,33,Bachelor,0.4,81217.79,0,8756.35,2261.15,1,0.622,22406.8,36,0.097,1,525,0
ID_5495,49,High School,6.6,27654.86,0,9255.43,1159.37,2,0.243,14940.77,60,0.113,0,629,1
ID_5496,59,High School,1.8,18557.7,1,4841.42,0.0,1,0.551,38242.85,12,2.164,5,300,0
ID_5497,29,Bachelor,3.0,43623.79,1,11928.74,1406.97,0,0.502,13377.24,36,0.107,3,497,0
ID_5498,51,High School,0.7,86287.21,0,0.0,0.0,3,0.297,40534.65,12,0.493,0,527,0
ID_5499,18,Bachelor,0.0,61560.75,1,6151.34,1914.57,1,0.101,8215.09,24,0.07,0,658,1
ID_5500,24,PhD,4.2,83170.31,0,23701.02,5632.59,1,0.557,1000.0,36,0.004,1,561,0
ID_5501,27,Bachelor,9.0,19768.65,1,2728.1,2324.64,0,0.421,1000.0,36,0.018,1,599,0
ID_5502,22,Master,3.4,63433.56,0,12333.58,5568.29,1,0.138,15273.76,36,0.084,0,643,0
ID_5503,19,Bachelor,1.0,75126.77,0,20428.25,0.0,0,0.241,10463.64,24,0.073,0,631,1
ID_5504,43,Bachelor,11.1,27573.25,1,7860.86,4201.98,3,0.266,9650.58,36,0.122,0,652,1
ID_5505,36,Master,4.3,83368.75,0,9791.22,3736.45,1,0.057,42694.19,36,0.179,0,662,1
ID_5506,43,Bachelor,13.6,51238.2,0,8227.0,6288.81,1,0.393,11832.68,36,0.081,0,649,1
ID_5507,47,Master,2.0,250000.0,1,7014.18,19721.88,1,0.275,1000.0,48,0.001,0,714,1
ID_5508,42,High School,2.3,18240.18,0,7502.67,1010.76,0,0.372,35165.4,48,0.506,1,521,0
ID_5509,46,High School,0.2,107425.96,1,19842.24,1578.28,1,0.263,49049.21,60,0.096,1,641,1
ID_5510,38,Master,4.4,44485.61,1,12439.12,4046.63,1,0.312,33097.49,24,0.391,1,586,1
ID_5511,24,Bachelor,6.0,24135.14,1,4509.76,3261.42,1,0.399,12937.69,60,0.113,3,484,0
ID_5512,51,Master,7.4,41627.76,0,13183.03,1046.91,0,0.256,28088.76,24,0.354,0,641,0
ID_5513,31,Master,0.8,62239.16,1,11994.82,4944.27,2,0.154,10540.28,60,0.036,1,625,1
ID_5514,27,High School,2.9,91010.79,1,6906.53,10082.21,1,0.677,7511.09,48,0.022,1,566,0
ID_5515,36,Bachelor,1.0,128153.26,0,14315.37,5328.31,0,0.319,21442.93,36,0.059,1,611,1
ID_5516,28,Bachelor,5.4,110298.6,1,20458.51,5043.72,1,0.565,23974.37,48,0.057,1,598,0
ID_5517,33,Bachelor,0.9,33433.34,0,6612.16,3420.16,2,0.363,21349.86,36,0.224,1,522,0
ID_5518,43,Bachelor,11.7,95328.33,1,7773.84,2453.85,1,0.116,55089.91,36,0.202,3,574,0
ID_5519,43,High School,1.3,65883.45,0,3632.11,7270.91,0,0.258,25770.26,12,0.411,0,609,1
ID_5520,28,Bachelor,1.7,39053.92,0,10028.84,4004.65,1,0.267,42275.32,36,0.379,0,581,0
ID_5521,33,Bachelor,9.5,48729.74,0,3314.77,0.0,0,0.27,65173.89,36,0.468,1,546,0
ID_5522,51,High School,3.1,37990.02,1,0.0,1973.31,1,0.577,16476.23,24,0.228,3,449,1
ID_5523,44,Master,0.1,55190.5,0,14860.18,1688.69,1,0.167,27674.52,36,0.176,0,641,1
ID_5524,63,Bachelor,3.4,37615.48,0,6487.06,2810.02,0,0.404,39705.52,60,0.222,3,498,0
ID_5525,53,Master,0.4,32402.89,1,5965.83,4116.89,0,0.275,27197.11,36,0.294,1,614,0
ID_5526,52,High School,21.1,68841.33,1,0.0,5519.61,0,0.384,20012.01,60,0.061,0,707,1
ID_5527,22,High School,4.0,74188.56,1,11091.85,6711.31,0,0.307,67183.49,36,0.317,2,553,0
ID_5528,48,Bachelor,1.5,49325.75,0,8251.75,0.0,0,0.562,46570.27,24,0.496,4,371,0
ID_5529,38,High School,4.1,107347.41,0,30324.71,7937.0,2,0.304,1000.0,36,0.003,0,654,0
ID_5530,32,PhD,0.4,47561.78,1,7251.55,4893.52,1,0.33,49432.21,24,0.546,1,543,0
ID_5531,41,High School,8.0,46565.38,1,4602.42,4480.81,1,0.096,53806.11,36,0.404,1,619,1
ID_5532,50,Bachelor,13.0,75376.02,1,0.0,7975.19,0,0.258,46516.35,24,0.324,1,630,1
ID_5533,45,Bachelor,10.4,50705.38,1,13199.44,3386.95,0,0.268,38511.94,36,0.266,2,602,1
ID_5534,28,Bachelor,2.1,56522.77,0,8142.45,6096.63,0,0.454,52917.15,60,0.197,2,505,0
ID_5535,47,High School,2.0,15363.98,0,3465.3,0.0,1,0.035,40887.28,36,0.931,1,496,0
ID_5536,31,Bachelor,0.2,54630.83,1,8312.88,6016.22,1,0.365,35417.02,36,0.227,1,579,0
ID_5537,41,Bachelor,5.3,21728.98,0,5088.45,2256.8,1,0.188,27414.71,24,0.662,5,341,0
ID_5538,35,High School,3.8,29422.79,0,7393.73,1568.24,0,0.426,5711.12,48,0.051,0,614,0
ID_5539,36,Master,3.1,27787.42,0,0.0,2814.53,0,0.184,1000.0,36,0.013,1,584,1
ID_5540,48,High School,11.9,32167.39,0,0.0,2322.65,1,0.589,38913.19,60,0.254,1,516,0
ID_5541,26,Bachelor,0.9,41174.44,1,3843.03,2609.16,0,0.444,38590.97,24,0.492,1,529,0
ID_5542,62,Bachelor,0.0,42478.51,0,7835.42,2388.11,0,0.4,24231.16,12,0.599,2,492,0
ID_5543,18,High School,0.0,75518.85,1,5396.95,7578.41,0,0.085,9580.02,36,0.044,0,687,0
ID_5544,31,Master,1.3,60548.13,0,14328.89,2481.09,1,0.334,4659.66,12,0.081,2,527,0
ID_5545,43,Bachelor,0.2,20940.97,0,6852.26,926.71,4,0.186,18480.54,36,0.309,0,553,0
ID_5546,46,High School,3.5,56480.31,1,14465.02,5596.47,0,0.463,37633.72,36,0.233,3,521,0
ID_5547,37,Bachelor,1.9,63521.11,0,0.0,2539.71,1,0.258,65291.15,24,0.54,3,412,0
ID_5548,38,Bachelor,1.0,45968.73,0,0.0,6350.41,1,0.286,24558.8,60,0.112,3,459,0
ID_5549,43,Bachelor,6.9,52551.93,0,11562.2,3107.85,2,0.173,30179.61,36,0.201,1,592,0
ID_5550,36,Bachelor,1.1,59584.76,0,13827.24,4042.2,1,0.328,45267.0,24,0.399,1,542,0
ID_5551,55,High School,5.8,79403.66,1,9867.46,1527.95,2,0.112,23851.25,12,0.315,1,634,0
ID_5552,49,High School,2.1,24650.69,0,6547.5,3115.0,1,0.39,31637.47,36,0.449,4,389,0
ID_5553,49,Master,3.6,47946.52,0,10198.12,4583.23,0,0.545,39795.7,60,0.174,2,522,0
ID_5554,27,High School,9.0,115170.4,0,0.0,10593.19,1,0.371,44836.48,24,0.204,2,502,0
ID_5555,38,Master,0.2,110010.45,0,9155.54,3835.47,2,0.532,25974.48,36,0.083,0,582,0
ID_5556,35,High School,3.5,82906.48,1,7545.3,8087.38,1,0.489,16349.36,60,0.041,0,647,1
ID_5557,26,Master,8.0,70856.53,1,8745.14,0.0,1,0.6,28673.84,36,0.142,0,603,1
ID_5558,43,Bachelor,4.4,123910.82,0,3174.95,6206.77,0,0.16,1000.0,36,0.003,1,642,0
ID_5559,32,Bachelor,1.6,141340.05,0,35425.05,11287.38,1,0.037,30286.71,36,0.075,0,695,0
ID_5560,46,High School,2.5,50790.27,0,10991.53,6830.6,1,0.211,40603.98,36,0.28,2,542,0
ID_5561,26,High School,5.7,33365.7,0,8649.14,2971.64,1,0.306,55568.3,60,0.35,6,311,0
ID_5562,59,High School,11.1,47327.83,0,7709.65,1794.8,1,0.356,41643.63,48,0.231,2,552,1
ID_5563,28,High School,0.2,250000.0,0,45837.77,22069.98,0,0.067,1000.0,12,0.004,0,722,1
ID_5564,41,High School,0.4,24718.86,0,7943.51,2752.35,1,0.64,50052.01,12,2.126,6,300,0
ID_5565,48,Bachelor,2.0,42818.71,0,8068.26,4440.15,0,0.248,51405.09,12,1.261,4,337,0
ID_5566,32,Bachelor,1.3,26733.01,0,8370.89,2228.11,0,0.055,8428.56,36,0.11,1,610,0
ID_5567,49,Bachelor,1.5,57663.63,0,10096.55,1065.78,2,0.405,17788.83,36,0.108,1,557,0
ID_5568,24,Bachelor,1.3,29692.64,1,0.0,2253.97,0,0.367,50903.23,60,0.36,1,530,0
ID_5569,56,Bachelor,1.1,51309.16,1,12651.76,4415.7,1,0.062,26000.1,36,0.177,0,710,1
ID_5570,39,Bachelor,0.7,20433.94,1,8545.31,1691.06,4,0.124,14424.33,60,0.148,0,618,1
ID_5571,31,Bachelor,13.0,73777.59,1,3319.5,3610.14,0,0.62,11473.76,48,0.041,2,556,0
ID_5572,35,Bachelor,0.8,99824.87,1,9109.78,3666.05,0,0.386,72422.65,60,0.152,0,657,0
ID_5573,48,Master,1.1,44713.39,0,5621.36,4671.82,1,0.315,39174.59,24,0.46,1,538,1
ID_5574,31,High School,1.4,50636.86,0,6686.25,5840.35,0,0.454,19985.16,36,0.138,1,555,0
ID_5575,30,High School,12.0,49925.96,0,7326.62,3424.31,2,0.309,50715.22,24,0.533,3,433,1
ID_5576,36,Bachelor,7.0,59305.38,0,8029.19,5362.29,0,0.424,23375.82,36,0.138,1,584,0
ID_5577,24,High School,6.0,53152.22,0,13610.91,3910.05,2,0.166,46805.38,60,0.185,0,618,1
ID_5578,60,Master,0.6,79543.43,1,9899.36,5232.11,0,0.094,35462.18,36,0.156,0,730,1
ID_5579,32,Master,9.0,100360.06,0,23037.41,7362.55,2,0.074,18904.45,24,0.099,0,678,1
ID_5580,48,High School,2.6,36060.9,1,6231.12,4136.39,2,0.07,33969.42,24,0.495,1,592,0
ID_5581,41,High School,1.5,46413.04,0,8168.15,5984.89,1,0.242,34697.02,60,0.157,2,539,0
ID_5582,27,Bachelor,4.3,85034.28,1,0.0,7429.56,1,0.253,39414.82,36,0.162,1,587,0
ID_5583,38,Bachelor,8.6,26613.28,0,7675.55,3013.28,0,0.183,54311.47,36,0.714,3,454,0
ID_5584,48,High School,7.5,20224.28,0,3478.96,2590.53,0,0.206,64813.07,36,1.122,3,398,0
ID_5585,36,Bachelor,11.0,60667.17,1,13475.27,1228.74,0,0.266,32400.57,36,0.187,0,691,1
ID_5586,53,Bachelor,13.2,69436.87,0,14215.71,3834.09,1,0.225,1000.0,60,0.003,3,568,1
ID_5587,51,High School,1.4,37754.12,1,11711.63,4840.46,2,0.172,40779.75,36,0.378,1,600,1
ID_5588,50,High School,2.8,40565.55,0,10415.18,5666.36,1,0.068,20306.36,36,0.175,1,622,1
ID_5589,33,Bachelor,0.1,37045.56,0,8903.28,3470.45,1,0.059,1000.0,60,0.006,0,656,0
ID_5590,26,High School,8.0,35120.4,0,10780.36,3137.8,1,0.069,37432.51,36,0.373,1,578,0
ID_5591,31,Master,0.8,76630.31,1,19166.63,3775.42,2,0.176,32909.25,24,0.225,0,651,0
ID_5592,41,Bachelor,9.9,30023.95,1,0.0,1623.27,1,0.291,10500.25,36,0.122,1,596,0
ID_5593,45,Bachelor,2.0,47440.83,0,10741.94,4625.76,3,0.226,3653.36,48,0.02,0,626,0
ID_5594,18,Master,0.0,34452.33,1,0.0,0.0,0,0.455,50124.81,24,0.764,2,407,0
ID_5595,38,Master,0.2,26169.65,0,7053.77,3060.17,0,0.194,34110.83,24,0.684,0,569,0
ID_5596,40,Bachelor,2.0,83707.94,0,6453.97,2185.05,3,0.154,10762.35,12,0.135,1,569,0
ID_5597,35,High School,11.0,41776.42,0,9560.11,5237.68,1,0.073,36925.8,48,0.232,0,661,1
ID_5598,54,Bachelor,0.1,59529.07,1,15903.42,3959.47,0,0.31,17436.05,24,0.154,0,690,1
ID_5599,44,Bachelor,2.6,25487.98,0,3031.78,1437.28,3,0.342,34805.81,60,0.287,3,415,0
ID_5600,54,High School,0.2,37385.2,0,6710.33,2400.75,2,0.3,30653.42,36,0.287,2,502,0
ID_5601,36,Master,2.3,79066.45,0,18444.26,2016.48,0,0.226,1000.0,60,0.003,1,627,1
ID_5602,50,High School,0.9,197528.02,0,0.0,15511.96,2,0.391,26949.14,36,0.048,3,475,0
ID_5603,58,High School,1.5,20168.8,1,4591.26,709.64,1,0.478,22002.04,60,0.229,0,615,1
ID_5604,54,High School,10.5,48993.66,1,7035.01,2434.61,0,0.327,11674.17,60,0.05,0,711,1
ID_5605,25,Bachelor,2.9,66578.72,1,16882.24,7688.82,1,0.278,2247.6,24,0.018,1,629,1
ID_5606,35,Bachelor,1.6,39813.05,0,0.0,4420.45,3,0.021,21084.71,24,0.278,6,308,0
ID_5607,34,High School,4.4,82847.84,1,12740.83,2960.73,1,0.384,18650.73,36,0.079,1,615,1
ID_5608,44,High School,0.8,35123.78,0,9225.95,1371.85,2,0.37,36725.38,36,0.366,0,562,0
ID_5609,47,High School,1.5,58508.3,0,15342.22,4736.18,0,0.023,22387.11,36,0.134,0,696,1
ID_5610,28,Bachelor,4.0,41729.52,0,6356.74,2206.48,1,0.057,26594.51,24,0.335,2,526,0
ID_5611,39,High School,1.4,99679.52,1,7579.95,3429.59,0,0.249,30888.97,48,0.081,2,600,1
ID_5612,18,Master,0.0,38631.29,0,8853.31,3394.25,0,0.144,16649.58,24,0.226,1,569,0
ID_5613,56,High School,3.4,45436.14,0,0.0,4688.22,1,0.289,7065.6,24,0.082,2,533,0
ID_5614,32,PhD,7.4,86928.79,1,5535.38,9344.32,1,0.478,64841.86,48,0.196,1,589,0
ID_5615,39,High School,14.8,32402.17,1,3233.34,4513.42,1,0.373,23601.15,12,0.765,4,406,0
ID_5616,35,Bachelor,0.6,56071.06,0,16094.52,5109.27,3,0.052,21220.03,48,0.099,0,634,0
ID_5617,52,High School,2.0,21779.68,0,6538.36,3352.8,1,0.415,50442.5,24,1.216,4,300,0
ID_5618,18,High School,0.0,31446.2,1,5389.76,2428.15,0,0.136,58968.32,48,0.492,1,564,1
ID_5619,38,Master,0.8,65582.6,1,6124.8,5221.66,3,0.317,51022.61,48,0.204,2,522,0
ID_5620,37,Master,8.3,33012.82,1,2633.13,0.0,0,0.149,17973.97,36,0.191,1,627,1
ID_5621,33,Bachelor,7.1,41262.67,0,0.0,4765.8,1,0.07,31250.96,36,0.265,2,524,0
ID_5622,59,Bachelor,3.3,69323.78,0,0.0,2727.15,0,0.512,35521.72,24,0.269,0,588,0
ID_5623,28,Bachelor,3.9,40554.7,0,9908.41,1508.3,4,0.436,65263.01,60,0.338,3,382,0
ID_5624,48,Master,0.3,81750.0,0,14534.18,8765.18,0,0.085,32564.17,24,0.209,0,683,1
ID_5625,43,High School,4.1,60344.88,0,2888.34,0.0,1,0.206,33362.95,60,0.116,1,582,0
ID_5626,54,Bachelor,7.8,67362.35,0,18422.62,0.0,1,0.107,6763.86,48,0.026,0,698,1
ID_5627,30,Bachelor,4.3,100758.6,1,20479.11,0.0,0,0.347,2404.8,36,0.008,0,683,1
ID_5628,30,Bachelor,1.5,63570.93,0,11938.36,3994.97,1,0.154,49379.02,60,0.163,3,499,0
ID_5629,52,Master,5.5,116940.86,1,32334.98,2781.48,0,0.258,31224.73,36,0.093,0,732,1
ID_5630,44,High School,2.2,85445.25,1,0.0,3823.0,2,0.655,33051.06,24,0.203,1,518,0
ID_5631,20,High School,2.0,41700.72,1,10917.7,4618.91,3,0.068,44324.78,36,0.372,1,566,1
ID_5632,32,Bachelor,3.3,103422.11,1,0.0,2883.05,2,0.408,40341.51,36,0.137,2,508,0
ID_5633,43,Bachelor,2.4,61816.96,1,5656.93,4436.71,0,0.198,37992.26,36,0.215,1,636,1
ID_5634,49,High School,6.3,44474.01,0,8089.63,1226.9,0,0.206,36446.64,12,0.86,2,488,0
ID_5635,30,Bachelor,10.8,62267.37,0,9632.24,1792.61,0,0.264,27496.4,24,0.232,1,596,0
ID_5636,18,Master,0.0,94481.89,0,0.0,8329.11,1,0.221,28764.03,48,0.08,1,547,0
ID_5637,45,High School,13.6,68017.65,0,12126.97,6824.44,1,0.2,41488.76,36,0.213,2,584,0
ID_5638,24,Bachelor,3.6,134752.69,0,3823.1,9327.5,2,0.316,8108.72,60,0.013,0,613,0
ID_5639,18,Bachelor,0.0,93271.07,0,0.0,1057.01,1,0.452,6092.44,60,0.014,0,555,0
ID_5640,18,Bachelor,0.0,70374.06,1,11586.57,2715.5,3,0.198,26470.55,60,0.079,0,624,1
ID_5641,48,Master,3.1,32434.11,0,8874.51,3780.55,1,0.463,27684.39,36,0.299,0,585,0
ID_5642,40,Bachelor,9.0,49520.09,1,9084.15,2691.19,1,0.328,38040.28,36,0.269,1,608,1
ID_5643,36,Bachelor,1.0,56152.81,0,15197.9,6544.4,0,0.192,20998.61,36,0.131,1,612,1
ID_5644,55,Bachelor,0.9,76750.54,0,11669.47,0.0,0,0.152,10997.57,60,0.03,0,686,1
ID_5645,46,Bachelor,5.4,74508.35,0,0.0,5827.18,1,0.104,35831.63,60,0.101,0,649,1
ID_5646,58,Bachelor,10.2,58969.18,1,0.0,5167.88,1,0.201,49238.67,48,0.219,1,633,1
ID_5647,22,Master,4.0,57536.51,0,12789.82,3450.36,0,0.139,31570.7,48,0.144,0,649,1
ID_5648,38,Bachelor,5.2,77670.32,0,12988.39,2794.34,0,0.392,1000.0,60,0.003,1,608,0
ID_5649,19,High School,1.0,35267.14,0,7372.51,3540.46,0,0.552,29959.91,60,0.178,1,515,0
ID_5650,36,High School,2.0,126469.68,0,26613.41,11040.42,0,0.411,1000.0,60,0.002,1,618,1
ID_5651,36,High School,18.0,19465.84,0,8057.97,871.63,1,0.165,24260.55,60,0.262,1,599,0
ID_5652,46,High School,1.9,112162.58,1,6207.0,4797.8,0,0.394,1000.0,36,0.003,0,689,1
ID_5653,39,Master,6.8,52966.09,1,13025.9,3987.33,0,0.17,17257.69,36,0.114,1,665,0
ID_5654,46,Bachelor,3.8,89437.01,0,10143.22,6652.66,1,0.122,34198.93,36,0.134,0,673,1
ID_5655,47,Bachelor,4.7,64985.55,1,1498.05,1588.93,1,0.127,19862.25,36,0.107,1,638,1
ID_5656,64,Bachelor,2.5,64409.55,1,7087.82,7868.5,1,0.524,45677.13,60,0.149,0,656,1
ID_5657,35,Master,16.7,71476.73,0,10647.57,5978.1,1,0.225,28943.28,24,0.213,2,574,0
ID_5658,27,Bachelor,4.2,81188.36,0,15626.19,9151.5,1,0.216,4774.45,36,0.021,1,611,1
ID_5659,41,Master,13.9,45962.66,0,3940.09,5115.58,2,0.169,41212.04,36,0.314,0,628,0
ID_5660,29,Bachelor,0.0,90889.48,1,6513.65,2861.91,1,0.585,37406.21,60,0.086,1,560,0
ID_5661,56,Master,4.3,31500.69,0,5340.01,1422.23,1,0.133,47928.81,36,0.533,1,563,1
ID_5662,35,Bachelor,6.3,54032.16,0,16260.48,5601.03,4,0.72,37775.2,24,0.367,2,411,0
ID_5663,32,High School,6.8,82288.36,0,17473.85,6499.87,0,0.283,33458.0,36,0.142,1,614,1
ID_5664,33,Bachelor,11.8,89099.48,1,19643.96,2132.88,1,0.218,7126.85,36,0.028,0,713,1
ID_5665,47,Bachelor,0.0,68213.27,1,11597.09,6979.13,1,0.232,39637.43,60,0.122,0,683,1
ID_5666,37,High School,0.0,44502.64,0,9492.04,3471.64,2,0.015,22364.19,60,0.106,1,598,0
ID_5667,31,Bachelor,3.2,84825.7,0,23039.17,4037.01,0,0.278,39509.11,24,0.245,2,548,0
ID_5668,58,High School,0.1,38766.7,1,7415.0,3720.63,0,0.285,65142.47,12,1.764,3,355,0
ID_5669,28,High School,10.0,130053.94,0,0.0,11008.15,0,0.137,46721.63,48,0.094,1,616,1
ID_5670,39,Master,1.3,51930.66,0,16191.41,2206.32,2,0.78,30130.9,36,0.203,2,439,0
ID_5671,46,Bachelor,3.2,25089.06,0,8142.91,1643.29,1,0.44,26320.12,24,0.551,1,503,0
ID_5672,19,Master,0.3,29811.76,1,1966.31,1311.39,0,0.122,17481.03,60,0.123,3,509,0
ID_5673,44,Bachelor,3.7,55371.58,0,12790.18,6157.21,1,0.168,1000.0,60,0.004,0,675,1
ID_5674,26,Bachelor,2.4,58099.52,0,15598.68,5250.5,0,0.422,25836.27,48,0.117,0,615,0
ID_5675,48,Bachelor,0.2,145049.21,1,22573.37,7698.8,0,0.392,15751.91,12,0.114,1,650,1
ID_5676,27,Bachelor,2.0,32233.14,0,5314.63,2520.8,1,0.137,30794.26,24,0.502,0,574,1
ID_5677,47,PhD,2.5,55255.94,1,11482.67,4318.7,1,0.218,15707.32,36,0.099,0,688,1
ID_5678,52,High School,23.0,31897.7,0,6896.33,3497.55,2,0.208,28978.99,12,0.954,2,491,0
ID_5679,49,Master,1.2,42347.83,1,0.0,4777.75,1,0.388,47429.17,60,0.235,3,475,0
ID_5680,42,Master,3.9,125741.82,0,35236.3,8507.45,3,0.097,27820.7,12,0.232,1,607,1
ID_5681,36,Bachelor,18.0,30694.29,0,5086.5,3307.71,2,0.308,5449.04,24,0.093,1,588,0
ID_5682,32,Master,7.9,72658.18,1,20551.52,6827.73,0,0.516,10045.91,36,0.048,1,628,1
ID_5683,56,Bachelor,25.1,65936.91,0,15943.68,1205.16,2,0.19,37432.78,36,0.199,1,653,1
ID_5684,30,PhD,12.0,53525.54,0,10048.17,4981.83,2,0.215,38555.39,24,0.378,1,562,0
ID_5685,26,Bachelor,3.4,70243.17,0,14890.03,3384.42,3,0.429,9309.74,60,0.028,2,492,0
ID_5686,46,High School,6.0,30332.95,1,5191.55,1927.48,0,0.314,24482.96,60,0.169,1,623,1
ID_5687,29,Master,0.6,124015.43,1,21425.54,9039.85,2,0.406,41284.25,36,0.117,2,549,0
ID_5688,27,Bachelor,2.9,141835.43,0,0.0,12872.63,0,0.063,55973.81,24,0.207,2,552,0
ID_5689,21,Bachelor,3.0,55467.49,1,10246.29,0.0,1,0.363,28175.6,48,0.133,1,575,1
ID_5690,33,Bachelor,3.5,181961.98,0,9624.04,0.0,0,0.322,21417.09,60,0.025,0,651,0
ID_5691,38,High School,6.1,44377.42,1,5921.83,4781.53,2,0.146,18345.86,60,0.087,0,674,1
ID_5692,41,Bachelor,6.8,66185.45,1,8037.71,1569.19,0,0.04,27576.37,36,0.146,0,721,1
ID_5693,50,Master,1.5,110851.25,0,19385.82,10287.39,1,0.376,50003.3,24,0.237,0,635,0
ID_5694,45,High School,10.4,43066.37,0,0.0,3159.03,1,0.458,27605.69,60,0.135,0,593,0
ID_5695,36,High School,3.1,27152.53,0,0.0,2156.37,0,0.393,33999.96,36,0.438,2,455,0
ID_5696,36,High School,1.2,24200.81,0,0.0,4064.87,1,0.132,1000.0,36,0.014,0,617,0
ID_5697,45,Bachelor,10.0,151814.29,0,0.0,6628.46,1,0.349,53698.95,24,0.186,1,578,0
ID_5698,54,Bachelor,2.7,41584.7,0,1761.18,3135.94,1,0.326,49063.47,24,0.619,0,559,1
ID_5699,40,Bachelor,6.9,49371.65,0,5928.32,4064.45,0,0.158,19669.62,36,0.139,0,666,0
ID_5700,33,Master,4.0,31058.19,0,9998.69,2725.03,0,0.395,23121.73,24,0.391,0,583,0
ID_5701,27,Bachelor,2.4,87044.05,0,0.0,7181.62,0,0.159,46228.48,36,0.186,0,618,1
ID_5702,21,High School,3.0,36651.88,0,4596.12,998.03,2,0.202,78015.11,48,0.559,1,489,0
ID_5703,46,Master,4.4,42377.32,0,0.0,2664.32,0,0.074,1000.0,60,0.005,1,621,1
ID_5704,45,Bachelor,2.5,62928.86,1,5593.74,6232.93,0,0.549,15803.1,12,0.264,1,582,0
ID_5705,45,Bachelor,0.6,31824.03,1,5832.78,4805.33,0,0.591,17904.54,48,0.148,1,575,0
ID_5706,37,Bachelor,11.3,49548.58,1,10437.45,4469.01,1,0.243,43737.35,24,0.463,2,558,1
ID_5707,55,Master,0.2,109218.4,1,0.0,4235.64,0,0.375,31378.66,60,0.06,1,619,0
ID_5708,33,Bachelor,9.9,67112.61,1,16806.26,0.0,0,0.172,15777.46,48,0.062,0,713,1
ID_5709,50,Bachelor,2.2,57830.47,0,0.0,6206.9,0,0.309,1000.0,36,0.006,0,638,0
ID_5710,38,Bachelor,5.1,60320.81,0,8756.79,1874.15,1,0.606,43203.41,36,0.251,2,476,0
ID_5711,31,High School,12.8,44597.47,1,6676.43,1154.57,2,0.467,21395.46,36,0.168,2,529,0
ID_5712,46,Bachelor,0.8,146983.58,0,6009.79,14334.87,0,0.238,4157.94,36,0.01,0,683,1
ID_5713,43,Bachelor,4.2,36095.43,0,8854.8,2897.93,2,0.137,12720.41,60,0.074,1,597,0
ID_5714,43,High School,7.2,60202.13,0,14558.35,1436.25,0,0.251,17346.47,60,0.061,1,629,0
ID_5715,39,High School,7.1,57383.54,0,15876.17,1677.17,0,0.068,19600.09,12,0.359,2,571,1
ID_5716,38,High School,3.7,89713.92,0,7071.99,8090.0,0,0.187,6194.98,48,0.018,1,634,0
ID_5717,67,Bachelor,4.9,94050.48,1,20887.95,6762.88,2,0.415,6421.99,48,0.018,3,565,0
ID_5718,53,Master,7.1,53315.94,1,2951.59,0.0,1,0.485,67651.5,48,0.333,2,522,0
ID_5719,47,PhD,9.2,62650.9,1,0.0,7153.45,0,0.122,30931.09,60,0.104,2,615,1
ID_5720,40,High School,7.2,63848.44,0,9005.22,5489.93,0,0.264,17594.18,36,0.096,2,575,0
ID_5721,51,Bachelor,2.2,17394.84,0,2929.92,1373.64,1,0.262,31803.49,24,0.96,2,424,0
ID_5722,45,Master,27.0,24477.39,1,8236.59,1834.65,0,0.366,27890.02,36,0.399,1,641,0
ID_5723,39,High School,2.9,40033.35,1,7142.34,2452.86,0,0.24,8680.19,36,0.076,0,682,1
ID_5724,35,Bachelor,0.1,40912.9,0,3810.1,3519.03,2,0.649,1000.0,36,0.009,0,547,0
ID_5725,38,Bachelor,2.3,29743.29,0,5950.08,2641.67,0,0.054,15444.15,36,0.182,0,654,1
ID_5726,18,High School,0.0,78809.69,0,0.0,3269.86,1,0.575,21714.61,24,0.145,2,434,0
ID_5727,41,Master,0.6,54233.78,0,6808.65,3426.96,0,0.23,23027.97,36,0.149,1,596,0
ID_5728,33,Master,1.7,48661.95,0,0.0,4562.62,0,0.063,1000.0,60,0.004,1,605,1
ID_5729,58,High School,0.3,28909.41,1,9423.38,3047.17,2,0.213,69641.22,60,0.506,2,531,0
ID_5730,39,High School,5.8,52983.06,0,8537.69,1718.07,2,0.036,68248.89,24,0.676,2,497,0
ID_5731,24,High School,0.4,15000.0,1,5811.12,1612.61,1,0.095,33006.83,36,0.77,1,521,0
ID_5732,38,High School,1.1,49937.22,0,8972.5,0.0,1,0.354,25458.87,48,0.134,0,599,0
ID_5733,26,Bachelor,0.5,55915.22,0,0.0,4690.69,1,0.4,14833.22,36,0.093,2,474,0
ID_5734,44,Bachelor,0.3,61142.19,1,9127.32,0.0,0,0.059,35413.48,12,0.608,4,465,0
ID_5735,42,High School,1.6,24783.89,0,0.0,3178.73,1,0.489,22893.9,36,0.323,2,443,0
ID_5736,50,Master,4.2,60621.71,0,11198.91,990.91,1,0.339,47540.11,48,0.206,0,625,0
ID_5737,29,Bachelor,11.0,32185.92,1,3666.38,2273.36,2,0.56,41453.75,36,0.451,3,422,0
ID_5738,39,High School,10.4,36089.78,1,12104.13,2670.14,1,0.065,9689.67,36,0.094,1,670,1
ID_5739,22,High School,4.0,77572.3,0,5345.4,2651.86,2,0.033,12620.97,36,0.057,1,593,0
ID_5740,47,Bachelor,1.0,148309.54,0,38621.26,9046.31,0,0.216,42453.99,60,0.06,3,567,1
ID_5741,45,Bachelor,1.5,55585.6,0,4304.23,1090.12,0,0.253,37503.48,60,0.142,2,546,0
ID_5742,44,High School,0.4,36006.41,0,9424.74,2530.9,1,0.57,4961.94,36,0.048,2,497,0
ID_5743,39,High School,7.5,59535.93,0,8909.8,5374.11,0,0.176,16772.18,36,0.099,1,632,0
ID_5744,43,Master,0.4,86639.8,0,0.0,1896.43,1,0.36,22228.72,36,0.09,2,502,0
ID_5745,58,PhD,4.1,73902.27,0,2183.76,2308.16,1,0.433,24338.44,24,0.173,2,522,0
ID_5746,35,High School,1.4,213535.09,0,19333.16,7384.46,0,0.112,23706.09,36,0.039,1,657,1
ID_5747,40,Bachelor,1.4,37885.78,0,11591.07,2093.66,0,0.275,41186.31,24,0.571,0,584,1
ID_5748,25,Bachelor,7.0,61458.4,0,17115.23,2562.42,2,0.35,27623.93,24,0.236,3,455,0
ID_5749,28,Bachelor,7.1,117531.18,1,20933.45,4496.06,0,0.179,26453.52,24,0.118,0,713,1
ID_5750,40,Bachelor,9.1,113900.4,1,13860.38,1865.12,2,0.41,11378.19,24,0.052,2,576,1
ID_5751,52,Master,4.2,20434.11,1,0.0,2967.25,0,0.424,28016.0,36,0.48,2,500,0
ID_5752,35,Bachelor,10.2,54085.49,0,12192.8,1490.55,1,0.096,24483.02,24,0.238,0,655,0
ID_5753,36,Bachelor,5.2,113807.12,1,10129.5,10328.77,2,0.387,16362.55,36,0.05,1,616,1
ID_5754,34,Bachelor,14.6,229882.02,1,0.0,19315.06,2,0.424,4287.99,60,0.004,1,619,1
ID_5755,32,PhD,1.7,77025.97,0,15377.28,1994.64,2,0.157,47985.06,36,0.218,1,572,0
ID_5756,42,Bachelor,4.5,45074.34,0,9578.19,1634.98,2,0.171,57035.01,60,0.266,0,615,0
ID_5757,21,High School,3.0,32708.77,0,0.0,1569.67,1,0.203,29401.04,24,0.472,0,537,0
ID_5758,54,High School,2.5,164287.25,1,8389.89,0.0,1,0.365,50822.81,12,0.325,0,648,0
ID_5759,31,Bachelor,10.6,77992.72,0,15377.63,6289.93,1,0.656,29131.62,60,0.078,3,466,0
ID_5760,47,High School,19.5,35453.12,1,3595.66,2910.93,2,0.469,1000.0,60,0.006,2,579,0
ID_5761,23,Bachelor,3.4,48943.5,1,0.0,3839.79,2,0.568,30405.29,36,0.217,0,545,0
ID_5762,47,Master,2.5,63265.36,0,6664.7,3316.23,1,0.335,18888.91,36,0.104,2,539,1
ID_5763,47,Bachelor,3.2,71104.32,0,6010.43,6126.27,1,0.385,33565.25,36,0.165,1,575,0
ID_5764,43,PhD,9.6,34550.96,1,8358.33,2305.23,1,0.278,53274.24,36,0.54,4,447,0
ID_5765,27,High School,5.2,39851.08,0,5671.27,4591.31,2,0.626,15879.37,36,0.139,2,453,0
ID_5766,41,Master,0.2,23707.17,0,0.0,1196.01,0,0.433,31975.1,24,0.708,4,321,0
ID_5767,24,Bachelor,3.9,91115.31,0,12984.44,3601.48,0,0.313,40500.23,12,0.467,5,368,0
ID_5768,35,Bachelor,0.1,45669.72,0,0.0,5390.49,4,0.066,49375.35,12,1.135,3,317,0
ID_5769,51,Bachelor,7.5,68402.24,1,16372.92,0.0,1,0.378,42743.87,24,0.328,1,605,1
ID_5770,48,High School,2.0,110318.76,0,14518.7,8175.14,1,0.096,4931.11,24,0.023,0,696,1
ID_5771,39,Bachelor,3.2,60471.96,1,13112.0,3806.78,2,0.298,4910.08,12,0.085,1,612,0
ID_5772,27,Bachelor,8.0,51201.02,0,9726.73,5034.05,2,0.144,38768.69,12,0.795,3,418,0
ID_5773,46,High School,0.2,59692.44,1,10575.06,6185.63,0,0.158,18076.82,12,0.318,2,591,0
ID_5774,39,Bachelor,0.9,55915.49,0,0.0,3224.09,0,0.189,7290.57,36,0.046,0,631,0
ID_5775,18,Bachelor,0.0,101020.88,1,18862.06,4532.35,1,0.502,46390.17,12,0.482,1,528,0
ID_5776,48,High School,1.3,63285.99,0,10381.24,4305.49,1,0.75,18345.91,60,0.061,0,577,0
ID_5777,38,High School,2.1,41266.22,0,5460.13,4644.57,0,0.209,54346.66,36,0.461,0,603,0
ID_5778,53,Bachelor,31.5,91484.47,0,5158.64,6656.75,2,0.135,17071.44,60,0.039,0,737,1
ID_5779,25,Bachelor,7.0,100231.94,1,21212.83,10824.97,1,0.341,11557.37,36,0.04,0,682,1
ID_5780,18,Master,0.0,27745.66,0,9333.91,2622.88,1,0.058,23841.64,24,0.451,4,401,0
ID_5781,42,Master,13.8,116586.87,1,8913.66,0.0,4,0.282,38648.84,60,0.07,1,611,1
ID_5782,42,Bachelor,2.1,65013.87,0,17153.21,2525.56,1,0.76,30272.75,24,0.244,2,462,0
ID_5783,18,Bachelor,0.0,62419.62,0,9704.66,2824.71,0,0.254,59050.22,12,0.993,0,512,0
ID_5784,27,Bachelor,1.3,89618.08,0,13939.58,6481.35,0,0.4,28087.08,24,0.165,0,617,1
ID_5785,72,Bachelor,8.9,40803.04,1,898.94,3563.96,0,0.471,21822.53,36,0.187,3,536,0
ID_5786,35,High School,5.7,87297.95,1,9771.37,2898.09,3,0.365,52164.79,36,0.209,2,529,0
ID_5787,47,Bachelor,1.3,44873.93,1,0.0,5500.62,0,0.162,35713.53,24,0.418,1,591,1
ID_5788,31,Bachelor,2.4,25913.64,0,2550.93,3561.8,0,0.063,17555.56,36,0.237,0,629,0
ID_5789,18,High School,0.0,32896.51,0,5675.98,2914.46,1,0.365,29294.96,60,0.187,0,563,1
ID_5790,36,Bachelor,3.8,71934.48,0,22002.39,3060.94,0,0.583,28926.97,48,0.106,0,612,0
ID_5791,35,Master,11.0,33767.9,0,7273.16,0.0,1,0.073,21302.22,12,0.662,2,502,0
ID_5792,34,Bachelor,2.4,121180.7,1,17548.59,7279.0,0,0.623,28283.49,36,0.082,1,602,0
ID_5793,37,Bachelor,12.0,98188.24,0,16560.46,8426.22,0,0.386,1822.98,36,0.006,2,592,1
ID_5794,42,Master,2.9,105526.73,1,5600.93,2182.78,4,0.415,18591.75,24,0.092,0,607,1
ID_5795,37,Bachelor,6.9,57664.05,0,15299.39,5707.79,0,0.038,32762.63,36,0.199,1,643,0
ID_5796,23,High School,5.0,61631.65,0,0.0,4803.07,1,0.385,15491.54,36,0.088,1,531,0
ID_5797,44,High School,11.9,29826.25,0,9063.4,3341.43,2,0.192,8952.27,12,0.315,0,625,1
ID_5798,18,Bachelor,0.0,89133.61,0,4747.16,5394.69,0,0.49,24268.42,36,0.095,1,539,0
ID_5799,18,Bachelor,0.0,65507.29,0,6549.35,6322.9,0,0.58,16491.05,60,0.053,0,576,0
ID_5800,47,High School,3.2,71944.68,0,4628.13,2722.05,1,0.434,1202.39,36,0.006,0,625,1
ID_5801,45,High School,2.8,126014.96,1,17092.3,3428.25,1,0.407,1651.75,60,0.003,1,640,1
ID_5802,38,Master,5.1,40015.35,1,7302.68,5028.65,0,0.231,32345.44,36,0.283,1,621,0
ID_5803,22,Bachelor,4.0,50864.94,0,10501.35,2975.66,1,0.245,26630.21,48,0.137,2,524,0
ID_5804,30,PhD,0.6,63788.96,0,10379.52,8223.75,2,0.3,30652.56,60,0.101,1,560,0
ID_5805,35,Bachelor,3.0,33937.72,0,5349.43,1786.09,0,0.1,19624.37,36,0.202,0,641,1
ID_5806,19,Master,1.0,49325.7,0,12942.7,3258.28,0,0.116,1000.0,24,0.011,3,520,1
ID_5807,30,High School,11.2,69319.04,0,6761.14,2757.53,0,0.344,9265.63,24,0.07,4,469,0
ID_5808,46,Bachelor,16.7,46041.08,1,13071.89,5551.02,1,0.158,19205.11,60,0.088,0,733,1
ID_5809,56,High School,3.3,104244.53,0,13474.85,11684.47,2,0.11,32849.62,36,0.11,1,637,0
ID_5810,33,Bachelor,0.5,25451.7,1,6139.62,1050.61,2,0.259,1000.0,36,0.014,1,588,1
ID_5811,48,Bachelor,7.7,94976.58,0,1555.08,4185.17,0,0.452,1000.0,36,0.004,0,645,0
ID_5812,18,High School,0.0,75402.28,1,20692.66,7398.3,2,0.341,51080.51,36,0.237,0,611,1
ID_5813,46,Master,2.2,40765.27,0,7870.95,3963.37,2,0.184,35761.85,36,0.307,2,518,0
ID_5814,29,Master,10.9,34125.35,0,4156.3,3733.84,1,0.185,9230.53,36,0.095,0,640,0
ID_5815,42,High School,18.6,19146.18,0,2698.44,1805.05,1,0.36,20775.87,60,0.228,3,483,0
ID_5816,36,Bachelor,4.1,36403.22,0,9553.2,416.8,2,0.266,17417.9,24,0.251,0,588,0
ID_5817,54,Bachelor,4.2,91453.72,1,0.0,6087.52,2,0.232,30213.94,48,0.087,1,616,1
ID_5818,28,Bachelor,1.8,52678.21,1,0.0,5030.36,2,0.498,15866.6,36,0.105,3,438,0
ID_5819,46,Master,4.4,96905.39,0,0.0,4183.33,0,0.451,4325.19,12,0.047,1,573,0
ID_5820,35,High School,2.9,39738.05,0,10306.63,4678.36,1,0.188,33807.63,24,0.447,0,598,0
ID_5821,37,Master,1.8,77153.57,0,23096.66,7815.66,2,0.525,57659.13,48,0.196,1,538,0
ID_5822,36,High School,0.3,37844.87,1,5294.05,3561.03,0,0.526,34536.19,24,0.479,1,533,0
ID_5823,28,Bachelor,1.5,33430.12,0,7408.18,2178.44,0,0.591,26351.34,36,0.276,2,461,1
ID_5824,38,Bachelor,1.1,51350.83,0,6620.5,1843.75,1,0.263,21143.31,12,0.432,0,581,0
ID_5825,38,High School,3.9,38852.07,0,4552.34,3623.47,0,0.522,10802.6,24,0.146,1,549,0
ID_5826,41,High School,4.6,25048.99,0,10397.81,988.33,0,0.279,17663.87,60,0.148,1,589,0
ID_5827,40,Master,4.7,49456.2,0,5406.39,5327.71,0,0.25,32062.14,36,0.227,1,591,0
ID_5828,48,Bachelor,2.5,57137.6,1,15912.78,1850.8,0,0.567,46370.18,60,0.17,2,554,0
ID_5829,50,High School,2.7,102148.13,1,22354.66,9426.75,3,0.14,47174.08,36,0.162,3,552,0
ID_5830,26,Bachelor,8.0,86543.53,0,10038.4,3771.3,2,0.287,28066.68,36,0.114,0,618,1
ID_5831,49,High School,3.2,99705.05,0,5833.17,6501.74,0,0.135,28362.34,36,0.1,0,687,1
ID_5832,24,High School,6.0,77666.46,1,4773.57,1818.38,0,0.461,25939.9,36,0.117,0,636,1
ID_5833,46,Bachelor,2.9,63978.76,0,7961.63,2491.95,0,0.344,35278.2,60,0.116,0,642,1
ID_5834,46,High School,5.2,29305.41,1,4470.58,3294.86,0,0.469,25865.68,36,0.309,0,626,1
ID_5835,18,Master,0.0,58392.11,0,8575.18,4575.3,0,0.627,26160.44,36,0.157,2,466,0
ID_5836,40,Bachelor,5.3,73013.3,1,13110.75,5942.22,2,0.131,9515.9,36,0.046,0,698,1
ID_5837,33,Master,9.5,112276.4,0,26116.0,1964.83,2,0.278,9087.63,36,0.028,0,654,1
ID_5838,29,Bachelor,11.0,76354.65,0,12143.05,1856.93,2,0.314,12559.41,36,0.058,1,584,0
ID_5839,55,Master,29.6,100729.27,1,6308.55,0.0,2,0.104,29318.61,48,0.076,1,716,1
ID_5840,31,Bachelor,1.7,32338.09,0,9964.82,3033.89,1,0.218,19484.8,48,0.158,0,615,1
ID_5841,29,Bachelor,4.3,46018.15,0,4523.61,3026.26,1,0.152,71482.81,60,0.326,2,514,0
ID_5842,39,PhD,3.0,67149.41,0,0.0,2455.65,3,0.542,31982.74,60,0.1,1,488,0
ID_5843,47,Bachelor,4.1,96807.17,0,21159.23,2843.35,1,0.46,53274.54,24,0.289,0,611,1
ID_5844,37,High School,0.9,50381.82,0,15627.26,0.0,1,0.199,51725.42,36,0.359,0,601,0
ID_5845,52,Bachelor,9.7,51988.46,0,16395.93,2180.63,1,0.225,32644.06,60,0.132,1,627,1
ID_5846,45,Master,12.0,76387.18,0,4970.01,5711.81,0,0.15,24264.9,60,0.067,1,655,0
ID_5847,18,Bachelor,0.0,30855.32,0,6673.27,4770.32,3,0.486,8818.14,24,0.15,1,478,0
ID_5848,32,Bachelor,1.6,121018.93,1,7144.81,3636.62,0,0.237,14166.44,60,0.025,3,558,0
ID_5849,32,Bachelor,0.8,34906.63,0,10043.17,2923.4,1,0.355,40126.64,24,0.604,4,361,0
ID_5850,44,PhD,5.8,20758.38,0,6207.54,3011.83,0,0.43,29853.68,36,0.503,1,527,0
ID_5851,18,High School,0.0,54449.75,0,7503.37,6071.59,2,0.494,13435.9,36,0.086,2,464,0
ID_5852,69,Bachelor,12.0,126655.91,1,29768.4,10541.93,3,0.2,21266.42,60,0.035,0,747,1
ID_5853,45,High School,5.6,72636.77,1,20138.47,7830.28,0,0.258,30930.11,60,0.089,1,673,1
ID_5854,40,Bachelor,5.2,78869.14,0,15148.09,6431.97,2,0.171,25446.55,60,0.068,2,568,1
ID_5855,53,Bachelor,4.1,55309.11,0,4731.85,6303.84,0,0.3,20712.95,48,0.098,1,614,1
ID_5856,67,High School,0.2,50202.06,1,9772.51,3579.02,0,0.328,24013.74,36,0.167,1,648,1
ID_5857,49,High School,13.4,25022.87,1,5581.95,0.0,0,0.254,1000.0,24,0.021,1,663,1
ID_5858,50,Bachelor,4.9,17506.14,1,6930.9,2117.76,0,0.231,25327.73,24,0.76,2,519,0
ID_5859,40,High School,22.0,59762.65,1,5468.17,5935.63,1,0.123,5950.89,12,0.105,0,736,1
ID_5860,37,High School,3.9,104430.24,0,10300.38,2568.63,1,0.244,31542.56,60,0.063,0,650,1
ID_5861,33,Master,6.2,64348.37,0,0.0,5760.99,0,0.228,27411.31,36,0.149,1,579,0
ID_5862,29,High School,0.3,73998.47,1,14257.32,3186.01,0,0.024,38471.31,60,0.109,0,709,1
ID_5863,30,Bachelor,5.0,119594.1,0,25415.1,4289.54,0,0.411,38647.35,48,0.085,0,647,1
ID_5864,22,Master,4.0,63855.85,0,7020.15,5280.08,0,0.063,55953.63,60,0.184,0,652,1
ID_5865,38,High School,7.5,50953.69,1,8697.77,3178.65,0,0.475,1000.0,60,0.004,1,627,0
ID_5866,18,Bachelor,0.0,35980.69,0,13221.43,2435.16,0,0.37,22730.95,36,0.221,4,403,0
ID_5867,41,Bachelor,1.3,148911.33,0,15864.55,5440.95,1,0.478,1000.0,24,0.004,0,634,1
ID_5868,38,Bachelor,18.5,70493.37,0,14127.69,7046.06,2,0.483,33832.54,24,0.252,1,573,0
ID_5869,40,Master,22.0,33799.43,0,6264.82,3716.33,0,0.179,21993.46,36,0.228,0,685,1
ID_5870,32,Master,0.4,30164.35,0,1649.7,1976.33,2,0.077,16526.3,12,0.575,5,323,0
ID_5871,75,Bachelor,13.8,101369.94,1,22444.33,5154.41,1,0.366,29806.33,36,0.103,2,655,0
ID_5872,55,High School,1.7,32250.19,1,10117.81,914.56,1,0.477,6048.6,36,0.066,2,556,0
ID_5873,24,High School,5.8,136887.83,1,0.0,13496.08,2,0.215,58261.27,24,0.223,1,580,0
ID_5874,41,Bachelor,2.1,15000.0,0,2040.89,1838.86,0,0.257,20600.5,60,0.288,1,549,0
ID_5875,31,High School,13.0,110337.33,1,10290.94,7162.68,3,0.28,26377.6,60,0.05,0,673,1
ID_5876,26,Bachelor,0.5,69109.49,1,19346.92,6595.36,0,0.151,22686.53,24,0.172,0,686,1
ID_5877,22,Bachelor,3.4,57486.03,0,7482.44,5632.9,1,0.07,41603.38,24,0.38,2,521,0
ID_5878,44,High School,2.8,49626.03,0,13671.4,3346.53,0,0.423,3360.32,24,0.036,0,642,0
ID_5879,30,Master,2.0,139436.55,1,12243.59,6014.12,0,0.257,39907.76,36,0.1,0,691,1
ID_5880,50,High School,5.2,77151.74,1,22331.24,3552.44,0,0.245,15665.84,60,0.043,0,728,1
ID_5881,50,Bachelor,0.7,34489.09,0,10162.61,2513.14,2,0.342,15823.0,36,0.161,1,556,0
ID_5882,55,Bachelor,6.3,22937.88,1,5403.67,2412.21,0,0.231,40829.07,36,0.623,2,546,0
ID_5883,28,Bachelor,10.0,59198.33,0,0.0,2666.67,1,0.022,20172.35,24,0.179,0,635,1
ID_5884,44,Bachelor,8.2,54147.36,0,4645.27,2013.9,3,0.475,36048.07,36,0.233,1,520,0
ID_5885,46,High School,9.8,25338.14,1,2464.86,0.0,1,0.098,36384.17,24,0.754,2,518,0
ID_5886,33,Bachelor,2.2,52696.44,1,9120.74,4503.95,0,0.749,18715.55,48,0.093,3,469,0
ID_5887,29,Bachelor,2.0,40661.33,1,7246.77,4436.79,3,0.568,29192.92,24,0.377,2,450,0
ID_5888,58,Master,3.6,54428.6,1,0.0,6651.55,2,0.189,16289.87,12,0.314,2,547,0
ID_5889,41,Bachelor,0.2,77882.91,0,15943.17,7284.37,3,0.205,24647.82,36,0.111,0,622,1
ID_5890,46,Bachelor,14.5,114268.36,1,6877.31,11026.43,0,0.203,33526.34,24,0.154,2,647,1
ID_5891,29,Bachelor,0.8,85343.92,0,2114.36,0.0,1,0.129,7778.43,36,0.032,0,626,1
ID_5892,24,Master,6.0,37770.35,0,9932.57,2609.9,0,0.287,32925.28,48,0.229,0,614,0
ID_5893,32,High School,0.4,65150.65,1,10548.25,4334.47,2,0.196,30717.94,60,0.099,1,609,1
ID_5894,37,Bachelor,8.6,55913.08,1,11986.61,817.24,3,0.387,1000.0,60,0.004,2,551,1
ID_5895,26,Bachelor,0.8,27831.83,0,5723.74,3639.34,0,0.05,11570.6,36,0.146,0,641,0
ID_5896,38,Bachelor,0.2,66112.72,0,17028.17,1971.17,0,0.267,12553.34,36,0.066,0,652,1
ID_5897,18,High School,0.0,137082.22,1,17643.72,10734.32,0,0.049,17001.01,24,0.065,1,669,0
ID_5898,25,Bachelor,1.6,55061.9,0,3990.86,1744.27,1,0.383,7793.96,48,0.037,1,546,0
ID_5899,47,High School,6.3,24413.92,0,6433.73,1823.88,0,0.368,41904.87,36,0.601,3,439,0
ID_5900,46,Bachelor,4.0,55002.52,1,0.0,5372.86,1,0.207,44089.65,36,0.281,1,594,0
ID_5901,34,Bachelor,0.6,29529.47,1,5554.81,444.84,0,0.641,10818.21,36,0.128,3,456,0
ID_5902,26,Master,8.0,83433.3,1,17164.94,5649.8,2,0.184,4224.94,36,0.018,1,643,0
ID_5903,26,Bachelor,3.0,70434.08,0,7471.88,0.0,1,0.325,24759.9,60,0.074,0,603,1
ID_5904,34,High School,6.6,49739.02,1,6946.14,2364.47,1,0.13,48943.4,24,0.517,1,591,0
ID_5905,46,High School,3.5,45909.06,0,10390.94,3507.56,0,0.46,63775.6,36,0.486,1,537,0
ID_5906,50,Master,4.6,48721.85,0,4221.56,3724.39,0,0.205,12857.58,36,0.092,1,621,0
ID_5907,33,High School,1.8,54400.97,0,7865.6,1425.16,1,0.297,1000.0,24,0.01,1,579,1
ID_5908,25,Bachelor,1.1,36823.17,1,5127.49,4313.27,1,0.296,1000.0,24,0.014,2,553,0
ID_5909,42,High School,3.9,27068.43,0,0.0,2672.83,3,0.261,1000.0,36,0.013,2,491,0
ID_5910,29,Bachelor,2.9,95735.98,0,17337.32,3892.12,0,0.322,32503.11,36,0.119,0,641,0
ID_5911,32,Bachelor,2.5,44680.82,1,0.0,2192.99,1,0.265,26755.5,36,0.21,2,521,0
ID_5912,54,Bachelor,5.6,58895.59,1,19396.93,6214.14,0,0.525,28909.43,48,0.129,2,589,0
ID_5913,48,Bachelor,5.9,62482.45,1,12223.12,0.0,2,0.119,45266.75,12,0.761,1,565,0
ID_5914,40,Master,0.2,63640.81,1,11103.26,2265.21,0,0.114,54320.9,36,0.299,1,634,1
ID_5915,23,Bachelor,2.1,30124.41,0,0.0,1542.8,0,0.325,40173.2,36,0.467,2,443,0
ID_5916,41,Bachelor,2.7,23437.2,0,0.0,0.0,1,0.246,38233.48,36,0.571,3,397,0
ID_5917,51,Master,0.5,40362.39,1,11763.3,1843.16,2,0.333,1000.0,24,0.013,1,613,0
ID_5918,34,Master,1.3,66029.43,0,9695.99,3052.78,0,0.075,15845.3,24,0.126,2,576,0
ID_5919,55,High School,0.3,37647.62,1,5603.02,4667.81,0,0.238,49926.79,12,1.392,3,402,0
ID_5920,54,PhD,27.9,45366.96,1,0.0,5203.16,2,0.418,15106.11,36,0.117,2,589,1
ID_5921,58,High School,6.7,156944.69,1,28859.83,14199.33,1,0.205,44899.98,48,0.075,0,749,1
ID_5922,42,Bachelor,0.5,21531.84,0,6652.49,1848.46,2,0.27,27220.85,36,0.442,3,422,0
ID_5923,46,Master,0.1,37141.23,1,6631.89,750.37,0,0.216,39097.35,48,0.276,1,612,1
ID_5924,55,High School,6.4,139846.69,1,30696.76,3108.75,2,0.44,9306.89,24,0.035,1,645,1
ID_5925,44,High School,2.9,52981.64,1,6644.48,4634.06,0,0.279,38736.41,36,0.256,1,621,1
ID_5926,32,High School,7.7,38063.36,1,9485.45,2818.53,2,0.073,13489.41,12,0.372,0,648,1
ID_5927,33,Bachelor,12.9,97186.24,0,7071.19,2300.16,0,0.254,29149.82,60,0.063,0,675,1
ID_5928,41,Bachelor,4.6,55693.3,0,0.0,2048.84,2,0.222,24476.25,24,0.231,0,583,0
ID_5929,23,Bachelor,1.0,45517.21,0,11558.92,5720.46,1,0.352,46456.69,60,0.214,4,406,0
ID_5930,37,Master,7.6,59646.13,0,6447.71,4908.85,1,0.272,39977.31,12,0.704,3,433,0
ID_5931,52,Bachelor,15.6,38985.52,0,7302.52,2095.09,0,0.184,1000.0,36,0.009,1,665,1
ID_5932,18,High School,0.0,32573.5,1,6966.69,4086.83,1,0.384,10412.8,60,0.067,1,569,0
ID_5933,57,Master,5.7,51184.99,1,7139.84,4944.35,1,0.212,13553.94,36,0.093,0,704,1
ID_5934,52,High School,2.1,32679.44,0,6547.61,2689.11,1,0.082,37451.31,36,0.401,1,582,0
ID_5935,33,High School,2.4,54466.8,0,15554.2,2831.9,1,0.419,16083.5,24,0.155,1,556,0
ID_5936,45,High School,6.6,64679.74,0,13189.93,7157.18,0,0.217,5391.43,36,0.029,2,601,1
ID_5937,39,Bachelor,13.1,82994.55,1,19920.41,4856.17,0,0.127,1000.0,36,0.004,0,758,1
ID_5938,53,High School,5.0,95221.64,1,20950.24,9201.42,2,0.153,38092.36,36,0.14,2,620,0
ID_5939,50,High School,7.8,44228.81,0,7260.83,467.54,2,0.105,1000.0,24,0.012,0,666,1
ID_5940,22,High School,0.9,69543.47,0,8020.68,3684.55,0,0.232,43992.47,24,0.332,2,512,0
ID_5941,46,High School,1.2,69304.26,1,13405.21,3406.81,1,0.072,1835.59,60,0.006,0,720,1
ID_5942,36,Bachelor,3.8,63825.58,1,13376.73,5068.75,0,0.05,16941.08,60,0.056,1,683,0
ID_5943,39,Master,1.0,42628.16,0,3106.9,5006.6,2,0.507,3966.94,60,0.02,1,529,0
ID_5944,30,Bachelor,5.0,32401.7,0,0.0,2371.6,0,0.182,8455.18,36,0.091,2,528,0
ID_5945,59,High School,1.7,69633.49,1,0.0,1543.34,4,0.233,20978.51,60,0.063,1,578,0
ID_5946,51,High School,7.8,23076.47,1,5873.33,1992.63,1,0.476,22538.87,24,0.513,2,506,0
ID_5947,30,PhD,8.3,47385.91,0,9455.04,5819.43,0,0.097,1000.0,36,0.007,1,644,1
ID_5948,22,High School,3.1,15111.09,0,7737.72,1689.53,2,0.279,17703.34,24,0.615,2,425,0
ID_5949,34,Master,1.0,27772.42,0,10095.49,2237.65,1,0.371,26858.2,36,0.338,0,569,0
ID_5950,44,High School,5.2,34941.59,1,11502.04,4684.17,1,0.39,33423.13,24,0.502,2,522,0
ID_5951,41,Master,23.0,93747.67,1,0.0,0.0,0,0.293,1000.0,12,0.011,1,665,1
ID_5952,54,High School,4.9,76424.15,1,9060.46,2253.09,0,0.313,16380.89,12,0.225,3,552,0
ID_5953,48,Bachelor,0.2,41069.98,0,5064.88,0.0,2,0.034,1000.0,36,0.009,0,648,1
ID_5954,50,Bachelor,0.1,78017.22,0,16277.71,4540.38,1,0.447,15851.77,60,0.043,0,632,1
ID_5955,42,Bachelor,1.9,84441.26,1,8862.72,7747.08,0,0.247,17251.67,36,0.072,0,700,1
ID_5956,22,High School,1.1,49994.46,0,0.0,3167.29,0,0.332,36324.57,36,0.254,1,518,0
ID_5957,36,Bachelor,8.4,27114.15,0,4871.3,4230.04,1,0.107,42521.66,60,0.329,0,625,1
ID_5958,51,Bachelor,9.3,48827.25,0,8532.29,5026.57,0,0.212,6607.78,36,0.047,0,693,1
ID_5959,38,High School,1.5,51588.49,0,0.0,5009.49,0,0.231,30296.72,36,0.206,1,562,0
ID_5960,45,High School,2.0,29254.04,1,7040.29,0.0,0,0.199,36790.2,36,0.44,1,592,0
ID_5961,35,Bachelor,1.3,65089.82,0,6680.98,6763.13,1,0.101,11553.11,24,0.093,0,652,1
ID_5962,26,High School,8.0,62311.79,0,10169.25,3807.36,0,0.204,38914.1,36,0.219,1,599,0
ID_5963,37,Bachelor,3.5,67678.33,1,19378.71,6445.85,0,0.196,27447.41,48,0.106,3,572,0
ID_5964,42,High School,5.3,62284.11,0,16103.84,1630.54,0,0.137,20077.78,12,0.338,1,609,1
ID_5965,31,Bachelor,2.7,78035.69,0,0.0,8786.15,1,0.23,27551.72,12,0.371,4,396,0
ID_5966,36,High School,5.0,49530.11,1,8125.2,4349.72,1,0.204,1000.0,36,0.007,0,689,0
ID_5967,27,Bachelor,2.4,59927.61,0,18175.2,7435.1,2,0.577,27528.35,60,0.096,0,570,0
ID_5968,52,High School,2.1,44406.0,0,3326.77,3083.7,1,0.406,9775.54,36,0.077,1,569,1
ID_5969,35,High School,5.0,40447.11,1,5485.68,2848.77,1,0.2,25518.91,36,0.221,2,564,1
ID_5970,56,High School,4.5,105780.85,1,7757.36,2409.39,1,0.082,17695.24,60,0.035,0,733,1
ID_5971,57,PhD,1.7,19498.95,0,6303.99,1047.36,1,0.192,30191.06,12,1.626,5,300,0
ID_5972,38,High School,0.8,83983.87,1,10095.56,3961.53,0,0.414,46453.65,24,0.29,3,504,0
ID_5973,26,Bachelor,2.3,39724.74,0,3563.74,5005.97,0,0.246,27288.5,36,0.24,0,605,0
ID_5974,18,High School,0.0,37234.12,1,7045.85,0.0,0,0.381,43008.14,24,0.606,1,510,0
ID_5975,21,High School,3.0,61746.26,1,2203.38,2840.66,1,0.162,6587.41,24,0.056,1,608,1
ID_5976,22,Bachelor,4.0,25724.4,1,0.0,3751.03,2,0.142,50806.24,60,0.415,4,398,0
ID_5977,55,Bachelor,0.2,36025.72,0,6868.11,3820.91,0,0.17,6770.84,24,0.099,0,667,1
ID_5978,40,PhD,1.4,35434.11,0,6678.34,4667.39,1,0.346,2438.11,36,0.024,1,575,0
ID_5979,43,Master,1.1,48499.12,0,2314.66,6397.37,1,0.127,20053.06,36,0.145,3,501,0
ID_5980,18,Bachelor,0.0,36240.45,0,10658.18,4325.17,1,0.447,16999.72,24,0.246,1,509,0
ID_5981,24,Bachelor,2.8,120639.17,0,13712.12,3998.37,0,0.563,1000.0,36,0.003,0,613,0
ID_5982,49,Bachelor,6.5,133053.72,1,18916.07,14780.5,0,0.232,4698.81,36,0.012,0,749,1
ID_5983,42,Bachelor,1.4,19712.4,1,0.0,1607.4,0,0.417,1000.0,36,0.018,0,625,1
ID_5984,37,Master,4.5,71122.67,1,0.0,6449.41,2,0.327,1000.0,24,0.007,3,499,1
ID_5985,45,Bachelor,10.8,83227.39,1,3493.52,8868.87,0,0.178,13122.88,12,0.166,0,716,1
ID_5986,58,Bachelor,12.1,71075.12,1,7791.11,2037.9,1,0.316,51817.26,36,0.255,1,642,1
ID_5987,36,High School,15.9,38985.43,1,0.0,0.0,2,0.533,37834.72,12,1.019,1,443,0
ID_5988,39,High School,7.4,47951.83,1,8918.86,2814.08,1,0.377,30823.0,24,0.337,1,587,1
ID_5989,41,Master,11.8,37266.97,0,0.0,1154.27,1,0.455,63975.18,60,0.361,5,334,0
ID_5990,67,High School,1.3,43908.71,1,0.0,1640.02,0,0.282,1000.0,12,0.024,1,638,1
ID_5991,18,Bachelor,0.0,29584.84,0,9565.75,4098.06,1,0.122,23781.41,36,0.281,1,550,0
ID_5992,47,High School,0.0,51154.49,0,15566.95,1606.97,1,0.188,61637.96,24,0.633,1,540,0
ID_5993,37,Master,6.1,25555.28,0,2977.87,3190.2,1,0.331,15867.82,60,0.13,1,559,0
ID_5994,45,High School,13.9,49017.5,0,6119.76,4223.01,1,0.605,10099.96,36,0.072,1,571,1
ID_5995,31,Master,1.0,29019.09,0,7570.06,2004.43,1,0.407,39712.09,36,0.479,0,540,0
ID_5996,38,High School,5.1,60078.55,1,9006.97,6452.49,3,0.272,14979.06,36,0.087,0,648,1
ID_5997,47,Master,6.9,38572.32,0,7451.1,3113.05,2,0.215,47667.4,36,0.433,0,598,0
ID_5998,75,Bachelor,13.1,62648.2,0,7947.44,3688.17,1,0.326,39966.84,60,0.134,0,689,1
ID_5999,48,High School,5.2,93040.52,0,23466.38,3139.76,1,0.219,21571.17,12,0.243,1,613,1
ID_6000,28,Bachelor,10.0,119937.19,0,16551.57,8450.14,1,0.242,42650.31,12,0.373,3,496,0
